id,latitude,longitude,price_gbp,bedrooms,property_type,city,postcode,epc_rating,date_listed
b10b292c-3bb2-4024-b898-61b10aa296a7,51.490299,-2.603892,626133,3,flat,Bristol,BS28 0AC,C,2024-11-19
893ac722-f27b-4e61-9367-d5db6db803f7,51.438228,-2.58009,460129,1,detached,Bristol,BS19 1HD,D,2025-03-05
f6a75c1f-1f63-405c-bd43-df65e2faf551,53.514598,-1.471731,213362,1,flat,Sheffield,S21 0HB,F,2025-05-17
970ace84-88da-4b3a-adc0-01f3a93536c6,51.538277,-0.161279,455203,2,flat,London,CR24 3ES,D,2024-10-16
924a131d-1df3-41ac-aa5c-47d44787b536,55.925546,-3.27544,641627,3,terraced,Edinburgh,EH35 4XL,C,2024-12-20
23cc8cf6-4ff1-4c1c-8d7e-d5cc89a8014d,51.473948,-0.448069,509295,1,flat,London,E21 7AD,F,2025-05-02
a5a58a1f-7507-48a8-9238-58e4b4440c5f,53.519249,-2.995932,295510,4,bungalow,Liverpool,L35 3ZK,D,2025-07-03
3838bbba-3299-41bf-ad87-c42c39331192,51.571745,0.30003,513551,2,flat,London,N22 1SH,C,2025-01-03
c76e61b7-be47-48fb-a494-2678363fdb9c,52.590918,-2.015036,474266,2,detached,Birmingham,B26 5DH,C,2025-04-13
0785a7b1-61ae-4cac-a1fa-ffad425ced0a,50.912956,-1.193236,384831,2,maisonette,Southampton,SO14 0UT,B,2024-12-05
2b5ee8bb-7735-4862-984e-a044974a16e2,51.760156,-0.533617,2011009,3,detached,London,N6 6YU,E,2025-04-20
58987663-bdb0-4627-b2d0-9af68d535aab,51.315994,0.009299,763334,1,semi-detached,London,DA17 2MC,F,2025-01-21
07681143-898b-474a-af7b-0e6aebd6d1f8,54.481445,-5.90713,261072,2,flat,Belfast,BT7 8EJ,D,2024-12-18
99282fb7-8ee9-42fc-ba9d-5f1c51108c83,51.384873,-0.060566,522328,2,flat,London,SM28 8AD,B,2025-02-25
f9f90415-694b-4238-9d99-db8c29222509,51.716156,-0.365376,805693,3,flat,London,BR10 3FF,F,2025-04-19
4e6f86f6-a947-4ec6-9cf4-b0fd4ce33757,51.493508,-0.029041,947878,2,bungalow,London,EC2 3NL,C,2025-03-17
584aae55-8fda-491f-a656-9b750d1a251c,51.314446,0.011869,802113,2,terraced,London,DA8 6UG,C,2025-02-28
cf7053d5-fbf9-4ad2-a20a-82211fe97c45,50.834073,-0.243793,683686,2,semi-detached,Brighton,BN19 8EG,D,2024-10-22
2f433355-182c-4911-85f4-3991b7d1cee0,52.603287,-1.703317,208633,1,terraced,Birmingham,B33 7FY,B,2025-07-17
851c566a-99a7-4f2c-b305-8fac124c61b8,51.679292,0.060769,766072,2,maisonette,London,WC25 7NH,C,2024-09-11
28e2f768-6d5f-4a8a-8df4-d054d57f3c94,53.45786,-3.186585,310400,2,maisonette,Liverpool,L29 2RP,C,2024-12-10
75ae339c-7b5a-48cd-a46a-f98b56e5f86b,51.515611,-0.316429,1356253,6,flat,London,EC25 2ZG,B,2025-02-02
90fa9a16-9b78-4c6f-a4d9-ca450e6ef2bf,52.540793,-1.736701,195845,1,flat,Birmingham,B35 8WH,D,2025-03-14
a18ffba6-a96c-4136-975a-303af7701f46,51.88977,0.171085,403272,1,flat,London,SW30 2BJ,D,2025-03-14
5262942a-27ac-4abe-abed-c29255481bb5,56.056365,-4.565195,346685,2,semi-detached,Glasgow,G32 1OM,E,2024-12-09
488ddfa4-b995-475d-8308-4d412ae3ff84,55.979031,-3.277499,474324,3,flat,Edinburgh,EH16 7UW,E,2024-12-27
13b4b32d-93bd-407f-911e-6fada1509513,54.976794,-1.603065,339099,4,flat,Newcastle upon Tyne,NE32 8HZ,D,2025-05-12
247b4d07-0f23-4fd3-86d1-082d9e579d79,51.288627,0.207457,836933,3,flat,London,N19 2XR,C,2025-01-05
74d85ade-b17c-4c40-a340-22d61e92f18b,54.586701,-6.032799,244299,2,flat,Belfast,BT20 1HD,D,2025-01-19
f5f3bc6c-aa9b-4590-8dc0-4f4121a94280,51.549211,-0.547001,434952,1,maisonette,London,HA6 2HF,D,2025-01-05
0d85da81-38dc-4985-b5a8-0c436c0817bc,55.884389,-4.249778,245500,2,terraced,Glasgow,G17 0CH,G,2024-09-23
d06a7566-8f1a-49e4-b452-61aa157fe1f7,51.845449,0.147335,505306,2,flat,London,E35 7OB,C,2025-05-21
74482800-453b-44aa-88d0-374d73b94944,52.113782,-0.769466,516954,4,semi-detached,Milton Keynes,MK6 3DP,F,2024-12-16
691ef706-5916-4f33-a9b0-efe618a4ba58,51.19051,-0.470337,576361,1,bungalow,London,SW5 7JL,E,2025-03-18
808a1d11-33af-44ef-aed2-fb8057d2f397,51.450497,-2.543479,260539,2,flat,Bristol,BS28 1XZ,F,2025-08-19
8cfea325-9dea-4e73-9944-194e0321f812,52.37169,-1.901527,296111,3,flat,Birmingham,B6 9NW,E,2024-10-11
0dd216f4-5146-4df5-a7c3-7c9a3f191e3c,53.322066,-2.754056,199960,2,flat,Liverpool,L17 7KG,G,2025-02-19
28267e5f-4861-4306-addb-d0605639ba7e,55.944081,-3.311307,359425,1,semi-detached,Edinburgh,EH13 2TM,D,2024-12-30
166c2a2a-a739-4c3a-a6d0-7ff78d610f4e,53.546016,-3.160693,333422,3,semi-detached,Liverpool,L9 0BK,G,2025-01-13
6c0c7374-e989-4470-9826-baa54a55702e,53.404779,-3.02049,370538,2,detached,Liverpool,L14 7PH,F,2025-02-11
6e14aa82-e609-4a65-aee9-17ae26cabe51,50.818928,-0.240822,490164,2,flat,Brighton,BN12 4BE,E,2025-03-01
a87d7a72-fff7-467b-beb7-b082b2c0cfb9,51.519784,-3.012269,351746,1,detached,Cardiff,CF31 6OY,C,2025-03-22
6786b42f-e486-46c3-a74c-4a1a01654a6d,55.062464,-1.585848,230650,2,flat,Newcastle upon Tyne,NE7 1XX,F,2025-01-25
8d701122-26fc-4b47-82a0-91be6a30f11e,52.580376,-1.948279,396202,4,flat,Birmingham,B31 1CC,B,2025-08-03
63ca1e75-bc9b-464f-9953-571d1009b299,51.566306,-0.191227,502401,3,flat,London,SW31 3DM,F,2024-11-13
17e0aa7a-5e3e-4082-b6f8-ad224a1f0356,51.581893,0.415507,623142,2,semi-detached,London,CR4 0GK,F,2025-08-30
ea8b1ba3-744a-45e5-8c55-434c90b88e2e,51.948076,-0.090392,803813,2,terraced,London,N28 0PC,F,2024-09-04
ad59f278-c530-4c5d-98f9-40ee59a75d35,53.929977,-1.619283,246358,1,semi-detached,Leeds,LS26 8CN,F,2025-06-08
d1976f8c-a17d-4fb5-9a48-101df0aedd70,51.697292,-1.402195,716594,3,flat,Oxford,OX7 2JG,C,2025-01-08
123f8bb3-2b77-4b00-8673-bdf19e3f47e1,51.463122,-0.20675,517418,1,terraced,London,DA5 4PP,B,2024-10-07
bbf3ec15-ba10-472d-822c-cd35e744fd06,51.048801,-1.399323,423407,2,semi-detached,Southampton,SO21 9RS,C,2024-12-18
1de249af-ddc9-46e1-b72e-e54060d4bf4e,54.922241,-1.757273,522605,5,flat,Newcastle upon Tyne,NE22 2YZ,F,2025-03-01
01f5717a-125c-466a-af21-85a865f89d88,51.635868,-0.197371,675094,2,flat,London,UB34 0YL,F,2025-06-02
fa2ec3bb-4f4b-487c-957e-1a5a38af6468,52.502449,-1.954953,296796,2,flat,Birmingham,B10 2BK,F,2024-09-06
a4a8332c-62f6-4ed2-a9e5-c5e12a2e0891,51.807485,0.165846,349481,1,flat,London,DA24 1ST,D,2025-02-15
13e46071-f1be-42cf-a249-a4b49f0c75c9,51.437527,-3.341891,175623,1,flat,Cardiff,CF9 0MT,D,2025-06-25
0a72d377-3f98-45b2-8af3-1a981a66284c,51.352741,0.07493,607189,2,flat,London,UB31 4BX,C,2025-02-26
dda8617b-f1d8-4825-82b3-dcc6b1693743,51.584809,-0.067677,472040,2,flat,London,NW9 8MN,D,2025-08-20
f42c4a2c-e4cf-4c60-8f26-892a1a14fe4c,55.045924,-1.682608,228567,2,flat,Newcastle upon Tyne,NE8 2CP,C,2024-11-25
6a3b52a9-7a9e-40c6-b0f1-58261b6746e7,53.509975,-2.713653,248570,2,terraced,Liverpool,L9 6SB,F,2025-06-10
fccdb213-03e3-45d4-b977-126ede4bf054,50.772843,-0.22312,482975,2,flat,Brighton,BN35 1SX,C,2025-08-12
f009676a-a722-4eeb-89f4-c18d77d6b318,53.423378,-2.062597,485586,4,semi-detached,Manchester,M24 8TD,D,2025-06-22
b09e977c-2f1c-42a6-a3b4-4d2cdb1bbbb3,55.79835,-4.257118,697491,5,detached,Glasgow,G28 2JM,E,2025-08-07
ee7525e6-0ed0-436a-829f-beec691ba835,51.554115,-2.51287,460887,2,terraced,Bristol,BS22 8ST,D,2025-03-17
516dc707-9714-4dfb-b4c8-7eba0fb96cfc,50.879488,-1.372063,486211,4,flat,Southampton,SO14 7LR,D,2025-03-10
b61788bb-0b46-4aec-994e-6489713d1272,53.334798,-2.905956,371385,2,detached,Liverpool,L9 1WU,C,2025-07-13
828819f4-53f4-422a-94ee-aacfcdb66ecb,51.958139,-0.820204,406208,2,maisonette,Milton Keynes,MK31 3KL,D,2025-02-01
2f275b20-f118-4aca-a3a9-43a58721bbbf,53.643047,-2.248679,204665,1,flat,Manchester,M28 8LC,D,2025-01-01
5e8a88d4-6525-4b14-bee5-2c7ad4b09d38,53.604269,-1.76655,375991,3,flat,Leeds,LS24 3BY,C,2024-10-10
d627204b-c00e-40b7-9cf3-d383dccbd7c5,51.665483,-0.191766,1117774,2,detached,London,KT35 3HY,E,2024-12-06
9c625630-b298-4577-8437-360f1cef25d9,51.622867,-0.293148,1142686,3,terraced,London,WC32 1SP,F,2025-08-04
5d3ecea0-1e03-44bb-9588-ca8a0da1f8c7,54.643078,-5.799527,521081,2,detached,Belfast,BT35 0CR,B,2024-10-09
2a3253ad-addd-45e4-b63a-776b155f9469,51.696066,0.359674,991774,2,bungalow,London,EN16 4EY,D,2024-11-04
d27e380b-d029-4c3d-922d-9c7590289c97,53.984786,-1.074442,386441,1,terraced,York,YO21 4NP,D,2024-12-22
2753804b-0ca0-4278-a700-24270cf1c9e2,51.534503,-0.022149,1646583,6,bungalow,London,IG6 0CN,D,2024-10-11
3d5a038b-e1b1-43a2-9d2b-4fa6a92cab0e,55.874289,-3.373678,464673,4,flat,Edinburgh,EH16 1CJ,C,2025-07-10
09aa92c4-c3d1-45fc-b557-6c4aacaebae1,51.383409,0.524249,705518,3,flat,London,SE2 1MT,B,2025-02-03
f843ea9a-a729-40b6-8326-d4fdf2f9d6d5,51.756819,0.035444,872199,3,flat,London,NW11 6JO,D,2025-04-29
3b92564b-925d-4e31-acc9-629f541d2edd,53.500972,-2.036085,249917,2,flat,Manchester,M31 9NT,D,2025-03-02
7d55d37f-1538-4ffd-a92e-d7a6d35bf4ca,51.353411,-2.385543,293511,1,terraced,Bristol,BS28 1AD,C,2025-02-14
cab7987c-bda1-4198-b090-d33356468306,52.445213,-1.926542,307022,2,semi-detached,Birmingham,B7 8FM,D,2024-10-10
28ed8b69-5686-424a-b2b4-6951d0eec63d,53.510609,-2.116413,387747,1,detached,Manchester,M6 2LD,C,2025-02-16
d983bb79-f767-4817-bd10-512169e32380,55.022202,-1.754979,366958,2,terraced,Newcastle upon Tyne,NE19 0JH,D,2025-07-06
2a2c1d43-5790-4741-b6c1-b2faedd78d55,52.469717,-1.764689,306951,3,flat,Birmingham,B20 0PJ,D,2024-11-05
e8d9c8e4-36cf-4954-8801-cbfe73d7ec46,51.956589,-0.129557,759099,3,flat,London,HA35 2LZ,D,2025-06-25
68478bb3-f469-46b2-a241-b4e57dae43a8,51.686146,-0.178448,654224,2,flat,London,SW18 6NP,B,2024-12-27
1bf1aaac-6c82-452b-80cf-766f4decf2a3,53.467338,-2.823518,286132,3,flat,Liverpool,L14 7JL,F,2024-11-17
d1bdad72-350c-49cb-925e-7f538d919b23,51.519776,-3.187259,457478,3,terraced,Cardiff,CF28 3ZE,F,2025-04-27
6b9fcde1-422e-4810-97b3-c35d18ebef7f,53.590598,-2.274913,552719,4,semi-detached,Manchester,M14 7CE,E,2024-09-11
c42751aa-b6ee-4edb-b2e8-cab6fa48c6ab,55.017324,-1.522461,282409,2,detached,Newcastle upon Tyne,NE23 6LE,C,2024-09-14
90148f79-1cc7-4662-a15e-229dd8897df0,55.874973,-4.40802,635553,4,detached,Glasgow,G32 6DH,D,2025-03-02
484a3e3c-6d27-429e-af65-b42b280d5270,51.441576,-0.074338,484839,1,semi-detached,London,SW1 2RM,D,2025-06-30
9f2af325-c291-4fea-826d-fd0efcd3d366,51.504454,-0.973154,979423,2,detached,Reading,RG15 5HO,F,2024-12-19
0bf82f1d-baaf-4bb4-bf44-100e5f3b280e,50.71621,0.038741,627024,1,detached,Brighton,BN13 4UK,E,2024-11-04
91c81d88-b874-41c8-9a65-376cee181195,51.558315,-0.199793,985343,4,flat,London,E22 0YN,F,2024-12-05
7b100936-abe1-4b0f-806e-870c3ea4772c,51.419092,-1.023955,1170579,3,detached,Reading,RG7 8EX,F,2025-05-04
70407a20-f1ce-4665-ae75-0b048af1ec2e,53.631242,-2.182851,284370,1,semi-detached,Manchester,M6 3MN,D,2025-08-18
32dd56e1-0fda-4cf7-9abf-a790cd66ad42,53.790993,-1.491504,434225,2,detached,Leeds,LS9 3NM,E,2025-07-26
597e00c1-89b3-4c8f-bf39-0b6d1d88bc69,51.675332,-1.411446,946392,1,detached,Oxford,OX28 6RA,D,2025-05-16
4e1765cc-8954-4780-991e-b001503d035a,51.603077,-2.44814,529573,3,flat,Bristol,BS6 4NE,D,2025-02-19
d21da0c3-2319-4dc2-891c-09fa667d325b,53.543538,-2.097978,352262,2,flat,Manchester,M4 7SM,E,2025-04-19
8235e259-1ffc-4d75-8d70-5821ea301ab5,51.536108,-0.92338,477491,1,maisonette,Reading,RG2 5UU,C,2025-06-05
8c23a21d-61fa-4caa-ada1-b872a76fb85a,51.846965,0.318948,576628,2,terraced,London,EN12 5BA,C,2024-09-07
5e5ec5ba-bfbd-4679-8149-1a8c66e9d731,53.418116,-1.534465,130292,1,terraced,Sheffield,S15 9FN,D,2025-09-02
023228a6-1a4e-422c-a3f8-ccfea70a59af,51.400333,-0.951921,725083,3,maisonette,Reading,RG22 1HM,G,2025-08-28
7dbf32d5-a377-4844-8d1b-a808ff1f930c,53.446944,-1.567146,359233,4,flat,Sheffield,S32 6MT,D,2025-06-11
70dac298-e775-4747-a6e9-5882156e3b1f,51.51947,0.021557,400032,1,flat,London,NW6 5WW,F,2025-08-06
b4aa5d4d-97fb-4bc2-80ac-90638ca4deea,53.291994,-2.850778,196021,2,flat,Liverpool,L10 0MA,D,2025-05-23
535cb227-e862-467e-a830-0434d29e44b7,50.832037,-0.168605,493594,2,flat,Brighton,BN35 6FM,F,2025-08-11
043d9261-e486-478a-a3e5-4a8facfffa77,51.618959,0.467817,944396,2,detached,London,UB27 9HT,B,2024-12-02
2fd1b736-a748-41af-9ef7-fa018814b526,51.758631,-1.115841,704367,2,semi-detached,Oxford,OX8 7FF,G,2024-09-18
a0aaa904-1b2e-4b67-b2a7-6abc0decfb72,51.768149,-1.323343,949526,2,bungalow,Oxford,OX18 8PA,E,2025-07-07
11d83c07-aa47-4b4f-a13c-8f0309c662e8,53.518962,-1.930357,364083,1,detached,Manchester,M15 2KP,E,2025-01-19
92cd3255-83bc-4d66-a2ca-e092b973bbce,54.668344,-5.78238,608957,6,terraced,Belfast,BT34 9AF,C,2025-08-17
00f23d9e-e001-46f0-8ff7-905f9425c0b8,54.692262,-6.055322,518393,4,terraced,Belfast,BT32 9PF,G,2025-03-10
39e056e4-ee9a-45b6-8937-3fe2a4ea4b60,52.43163,-1.741164,338714,3,flat,Birmingham,B14 4XO,D,2024-10-06
5280b6f4-f8ad-4894-beb9-73bf7e72483f,51.558443,-0.202749,772555,3,maisonette,London,IG13 2SH,F,2024-10-02
63b36de4-f578-4b0c-a2ff-f5830bf3695a,51.599996,-0.075814,851386,2,semi-detached,London,EC35 7YM,D,2025-04-05
fa39ae21-b988-4dfa-95e2-ef40d6e6c210,51.744831,-1.342791,1095307,4,semi-detached,Oxford,OX22 5JU,D,2024-10-13
565e5301-3f43-4c4e-86fc-43939f306796,52.562897,-1.967712,337460,3,flat,Birmingham,B22 6UP,C,2025-03-26
b8c3106b-f61e-4b77-92de-65797451d82c,52.297766,0.112587,568726,2,flat,Cambridge,CB3 4KP,E,2025-01-23
619b78ac-f2d7-415d-9d0c-87ee1028458b,50.963811,-1.636137,498691,3,bungalow,Southampton,SO14 0US,C,2025-02-22
00c1fcd7-8dd9-4538-b1c5-6dd667728a68,51.744322,0.346947,1374283,3,detached,London,SE17 7ZE,C,2024-09-29
37fad668-de1c-4f58-96ae-c5beee44941a,54.637047,-5.924676,360450,5,flat,Belfast,BT32 3WG,E,2024-09-07
2ff24f16-f3ec-45df-bc13-f8a6df12d49b,54.928396,-1.794414,224986,2,terraced,Newcastle upon Tyne,NE32 2CS,B,2025-01-12
e3347452-2dbe-4872-b0ac-ac15d640da34,50.894957,-0.297651,472191,2,flat,Brighton,BN1 2YX,C,2025-07-17
93723682-53ce-40b7-84b5-b79cf1b7e344,52.041752,-0.592327,304225,2,flat,Milton Keynes,MK8 2ZB,G,2024-09-20
2c47b627-0b78-4b11-9ba0-d9bbcbe35c1c,50.87088,-0.178534,1177460,2,detached,Brighton,BN8 6PB,B,2024-12-09
aacd90e4-5373-433b-94cb-0767287441c9,53.858223,-1.517082,622979,3,detached,Leeds,LS32 0DN,D,2024-10-21
581a8dbd-a9c0-4efa-b15e-6c1ca0a93f4d,53.944744,-1.712971,708348,3,detached,Leeds,LS13 1NG,D,2025-07-09
c815d88a-19d0-49c4-96dd-5fa49e261c0c,52.023949,-0.690885,801183,4,terraced,Milton Keynes,MK21 8XG,C,2024-09-16
61e81886-1733-494b-8079-de1c949f8cb7,54.889338,-1.692205,261247,2,flat,Newcastle upon Tyne,NE35 4OA,D,2025-08-06
0537266b-fb80-47b3-83f4-feb6d4b182e4,54.565849,-5.943736,278495,2,semi-detached,Belfast,BT7 9YT,F,2025-02-19
f2650c66-6e62-437d-b232-a0b2e4d2d7f8,51.597642,-0.649181,676553,2,semi-detached,London,SW3 2LW,B,2024-12-25
e18f4405-49c7-4736-8476-3590c6f2a4da,55.885754,-3.918819,202297,1,detached,Glasgow,G15 3YL,D,2024-11-19
26da25cb-6527-49e9-8d5d-64a7b974da30,55.920197,-4.311139,390636,3,semi-detached,Glasgow,G7 3TZ,F,2025-01-10
1d5dcbbc-2afb-4159-83a8-17335643d475,55.910369,-3.011368,551473,1,terraced,Edinburgh,EH28 5AN,E,2024-11-07
6e262c5f-ddd4-42d8-9535-4068cfa49071,51.607509,-0.101868,758682,2,semi-detached,London,CR26 0RF,D,2024-11-27
4feb6d56-3b26-47d6-8cb1-d1a7a54b3aa1,52.204289,0.087531,1011388,4,flat,Cambridge,CB20 3MG,D,2024-10-22
a2568920-b2bb-42a4-99e3-996fc9e61f24,53.87808,-1.47866,425338,3,terraced,Leeds,LS22 5EY,E,2025-05-26
354b0c72-c705-49e0-b8cf-4e0c74a2ca60,55.97863,-3.050539,361104,2,terraced,Edinburgh,EH21 3HZ,E,2025-06-26
d019cadf-79b5-46b0-a18b-25827d960c71,53.647264,-1.519817,223748,2,flat,Leeds,LS35 3JX,B,2024-11-09
e739301f-20bc-4802-a870-354efbaabf5b,55.938927,-4.282918,186359,2,maisonette,Glasgow,G19 2PS,D,2024-09-17
a3d01d12-dff8-46e8-a132-c124466295f5,53.729418,-2.183193,352747,2,semi-detached,Manchester,M35 9FN,E,2025-05-11
92680947-ce7f-4842-a6c1-1beb65736f5e,51.709388,-0.12774,1014920,2,detached,London,HA14 2FF,D,2025-02-02
b53fa4b7-21eb-4a6f-8032-c17d347dda37,55.894254,-3.249604,617557,3,semi-detached,Edinburgh,EH9 8BU,C,2024-12-12
bdecd25c-45a7-4a69-bcac-e9aa7634f7d0,55.02268,-1.466609,415180,2,detached,Newcastle upon Tyne,NE35 8DC,D,2024-09-20
1d884e0e-0469-45d8-a63e-ac4efad5c6a3,55.767636,-4.501246,320174,3,flat,Glasgow,G10 6XU,C,2025-05-21
de3c59bd-cb26-48e6-9398-98b2fc95312d,55.99931,-3.230603,406928,3,flat,Edinburgh,EH8 3PZ,F,2025-03-13
9d25a4de-55ca-4ab8-96a8-a79644c29e8b,51.400551,-1.200369,752388,2,terraced,Reading,RG25 6WX,D,2024-10-10
cb620584-5a5d-4670-b76c-e27b13299f17,51.708179,0.079293,1062375,3,semi-detached,London,N24 3XA,G,2025-03-06
58566160-12f2-4092-a80a-fbed98261241,56.064941,-3.347811,356930,1,semi-detached,Edinburgh,EH15 9GP,F,2024-12-17
7e40f2c8-301d-4ef5-9dd6-813c34959d58,51.591429,0.15802,560767,2,flat,London,SE8 1YY,D,2024-10-20
9537dad0-dcde-462c-85bb-5f78c4bf629c,51.508625,-0.182814,575022,2,flat,London,KT35 0SM,D,2024-09-10
8034f2d2-3233-4d83-870d-a47b9daf5b76,51.832508,-0.183064,592655,3,flat,London,CR13 2ER,F,2025-06-26
c1a15388-39f9-4047-a601-5c2636148d3e,52.351021,-1.78308,427829,3,semi-detached,Birmingham,B29 5JM,D,2025-07-02
630a8fc9-b5da-4ef3-a7d7-92157c7f5f39,51.649855,-0.698118,601479,3,flat,London,HA29 5US,G,2025-08-22
57444704-5cbd-48b6-ae37-439b578c98e4,54.492711,-5.931604,179364,1,flat,Belfast,BT30 8JT,D,2024-10-10
aacb4400-c1b5-4efa-bd15-c70ff300622b,52.619798,-2.080546,438262,3,flat,Birmingham,B23 4RT,A,2025-08-29
70f42e86-9ae3-4b23-9229-d6fa604b05e6,52.41315,-1.884337,171072,1,flat,Birmingham,B25 3JC,D,2025-04-10
4fdd3451-8d59-4c81-97dd-a9261f2e2432,51.722555,-0.411834,766550,2,terraced,London,EN2 2BT,A,2025-08-29
d586d1c5-3333-477c-9e2c-754f1591fa8f,52.972832,-0.919353,670214,6,terraced,Nottingham,NG34 3RN,E,2024-10-15
9d1ee4a8-6bc3-4f3e-96f2-3709c483f4cb,53.525642,-2.141787,395422,3,flat,Manchester,M28 5AF,E,2025-08-12
66733b98-d850-4466-9f70-3fb6bd65ef62,51.80911,-0.12942,614554,3,flat,London,N4 5XE,E,2024-11-21
d4ae3228-9dc9-46a9-815c-8d4c975cb68a,52.447602,-1.732329,507867,3,semi-detached,Birmingham,B35 7GU,C,2025-04-15
9ec7afff-ed06-423d-8f55-161969d0ee76,51.725768,-0.052172,800008,2,semi-detached,London,N13 1RG,B,2024-10-18
0ce17f93-867c-43dc-b0ac-5af7ca4e3ee1,52.642795,-1.95427,193081,1,flat,Birmingham,B7 9MY,D,2025-02-09
52a4d7d3-a830-4bea-b9d5-f3ce0058a91b,51.341299,-0.418432,1090147,2,detached,London,EN2 4TS,D,2025-08-14
76171a59-9643-4256-9473-2be62ba2354e,51.273241,0.112396,1102596,3,detached,London,NW21 7FR,F,2025-08-14
88974aa7-b5e9-41bd-be69-73db0e65c946,51.477118,-3.04898,334748,2,flat,Cardiff,CF17 1NS,D,2024-11-20
dda31d2c-e397-4948-870d-dc67ccbcc283,55.938619,-4.32192,241147,1,flat,Glasgow,G8 6OM,D,2025-03-30
776058d9-2770-4f98-bb4e-e3fa52415121,51.465164,-0.354689,912941,2,detached,London,NW8 0HW,F,2024-09-12
103c80d0-c6b9-4b03-8e39-61559e18d684,55.885768,-4.171579,303318,3,flat,Glasgow,G2 6UY,D,2025-04-10
aa68755b-a8a8-4cc0-8e7a-4cd683a38226,50.911751,-1.345821,393027,2,flat,Southampton,SO7 0KX,D,2024-11-01
bfa32ccd-6d61-432b-b015-7043a2a6b8df,51.769249,-0.515308,796477,3,terraced,London,TW23 5XK,C,2024-10-17
91c8217b-a3f5-40a3-aa77-d00639f225d0,51.499218,-0.12045,795516,1,detached,London,EC27 3UE,D,2025-01-16
1f7c8d1c-2b66-40ed-81f1-ab5acb068ef0,53.455596,-2.122947,392707,2,semi-detached,Manchester,M11 5CT,D,2025-06-20
068cbab0-d350-49f7-9fa6-7ea9df6fd5c4,53.470807,-1.633346,363717,1,detached,Sheffield,S7 2FA,E,2025-05-07
c5fa86c3-ba27-403e-8563-08eda2c268b0,55.664263,-4.288693,321841,2,semi-detached,Glasgow,G31 2FG,C,2025-02-03
14f17e15-b80a-4dfb-8c39-9224aa2c0b47,55.751973,-4.242981,189437,2,flat,Glasgow,G13 4PN,F,2024-10-24
a27796e8-d660-44bb-94cf-16a0036b3425,53.875741,-1.688295,219427,2,flat,Leeds,LS25 8NB,E,2025-06-11
9915695e-3cc2-4fee-835e-ce7bbbb67a1f,53.36419,-1.46548,196129,1,maisonette,Sheffield,S1 9JA,D,2024-10-26
222487b4-1f7b-47ed-9076-94f94bc0f949,51.824269,-0.020081,972407,3,semi-detached,London,UB14 0FE,B,2025-08-17
e827ee2a-c90b-47c8-b1b5-b19f89c8b32c,51.495954,0.230421,589438,2,flat,London,UB12 7UM,F,2025-07-30
c38a1c59-df65-4fe7-abd7-0b19e387398a,54.942848,-1.853469,278996,3,flat,Newcastle upon Tyne,NE7 9XS,G,2025-01-27
6876a10a-5ef2-42e9-8137-77d7d481a9df,55.979054,-4.147202,222772,1,semi-detached,Glasgow,G19 3AD,A,2025-08-10
65fcbf5a-85d5-42ac-800b-b548a8e31452,51.76971,0.076145,1376361,3,detached,London,E8 5LN,E,2025-05-26
fa9f493f-c7c9-48ef-b66b-230467577f5b,51.421005,-0.041945,775040,3,flat,London,SM27 0SK,E,2024-09-17
11dd8cfa-731f-469e-9f39-437c117613f8,54.625979,-5.705008,194706,2,flat,Belfast,BT12 9DK,E,2025-04-16
e25a7781-4a53-4881-be65-10e561c5b474,51.669972,-0.390583,988864,4,flat,London,NW29 8AR,F,2025-03-28
e4f1a87f-23a0-406c-923a-729071a7eb53,53.420974,-1.612144,328452,2,terraced,Sheffield,S6 5PB,C,2024-10-10
deb9ecc3-3408-447e-a57e-e1d79f818d40,53.537163,-2.348083,423128,3,terraced,Manchester,M33 1GT,D,2024-09-07
1017b7ae-dae5-4697-aa8a-01a723dcf065,52.19106,0.181703,628502,2,terraced,Cambridge,CB7 6BC,D,2024-10-22
916bcbe3-dfae-443f-be03-e3ef0f03adf7,53.832163,-1.399322,1004192,5,detached,Leeds,LS26 1LT,E,2025-02-09
83eba6df-9c76-45a0-abe5-35721404091b,55.91685,-3.324614,1011296,4,semi-detached,Edinburgh,EH6 3EU,F,2025-04-06
51a5fa06-4192-48ee-bbac-427475df3468,51.51524,0.033774,547476,1,semi-detached,London,CR28 8GY,C,2025-03-02
a5da8e09-a4ef-45e7-b8fe-9af74390a8a2,51.423471,-0.171465,547619,2,flat,London,SW6 2XO,F,2025-01-13
276b4d61-ec58-4dcd-866a-d839e483b0fc,52.582995,-2.002525,325481,2,flat,Birmingham,B27 8UM,B,2024-11-09
669a316b-dc1c-431c-b01f-754935e8474b,51.501735,-0.373408,542369,3,flat,London,SW29 5FJ,E,2025-07-21
680ddd64-822e-46d2-b038-c62e5b53aa56,51.490199,-0.641999,607152,2,terraced,London,TW4 4DB,C,2025-01-02
9b31aec0-1080-4580-bd39-eb00d4256bf9,56.029295,-4.121093,379682,3,terraced,Glasgow,G34 0DT,E,2025-04-19
1a4c92f8-c7d2-4e1d-adaa-e429b49b1ae7,53.404623,-2.785566,617296,4,detached,Liverpool,L1 0CA,D,2025-04-10
41e05f68-d982-4f7b-ae2c-719252d5199a,53.356658,-3.019471,356645,4,flat,Liverpool,L29 4DB,B,2025-01-17
98897fc2-5448-4ab3-bd9f-59a9822d84e6,52.395542,-2.047814,441149,3,flat,Birmingham,B31 6NC,D,2025-07-02
ddf4c738-72ef-46ee-b38b-45456eb952d7,53.908378,-1.14285,465969,2,semi-detached,York,YO19 3FT,B,2025-07-10
f21d29ff-fb77-42fe-b228-c4bbdeab8d62,51.412581,0.274105,835266,2,semi-detached,London,UB20 7TP,G,2025-08-05
5bf03f9c-701e-42f0-a226-c25e684a6518,53.258194,-2.783076,283620,2,terraced,Liverpool,L5 0ER,E,2025-08-26
ae05c77b-467a-4803-933e-6c9a257fba9e,51.627878,-0.099411,1436452,4,detached,London,EC3 2DX,E,2025-07-23
90ef9643-9d0a-45e3-90ab-219b101698a7,54.993775,-1.419611,662962,3,detached,Newcastle upon Tyne,NE34 7OH,F,2024-11-01
046b21d8-437c-4e45-905c-49f9cd0d3aed,51.46604,-0.602408,710708,2,flat,London,TW35 8HP,E,2025-05-26
299d2574-eb03-4c46-bb74-e982748cc39e,53.192823,-3.014197,208730,1,flat,Liverpool,L30 0DB,F,2024-12-28
2dc5fff1-a442-422a-b2ea-d56d8cc6dd31,53.459489,-2.07068,172415,1,flat,Manchester,M15 1HO,F,2025-01-04
c500fd59-3c77-4634-872c-623245dfbd84,53.754555,-1.799046,183716,2,flat,Leeds,LS13 5EB,E,2025-01-11
1709ea12-9301-47cd-832f-4d4fc332d4e9,51.690908,-1.047123,1722640,4,detached,Oxford,OX28 8NR,F,2025-05-02
3ba0d79f-4bf4-458f-a83b-77dfa0455ebd,53.438356,-2.256775,325208,4,flat,Manchester,M6 9LB,D,2025-02-18
5caa7622-1e4e-4963-bad1-2ea52355f708,53.448165,-2.846483,276426,2,semi-detached,Liverpool,L16 8DX,D,2025-03-06
be07cbf7-6624-4d02-b137-38540f1e1e4a,52.489923,-2.332156,361811,2,terraced,Birmingham,B29 9MY,F,2025-02-14
f3ce94c0-c77e-47c9-8560-8fa244b9165b,51.470173,0.048849,534485,2,flat,London,E19 6YT,F,2025-01-18
83b2c444-d851-45ee-bfe7-40789bdda7f2,53.58866,-2.450256,304397,2,terraced,Manchester,M30 4UE,F,2025-02-24
a34f59bc-847c-4db7-9910-e6ddbf616c34,52.348975,-1.58815,447298,2,terraced,Birmingham,B32 2PL,C,2024-10-06
1591295d-b50e-4169-9e4d-587e1de1180b,53.467625,-1.453141,206912,1,bungalow,Sheffield,S9 8DK,A,2025-03-04
7127e919-9ad4-4f6f-9253-b68cb0636b55,51.350574,-3.091179,591101,2,detached,Cardiff,CF33 6GR,D,2024-09-26
9d25bde3-0a19-4a09-a698-d48ce4a36a63,51.380032,0.119872,1280432,5,flat,London,WC29 6PK,C,2025-06-23
3bab45fc-8132-4152-942a-58f311aeb285,51.391501,-1.002661,433269,2,semi-detached,Reading,RG27 2TP,E,2025-02-19
109d7c21-fcbf-4f69-888a-32c2fdecb148,53.761592,-1.633143,401662,3,semi-detached,Leeds,LS31 1XY,F,2025-07-03
afb79322-2909-400e-9eb2-2e2c7e2dc8bd,53.793565,-1.554258,298399,1,terraced,Leeds,LS24 8UA,F,2025-01-09
61b7945b-481d-4033-89ba-40b80ea87d23,51.515529,-2.833936,466305,2,bungalow,Bristol,BS33 3XF,E,2025-03-25
e22d0ab3-a70f-4974-b26f-9e4fd3bbd288,53.556654,-2.298494,186951,1,flat,Manchester,M22 2DG,C,2025-02-01
753c8fae-ee3d-46a2-9517-9d84679f74ba,53.42616,-2.173581,312726,2,semi-detached,Manchester,M12 4AD,C,2025-03-29
14d3f101-6385-4e97-bb2f-4fc893161cce,51.336995,0.048279,600828,1,terraced,London,DA4 7DJ,B,2025-07-15
524c11d9-afcb-4a29-9ec2-fc5577d0b82e,51.492804,-0.780179,564269,2,detached,Reading,RG12 5NO,C,2025-01-07
181eb7b0-8b28-431c-ae4c-4c77e71783b3,53.411763,-1.443241,317779,4,flat,Sheffield,S29 3TO,D,2025-01-02
ae5f01ff-a07a-4ddb-97ee-d87e2e0752e3,55.75807,-3.984138,540594,4,semi-detached,Glasgow,G11 1MG,D,2025-05-06
52633d0b-3e63-40c2-8686-7d4db4f79160,51.314454,0.42553,455265,1,flat,London,EN10 4WW,B,2025-01-07
abbf05fa-c45d-4c4e-8af3-fb164e979fd5,53.330476,-2.082321,562322,2,detached,Manchester,M8 6PL,F,2025-08-17
748ea470-4f18-4ff2-a894-d63d9702343f,51.622474,0.178511,1008271,3,semi-detached,London,UB35 9RR,E,2025-02-14
d7d7d9a6-0336-4f22-b272-b86e76c489c0,51.344406,0.211697,1392360,3,semi-detached,London,E22 6DO,D,2025-08-05
9d8fea43-8aac-467a-acc7-a1d3d246d00b,51.666212,0.080959,561580,1,flat,London,SM28 9SO,C,2025-03-24
b0910c69-ca85-41a0-83a2-546722e31138,54.823173,-1.50773,241181,1,flat,Newcastle upon Tyne,NE20 5OG,D,2025-08-09
a210f5d1-235f-4527-8b78-004b9ba07785,52.109625,-0.729695,276871,1,semi-detached,Milton Keynes,MK28 3MC,E,2025-03-26
db342059-72fb-47f1-99fc-79671e217d79,50.767648,-0.168129,833374,3,bungalow,Brighton,BN11 4YW,C,2025-04-30
3265af96-d8ce-4cc4-88b4-e23f53c71b9e,51.553882,0.191757,747676,3,flat,London,W3 7AB,F,2025-02-28
895af87e-d30e-4225-910d-361c1513944d,55.994675,-3.00813,245169,1,terraced,Edinburgh,EH32 1HW,C,2025-05-14
99f3dce4-b0b3-481d-866f-80cf606f6c47,51.729022,-0.407069,1316837,5,semi-detached,London,EN35 6RY,C,2025-01-02
043e7df7-d080-40e1-87b6-dcd97724462e,53.413961,-3.063395,316292,2,bungalow,Liverpool,L20 5YD,D,2025-04-25
6bf08d55-6a46-4561-85b1-f9f68c336319,51.333227,-2.706339,317753,2,flat,Bristol,BS20 5UC,C,2025-01-14
2abea41e-638f-4701-96aa-245620c06728,56.033005,-3.260897,361448,2,flat,Edinburgh,EH25 9HA,F,2025-07-19
664090ba-6a23-4c99-8c85-1b7794400d75,52.699448,-2.136456,462296,3,flat,Birmingham,B1 8OP,F,2024-09-02
2aa5e6a5-c3b7-4476-9f16-ecf1a7c90ff8,51.585954,-0.86085,1386894,3,detached,London,WC27 2OE,A,2025-04-28
05f0e757-cfb5-4f92-bd4e-23562e5c2099,51.40828,-0.170362,776508,3,flat,London,BR17 1DT,B,2024-09-24
5e64033b-1d57-4d9f-8699-cca1646892c0,51.487308,-0.360827,654766,2,terraced,London,SM23 8RP,D,2025-04-10
4804d2de-1445-4f3c-8a58-9a9a9c531e96,51.531171,-0.259385,1059057,2,detached,London,E22 0XW,G,2025-05-17
1ccc8201-e890-4c14-b23f-74446cb82f4c,50.795881,-1.305507,465953,4,flat,Southampton,SO6 0GF,D,2025-07-03
d74d3345-b211-4438-9167-6b00f68bae3c,53.540703,-2.382568,188567,1,flat,Manchester,M31 4UW,D,2025-01-23
4d9d7944-06cf-4666-a161-c9eae1879ba3,51.498735,-0.18082,964228,2,semi-detached,London,DA6 4PO,B,2025-06-29
8a2e02da-450f-4bc0-adbb-211496c94915,55.948903,-3.123904,610485,2,bungalow,Edinburgh,EH17 5JU,B,2024-09-29
29ce811a-f633-4bcd-8fea-c18df17a5550,52.53208,-1.663245,298857,1,semi-detached,Birmingham,B17 5FG,C,2025-08-24
cfaa90fa-6b09-4095-a40d-c78476e6d5cd,53.476383,-2.266877,416319,2,terraced,Manchester,M29 7RA,F,2025-04-05
4e78efb1-26bb-4ae1-88a4-5e7a33a502b1,50.762415,-0.140265,481029,2,semi-detached,Brighton,BN26 7SU,E,2024-11-11
2c40ed3b-7891-4b51-8d3a-0d7f70049d39,55.854008,-4.460381,285095,2,bungalow,Glasgow,G13 7MP,C,2025-04-05
255d1fbf-2674-4221-94a2-7ce8ef5dc46f,51.547822,0.133901,987296,2,semi-detached,London,W32 1OR,D,2025-08-24
a276fbdc-88a7-4749-b526-e0904531a103,51.360485,-0.43646,1537659,6,flat,London,EC32 4LM,E,2025-01-21
cda53cc4-7769-4457-8f16-dd55b2d1361b,52.028304,-0.831806,905923,2,detached,Milton Keynes,MK33 2CJ,D,2025-01-30
62aafe01-a6b6-4b43-ada9-0d44033a41be,50.887256,-1.401483,372544,2,terraced,Southampton,SO34 1CL,D,2024-09-29
fddc8178-7a47-4764-a47c-f1e888887cb8,52.582919,-2.134125,325063,3,semi-detached,Birmingham,B1 4SW,F,2024-11-28
61fdc736-0ea6-42d1-8dad-6dd6b9fd3915,51.39339,0.044862,676041,2,terraced,London,DA35 4GC,D,2025-08-19
22621994-aa84-459d-a2e5-f9fc5326fe10,53.414095,-1.530143,376739,2,detached,Sheffield,S29 4UA,D,2025-03-07
fcee4ea7-3438-4540-8b7f-0c3e4abf55e1,51.42972,-0.009674,810346,3,flat,London,SE10 6OC,B,2025-07-25
b1f34ee6-503c-433a-99fb-baf834978186,50.942096,-0.168007,682215,2,semi-detached,Brighton,BN27 2ES,C,2024-09-12
c23baceb-efe7-4fbe-b3b6-fe4af4abb46a,51.30568,-0.241721,1343246,2,detached,London,N27 7UK,E,2024-10-27
7dd0fbd1-781d-4368-ab3c-6a0043413bd2,53.844045,-1.433852,862960,4,detached,Leeds,LS25 3NL,D,2024-09-05
65c64a4a-a29d-411e-aab1-debcd7f72873,56.030069,-3.001304,227080,1,flat,Edinburgh,EH31 8AD,E,2025-04-30
811e19fc-8544-4391-a408-0f406b45212f,53.684375,-1.729745,242787,2,bungalow,Leeds,LS25 4CD,G,2025-06-21
59727160-273b-46fa-a7b0-940eac49bfc9,52.396665,-2.248745,323893,2,flat,Birmingham,B2 6XH,F,2025-04-29
acf70f61-8d46-402e-9396-4754eaf356e8,55.911162,-4.200157,360023,2,detached,Glasgow,G35 6TP,B,2024-10-03
9b66a403-29d5-4b71-9553-83e3660408ed,54.621019,-5.774236,200229,2,flat,Belfast,BT3 2TU,B,2025-04-12
8e1334ad-da93-4447-b0b3-e80381014428,52.16303,0.054792,820792,1,detached,Cambridge,CB23 6FZ,G,2025-05-27
5bee45d9-0f4a-4782-afd7-ef9f09b1300e,51.319548,-0.467146,889124,3,semi-detached,London,KT24 0JR,F,2025-07-08
802796e4-ba58-464a-aeea-b85c56109155,53.399637,-1.499179,307465,2,semi-detached,Sheffield,S9 4UH,F,2024-09-13
86b479fc-929f-4253-a25d-0ee41260683d,51.524998,-0.493855,410701,1,flat,London,BR5 3GF,D,2025-08-19
4b43a632-930d-4839-ab07-29807db633ae,51.540283,-0.321789,729896,4,flat,London,EC5 9WP,E,2025-07-21
c3c751ff-c456-417e-a263-afc4e6b31d02,51.377382,-1.062253,608964,2,terraced,Reading,RG4 4NN,B,2025-01-08
4f798562-3aa4-4b2c-b06c-8e1f3edce7a5,55.74062,-3.99352,477899,3,semi-detached,Glasgow,G9 8JM,D,2025-05-01
d149a004-2749-4f03-ace7-fe8e2825e901,53.447299,-2.352881,477233,2,semi-detached,Manchester,M22 9KO,D,2024-12-23
5a7306ef-5bb8-4b21-8b47-8739da3ebc13,51.401212,-2.450045,497282,3,flat,Bristol,BS14 6FA,D,2024-11-22
da6fae42-5b28-4369-b66b-fa19c21ee8fb,51.495854,0.027449,427345,1,flat,London,W22 8HF,C,2025-08-23
b5acf0c4-5acc-45f4-8b3f-ad306cc340d3,53.768931,-1.411589,447302,4,flat,Leeds,LS5 1EE,E,2024-09-12
5dc51d02-5ecd-4d64-b29a-443204ff0ed2,56.06968,-3.229755,761484,4,detached,Edinburgh,EH9 8UR,C,2025-06-09
89688c1a-62da-4198-b948-56cef897176b,51.237307,-0.154388,860497,2,semi-detached,London,KT18 9NX,F,2025-05-19
bab67201-765e-4cbb-a4fc-bffd1429e20c,52.457804,-1.950119,384296,3,flat,Birmingham,B9 1KP,D,2024-10-19
71bbc374-e644-4336-9c46-78d78fd06498,51.485931,-3.134161,361255,4,flat,Cardiff,CF23 1KS,D,2025-07-14
31b0cd48-973d-4161-9665-07e41c4b52fc,51.433126,0.136638,807930,3,flat,London,HA13 9EZ,E,2025-02-08
5a0263dd-c80c-4934-9a05-db36b876add6,55.811889,-4.349954,412479,2,detached,Glasgow,G31 3SU,E,2025-03-12
9747d808-c932-4318-8254-d4bca172a2d5,52.420446,-1.825936,362205,2,detached,Birmingham,B1 7YM,D,2024-09-14
81e65b17-33f4-4d03-ac5b-ee2d4278926c,51.571484,-0.072341,1334579,3,bungalow,London,CR25 3NC,D,2025-01-14
e024b89d-6b8f-49f6-ace4-0257bcb99bdc,54.614805,-6.18913,339627,3,semi-detached,Belfast,BT19 3HK,E,2025-02-26
e0cf19aa-7148-4fd7-a6da-4928b161c5d1,51.135313,-0.119562,415349,1,flat,London,WC9 3KO,F,2024-11-06
df85af6c-3100-4725-b8a0-f48c694693b0,52.423592,-1.975763,422806,3,semi-detached,Birmingham,B16 2JX,D,2024-12-24
0c1bd4ae-eeaf-4aa8-af8d-9131c55452bd,53.445657,-3.018382,237916,2,terraced,Liverpool,L9 7JF,C,2025-06-04
1c20d0f2-234b-4947-b17d-00ed33e0488c,53.005301,-0.821375,349942,2,semi-detached,Nottingham,NG35 3PZ,B,2025-02-15
bbaa7a38-1279-40b6-a6bd-24f925288ab4,51.533338,-0.939183,495215,3,flat,Reading,RG22 3YY,B,2025-06-09
8bcc3888-9544-4202-8ad6-1f343098e944,51.145696,-0.240221,1206700,2,detached,London,SE35 9FJ,G,2025-06-05
87e514af-e68b-42b7-9696-6558341b0ced,51.460251,-2.456099,407107,2,semi-detached,Bristol,BS15 0WD,D,2025-02-23
fcf78793-dc17-4aa6-8d67-1ce0af50b782,51.401113,-0.166061,623465,2,bungalow,London,EN9 4LX,E,2025-05-08
9933aa40-9446-4c23-b853-ed2a83b48209,51.425455,-0.42881,579498,2,flat,London,SM13 4RC,G,2025-01-20
1744bc72-e7ea-4037-b96f-99ab99e26474,52.901813,-0.959963,295096,2,terraced,Nottingham,NG12 4NP,D,2025-06-25
d8f0eedc-ad11-4dfc-a6dd-77dc9f54e2cf,53.445338,-1.469589,420089,3,flat,Sheffield,S25 7KX,G,2025-07-01
f24c9622-0edb-435e-b55d-9d6505b2c125,52.917699,-1.128966,551558,2,detached,Nottingham,NG4 6OH,C,2024-10-28
662cc8c2-2122-4ca4-ba4b-2eaa3b9b8c2d,55.906466,-3.177465,509972,2,semi-detached,Edinburgh,EH26 9CS,F,2025-04-26
b6a93281-cd88-4bb4-9800-f2e4cba49ba4,52.592835,-2.016798,366255,1,detached,Birmingham,B10 4GN,E,2025-09-02
b25b1093-cd67-434c-9193-c2b847b97ffc,53.539096,-3.033056,271603,2,semi-detached,Liverpool,L32 2SD,D,2025-08-03
b43da7c2-f97d-4210-a347-1e066dcad513,51.610315,-0.057265,667864,1,detached,London,HA32 7LW,D,2025-03-25
a03180e4-004c-4da1-8837-209c2b151930,53.602924,-2.335077,336814,3,semi-detached,Manchester,M8 7YT,C,2025-08-19
27fe0c58-e772-4d41-9eac-fa13f267823a,51.454831,-0.145119,1428630,3,detached,London,EC32 7EW,D,2024-09-15
c729c6a4-506b-48b6-b66d-fa7d8ebae864,54.519481,-6.181628,241821,2,terraced,Belfast,BT10 3HZ,E,2025-04-02
5842e442-b822-41c7-8368-0c6bb30a75a5,53.8797,-1.656059,238704,2,flat,Leeds,LS13 8ND,C,2025-01-11
40532803-ef74-42e4-86ce-9239b3f4d9e9,51.469838,0.221496,659555,1,detached,London,SE10 6OY,F,2025-08-07
2784c30d-973e-4a1c-bc4e-c130c5c5870d,51.505198,-2.739111,249981,1,flat,Bristol,BS25 1PX,D,2025-07-03
ebfc13c0-b68e-4d22-8797-1a5c1d3e6749,55.980935,-3.24099,412159,3,maisonette,Edinburgh,EH25 7XZ,D,2024-09-02
b89000d1-372b-4721-b595-e7ec72d35a18,51.404002,-3.267346,406233,3,terraced,Cardiff,CF14 1FW,E,2025-08-13
0a3eca1a-a7ed-4f75-98e2-2e32ce3d199c,51.412692,-0.118419,618358,2,flat,London,EN6 5LJ,C,2025-05-12
7e2aa457-4719-451a-b7eb-f400fdb7017e,50.880881,-0.05653,974196,3,semi-detached,Brighton,BN6 4TR,F,2024-12-31
c64e80de-ed80-49a4-b89b-bd1c1225868f,51.604861,0.125839,1064853,2,detached,London,TW16 8YW,B,2025-06-05
15536ecc-2264-4d73-be7e-fff20ecede2e,51.419702,-2.793909,291661,1,flat,Bristol,BS26 5AD,D,2025-02-04
a4f5ff57-ee9e-423b-a0b1-f6e00db86569,53.841352,-1.73539,286271,2,flat,Leeds,LS7 7YP,C,2024-09-04
3e0429b4-411e-45d4-bf4f-4aed9e4cda68,52.648007,-1.978272,345358,2,flat,Birmingham,B8 6RT,D,2025-07-08
eeaa6f18-a1d3-4ace-83b3-3fe86e3bfe8c,51.626689,0.216282,1613137,5,semi-detached,London,E28 7KK,D,2025-04-12
5d85aec6-241c-410e-8d9b-e41c6b90980e,55.006219,-1.577212,863142,4,detached,Newcastle upon Tyne,NE15 1EN,B,2025-08-24
a7461e7f-5e2c-4c09-a277-dc84cd88ba6d,53.575745,-2.423437,304365,2,semi-detached,Manchester,M4 4DJ,D,2025-04-29
eed82e69-1a4c-4475-af61-d28df45423d6,53.408496,-2.943792,151091,1,flat,Liverpool,L12 4RM,D,2024-09-18
51f2737a-05ae-443c-9179-31cd3af9f4f9,52.357098,-2.060613,205290,1,semi-detached,Birmingham,B8 0UX,F,2025-07-14
c0b48133-ec6e-4ded-af7c-a90abeea5038,53.795162,-1.712059,532078,3,detached,Leeds,LS17 8MM,D,2024-12-29
33f4cc21-19de-426f-b5a5-8cdd942ee72e,54.913592,-1.679049,342036,3,flat,Newcastle upon Tyne,NE26 7YT,F,2025-02-15
dff0be0d-c152-45c6-88ea-a1c477316128,55.91359,-3.166671,644619,3,semi-detached,Edinburgh,EH20 3KZ,C,2025-05-04
f69557f5-adf9-480b-a13b-794a57d30f4d,53.481509,-1.368684,262868,3,flat,Sheffield,S25 4XX,E,2025-03-20
59e82489-7d67-4bc0-97ed-53d9316a1ab6,53.303969,-1.262393,306851,2,terraced,Sheffield,S12 2GU,D,2025-08-23
bcee5550-db51-493a-a586-ee5089ae5390,51.399938,-0.214409,673306,3,flat,London,SE34 2AW,B,2025-06-27
18968242-2df4-4bb6-b9fb-ce660b304ee9,50.921023,-1.4888,373106,2,flat,Southampton,SO9 7UP,F,2025-06-15
c2b37e76-d443-45e7-b8ef-35838cd908c0,54.553077,-5.905686,193196,3,flat,Belfast,BT1 3AH,D,2025-05-10
79830bef-458f-4de4-bf28-07ab64071e74,51.468488,0.143587,1838677,5,bungalow,London,TW6 0WE,C,2024-09-20
52f34cd9-25f4-4d45-bbe8-bce0e35805e2,53.636316,-2.376931,430488,3,terraced,Manchester,M9 3NO,D,2024-12-04
f8d69cbb-e349-4dbf-8773-019cd001fbd7,52.915931,-1.111876,501703,3,detached,Nottingham,NG2 5TR,G,2025-03-02
ddd444ad-59c8-4a67-8420-237662540db4,51.530574,-0.193124,1011644,4,flat,London,SW25 0ZO,D,2025-01-01
2d946b22-8333-445d-be3c-5d3b2ad484a0,51.620303,-0.11461,1538755,3,detached,London,SW34 4RO,E,2025-06-15
e4684b08-6325-43f6-ae8d-994581890987,51.45637,-0.291527,1225251,2,detached,London,HA33 4ZH,D,2025-05-17
e409aeec-b294-4027-ac31-5a4b0bdb9f08,54.479726,-5.870352,353107,1,detached,Belfast,BT11 0MX,D,2025-07-25
e268ea62-bc2b-4f9b-8dcf-816edb8d927e,51.403541,0.298044,492851,2,flat,London,WC13 0HJ,B,2024-11-18
bd2a3e1a-c369-4b8f-8d7f-eb5a4869666c,52.97232,-1.044293,415574,3,bungalow,Nottingham,NG9 1LO,F,2025-08-21
1a70d531-db31-419d-b65a-8568bf7c9090,53.304241,-2.911045,316878,3,flat,Liverpool,L10 2SS,G,2025-01-16
af4eecbb-2acd-40b4-9649-90e50267bb24,52.237329,0.157931,1300690,3,detached,Cambridge,CB10 9XR,B,2024-11-26
89c14921-140a-4e0a-a15b-db921c89e7d7,51.600732,-0.120214,585411,2,flat,London,SM17 7JP,E,2025-08-13
765d98a8-cf46-44d1-a798-7aaa69e70c09,52.486375,-1.816765,481021,4,terraced,Birmingham,B7 1FD,F,2025-02-09
94111705-83c9-43a7-92aa-3b8133d8f621,54.961297,-1.668899,311059,2,terraced,Newcastle upon Tyne,NE10 3LU,B,2025-03-01
43ffc300-43f5-4f7d-8cc4-1d8b2156f885,50.946021,-1.371464,329471,1,semi-detached,Southampton,SO18 6CK,F,2025-08-06
fac0bab9-453d-4cfe-8fa0-4cd09963812c,51.623722,-0.122189,696523,1,bungalow,London,BR23 9NA,E,2024-09-26
0baeaf45-286c-4e84-bc2b-ec8355599135,51.660612,-1.343138,1488806,6,bungalow,Oxford,OX17 8AP,F,2024-10-10
c1c4d090-8419-4c2a-b92f-12a05f1e4816,51.446238,-2.557335,301079,2,flat,Bristol,BS24 5AK,F,2024-10-05
d019eace-39ba-4699-9287-578a8d5fc432,55.738484,-4.365451,323123,2,detached,Glasgow,G11 8ON,D,2024-09-08
03109ef6-3f8e-4129-853d-618522bad44c,51.489946,-1.047838,392500,2,flat,Reading,RG33 9BY,D,2025-02-19
06ec93db-2227-4ba8-87ca-a04dae5d979a,52.394776,-1.892903,531537,2,detached,Birmingham,B15 8KJ,F,2025-02-02
137b19c2-e85c-45f4-9135-c77b63966f5f,54.968091,-1.47132,211343,3,flat,Newcastle upon Tyne,NE11 5GC,B,2024-09-05
e7e7f3c3-645f-4b06-82ee-c1e93d9124f7,51.46523,-2.45124,900657,6,flat,Bristol,BS25 4YB,C,2025-01-10
d606ebe1-c2e1-46a8-8868-eb4e7f6b413e,51.397849,-0.421478,475598,1,flat,London,E11 8JD,C,2024-12-11
5db719e9-ddf7-4d7e-a57c-98a80d13c270,51.621356,-0.265068,793610,2,flat,London,WC6 5ZT,E,2025-01-22
afd689a7-df81-4228-95e7-c169e04a1b13,51.315649,-0.13065,651888,1,detached,London,KT28 7OW,E,2024-10-27
3fda28cd-8e1d-45f0-ab74-e0f8b0c9e268,51.623529,0.140914,482630,2,flat,London,DA23 6AD,C,2025-07-27
c46efa20-a498-465a-930d-14ebe46442cc,53.366213,-2.210597,317771,3,flat,Manchester,M5 6KW,C,2024-10-26
bb57c2c6-6e66-4464-a4c2-b799bd66fd79,54.629545,-5.992458,236750,2,flat,Belfast,BT27 1DP,C,2025-05-04
ea745a50-75c9-47f6-aa54-3229d5820f35,50.87872,-0.200499,377838,1,maisonette,Brighton,BN15 0AE,C,2025-05-10
f7735824-c088-406c-bb5a-e92d6e8f946f,51.386791,-2.458448,644402,2,semi-detached,Bristol,BS18 5RH,B,2025-03-06
6adb7893-3545-49d5-8eed-fefc8d556515,51.755773,-0.09427,501561,3,flat,London,SE22 3US,D,2025-07-10
03e3673a-fba4-4f01-87a6-c3c355c45695,51.467573,-0.107718,913660,2,flat,London,SE10 7DD,C,2025-08-19
6995ac41-df6c-4c6f-b3fb-e75895ebaf19,51.635582,0.773345,762499,3,terraced,London,N29 4MD,B,2025-05-26
aa4922a2-3f3d-4ac5-8693-8073c1fbf5cb,53.885812,-1.482135,300057,2,terraced,Leeds,LS8 0BU,C,2024-10-20
d467f92d-20fb-4391-97ac-d3cecbe427db,51.128166,0.463382,1156615,2,detached,London,E7 2SZ,E,2025-06-07
f9f37a56-ec00-42d4-bea4-531b7782412f,51.984818,-0.798089,690601,4,semi-detached,Milton Keynes,MK11 0WM,G,2025-04-29
98338380-2247-4de9-9ab5-0e927b390bc8,56.061055,-4.362048,452561,5,flat,Glasgow,G29 7MT,C,2025-01-11
70fefcf9-9a70-41e5-bbe1-2092d7aed756,50.710366,-0.139085,981218,4,bungalow,Brighton,BN10 6HY,G,2025-04-30
3a2133ca-1308-48d8-afa1-46130fa88e36,51.635211,-0.122167,550363,2,flat,London,DA12 4YM,F,2025-04-14
7b808ca8-40ad-4810-a6e8-cd3a0bae9a79,51.694275,-0.030985,895711,4,terraced,London,N17 2MK,E,2025-07-20
9fe92d27-957b-4311-88b4-b7d159e2f21e,52.403296,-1.878315,387017,3,flat,Birmingham,B35 2NO,B,2024-12-19
813ebbe2-5a2c-4434-9a1b-589ce1545c2f,53.713744,-1.537968,562922,2,bungalow,Leeds,LS20 3US,D,2025-06-30
2dbcc9ed-e7e4-4c0b-b62f-f9a48214bbd3,53.429079,-2.161393,375197,3,terraced,Manchester,M29 9DO,C,2024-10-01
9f5d391b-2b39-42e8-97e3-515ce29af242,53.985326,-1.6661,296743,3,flat,Leeds,LS26 6ZD,D,2025-07-03
a7588b75-7e46-4c1e-aaea-10da02e27121,54.88651,-1.669871,368185,1,detached,Newcastle upon Tyne,NE5 7NR,E,2024-11-05
bf2313b8-7b93-4cf3-9a1b-e760cffbe133,50.798375,-0.154368,738048,3,flat,Brighton,BN21 3HD,F,2025-01-30
ff7ce450-8f62-4d0b-92c1-c8223d2a977e,51.49996,0.033161,772168,2,detached,London,EN7 7NE,G,2024-12-25
9fe68252-bc4d-4497-ab1b-5dae6815d003,51.444832,-3.161804,584632,3,flat,Cardiff,CF3 2AM,E,2024-09-18
ba034090-e124-4420-91e5-40ed0fc9ed89,53.383637,-2.269138,476158,3,semi-detached,Manchester,M25 1UC,C,2025-07-04
b05e8e8e-2f36-410f-aa5c-febfc16598f1,51.317124,-0.202182,861917,2,flat,London,SW14 8LY,F,2025-07-27
1bc9aa62-0a64-4108-b488-8146034c119e,52.245888,0.179523,837791,3,terraced,Cambridge,CB33 3XM,D,2025-05-25
a0eed30a-9da3-4e2f-9c0d-717c9dc1e81b,52.43574,-2.153676,228961,2,flat,Birmingham,B29 1WM,D,2025-07-17
8a0c0a8a-ec05-4eec-b02b-a77b3c2419ac,53.973725,-1.043147,481204,4,flat,York,YO29 2KB,D,2024-10-27
975d63f3-7565-46e2-9f6e-b753e64339d4,50.84485,-1.344484,373063,2,flat,Southampton,SO29 4MT,D,2024-12-19
b910214b-43b0-433d-b01b-168195797125,53.398078,-2.042352,308131,2,maisonette,Manchester,M25 6PB,C,2025-08-17
5c1b0411-09f4-417f-ab0a-95d335be0d25,51.607142,-0.202285,730827,3,flat,London,N7 8NY,D,2025-02-19
58ae7b1b-ef2a-4b55-8e53-7199daf9aa6d,50.919888,-1.460695,246888,2,flat,Southampton,SO3 9JM,C,2025-07-01
a69d06f6-dd6e-47e5-af81-239cc722659e,53.817852,-1.521863,280410,2,terraced,Leeds,LS27 0UC,C,2025-08-01
9f830415-357c-434b-866f-92313749f869,51.448033,0.357049,474615,2,terraced,London,TW27 1XO,F,2024-10-27
8b8e1b71-c03d-4367-9c4f-cd07bd0251ea,51.415611,-2.484394,237911,1,flat,Bristol,BS7 9GL,D,2024-11-08
158b7446-bdd0-4786-9ac8-8e12941efc6b,52.030317,-0.890993,558998,4,maisonette,Milton Keynes,MK35 1SB,E,2025-03-24
6d71f80a-65b8-49b2-85da-d197595139d2,51.512709,-3.093498,462262,6,maisonette,Cardiff,CF29 6MC,D,2024-10-03
528ae227-072c-49ad-9fc5-ff4a36a61c9d,52.573028,-1.847859,455855,3,detached,Birmingham,B28 0ZF,G,2025-01-29
ccd2c633-166f-4b28-b111-056ff906e446,51.731327,-1.430232,596145,2,semi-detached,Oxford,OX12 8UJ,F,2025-08-09
e12b238e-b2b1-4d66-b713-0f21036519b6,51.720731,-0.028846,632942,2,terraced,London,N35 8GA,D,2025-04-11
b566005e-45ec-4586-af95-81be34b44ed6,53.508536,-1.43144,233657,1,bungalow,Sheffield,S9 4YD,G,2025-06-14
740284df-557d-42fa-b209-956acabe818e,51.457398,-0.427797,774507,2,semi-detached,London,N1 3EU,D,2025-04-20
ba914ff6-380a-4001-8f2a-93ec255d2d62,53.373639,-2.858728,519254,5,terraced,Liverpool,L7 3DK,D,2025-06-04
f311f25a-d2ca-483b-b21a-75e382832945,51.795593,0.07575,1011418,3,semi-detached,London,W35 3XD,F,2025-06-28
6d8cd0d7-b38a-4612-a79e-a83b9118a197,52.944583,-1.141882,416623,3,terraced,Nottingham,NG11 8NZ,C,2025-02-03
2884183a-9c17-4151-bf6e-52fc29cbdfad,52.846485,-1.247339,337817,2,terraced,Nottingham,NG20 0HX,E,2024-10-02
16eefa45-444f-4f90-a484-6d319b64c5fc,55.85429,-4.044368,395169,2,semi-detached,Glasgow,G7 9NG,F,2024-12-14
8519a833-e478-409a-859d-5563e587bf3c,52.092084,-0.610957,909420,5,terraced,Milton Keynes,MK18 7KZ,D,2024-12-22
f71a1b35-31d7-4082-bd83-990c7f06568b,52.112387,-0.844885,421884,3,flat,Milton Keynes,MK22 2XC,B,2024-11-03
7860538d-d8c2-45af-ac6c-81eb735d0b6c,53.436964,-1.596428,263612,2,terraced,Sheffield,S22 2BL,E,2024-11-19
f510dc07-0ea0-4537-9d53-75ac5a378eb4,51.849791,0.168361,2053608,5,detached,London,CR1 4DO,G,2024-10-05
8e327bbe-bfd1-4539-bbc4-a4acd5d3217e,52.426397,-1.935484,394829,2,semi-detached,Birmingham,B11 8ZR,A,2025-01-05
30550dda-a4bf-4b47-af6b-7d3c2fc95811,54.964736,-1.630809,351267,2,terraced,Newcastle upon Tyne,NE5 5XT,F,2025-05-27
fd6f1679-ecbf-46c1-ad9d-1d66e756e81c,51.502034,-2.383585,484049,3,flat,Bristol,BS10 1GJ,C,2024-12-09
e5b5b409-c178-43aa-98f8-8eeb0295a2bf,52.579695,-1.863521,243904,2,flat,Birmingham,B14 2XJ,E,2024-12-26
7828fd6e-4e53-46da-b329-7f86d0aae9ad,51.406581,-0.947923,1034326,4,flat,London,WC13 6MF,F,2025-05-26
96c2b31b-96e3-4039-9a3b-149dda7a0038,51.458786,-0.989457,698649,4,semi-detached,Reading,RG17 4XB,G,2024-10-26
b92720a3-d0cb-4e43-9942-f923eba85cb7,52.38648,-1.889093,250059,1,semi-detached,Birmingham,B6 6DB,D,2024-10-02
832333f5-3aa7-4190-9ed0-ec8c0b8378d1,53.384416,-1.547564,399064,6,flat,Sheffield,S5 3SE,E,2024-10-26
af81f728-4289-468a-98c4-38c23c21488c,51.44581,-0.419292,536638,2,flat,London,SM6 1CF,E,2025-05-14
ec2d9449-4608-40d5-9e16-ef8db543fe7d,52.828929,-1.118424,250365,1,flat,Nottingham,NG21 6HG,C,2025-04-20
d9a86571-c6b0-4dd5-ad1e-caa89f5fc994,54.581649,-5.922838,279842,2,semi-detached,Belfast,BT35 9GZ,D,2024-12-14
2bb671b5-3f13-4f83-9657-b8e5c0714736,55.770854,-4.114256,421605,3,semi-detached,Glasgow,G3 5ZD,E,2025-01-02
cf2b2d18-5a46-41d6-9ea7-b9ca5655a527,53.028518,-1.180884,324696,2,bungalow,Nottingham,NG34 3UE,C,2025-03-28
69b17158-49c4-4706-b1e3-3a4d408a7638,53.310672,-3.015271,337426,1,detached,Liverpool,L21 2NL,F,2024-12-26
a96c6e58-9672-43a2-9e71-45a6b1a211aa,53.35424,-2.22637,547787,2,detached,Manchester,M9 7GB,C,2025-01-28
4fe52eae-c415-40d2-ab56-d3b87806cbb4,51.995406,-0.732333,329771,1,terraced,Milton Keynes,MK6 5YD,E,2024-11-12
634bfbcc-3486-40a4-9f58-b34c3b442422,53.106023,-1.174619,306834,3,flat,Nottingham,NG33 5RZ,D,2024-12-04
962eadd9-b99e-418f-bd68-02d4f45daaaf,50.91724,-1.428818,742758,2,semi-detached,Southampton,SO28 0PK,B,2025-08-08
2e05bfa9-b4cf-496d-8dd0-12e7245355f5,51.835129,0.212979,392337,2,flat,London,N8 5BT,E,2024-12-03
c8149a2e-6118-4e3a-b560-cd665c1cc9c4,53.40496,-2.611278,348674,3,terraced,Manchester,M3 1LM,B,2025-07-24
1fa3f0fe-ef74-4fe7-abe8-1f42041ce548,51.72306,-0.300593,593243,1,bungalow,London,BR8 3UJ,G,2024-11-13
3059ddad-ff90-4c84-a1b0-d9de9c6e83e0,52.564146,-1.987188,627716,6,semi-detached,Birmingham,B22 5MP,C,2024-09-23
7a6b4d6d-6f1e-40f8-925d-50988b3f1016,53.688779,-1.795972,196768,1,maisonette,Leeds,LS19 5PY,D,2025-01-25
a79c61be-9f32-4cd6-8f92-bc60acaa769c,53.392506,-2.487516,293480,3,flat,Manchester,M33 8TN,C,2025-06-14
671ddf24-5428-4576-b4a2-2d477ee28872,53.528924,-3.080753,197969,2,semi-detached,Liverpool,L27 3XA,E,2025-03-20
82ee0a02-d3bb-415e-aac9-9e8f6ffc40a7,53.453657,-1.659938,570794,3,detached,Sheffield,S30 5HF,D,2025-08-18
7dc14194-817f-4921-ab17-4772bd9a51e4,53.012303,-1.382225,336860,3,semi-detached,Nottingham,NG19 6BM,D,2025-01-26
622dcdd8-9bc3-4a3d-85d7-78a1273bbb51,51.628551,-0.079555,969910,4,flat,London,WC17 1LX,E,2025-03-11
c7e7fd45-ad0d-4a7d-bb40-57bb0e5ca3af,56.041735,-3.391772,1465813,4,detached,Edinburgh,EH24 4KZ,C,2024-09-23
0dced88d-4af4-406e-a112-1fb788e6623f,50.790007,-0.037437,275076,1,flat,Brighton,BN1 4MS,E,2024-10-08
8e6cea80-cf90-4e61-b405-02505e302ec4,50.815844,-0.08564,835262,2,terraced,Brighton,BN1 1LH,D,2024-10-26
ddebc75d-1781-4257-897e-9f0b3d521a2d,52.533221,-1.960345,443708,3,terraced,Birmingham,B1 9OD,E,2025-04-27
8363d3ed-0db0-422e-b068-7f363ef14f95,53.838742,-1.709765,171387,1,flat,Leeds,LS18 8SK,E,2025-08-30
dfe10393-b644-40be-897f-8e04026c80dc,51.712818,-0.370126,764411,2,terraced,London,UB12 3DH,C,2024-09-17
85ef7009-2ee4-4181-8109-4fe743f25aa9,51.480852,0.151243,638256,2,flat,London,EN34 7XW,E,2025-01-04
12a49593-ec4b-4b69-9243-e5a57d62ca2d,51.540505,-3.068685,682558,4,flat,Cardiff,CF18 1CH,C,2025-08-10
75d80d9e-b9ea-447a-b916-8ea6f63cdf31,55.891242,-3.011015,420402,3,flat,Edinburgh,EH19 1RE,F,2025-06-17
c450f234-b2e1-4030-aa4f-e4b10d2a61ea,52.07176,-0.891969,374944,2,flat,Milton Keynes,MK28 6RB,F,2025-01-22
9bb8a6b0-8313-4dd2-8954-be756e7a8378,56.064914,-3.147078,727660,4,semi-detached,Edinburgh,EH35 2SC,E,2025-04-14
d26e8eab-9b47-467f-a12a-a71f42a7ffbf,53.46212,-2.980293,193882,2,flat,Liverpool,L2 6UK,A,2025-01-27
2bf92354-9752-4894-b1d8-7d071fc64526,51.99942,-0.740913,541753,4,terraced,Milton Keynes,MK8 7WM,E,2025-05-18
b6ec5f93-e159-4b9b-9f24-7551dd0d1248,51.844085,-0.117724,573777,2,terraced,London,SE23 5KC,D,2025-08-25
2407583f-1211-46ad-aee8-907d19aeace7,55.952106,-3.100335,431365,3,flat,Edinburgh,EH14 4MW,D,2025-06-17
d4c7561d-e386-4127-9cf8-594058d1dcd4,51.368115,-0.379864,810888,3,flat,London,E2 5AR,B,2024-12-08
921b895f-133c-4e84-ba46-3b82bfd3280b,53.891368,-1.222295,499458,4,flat,York,YO9 9XA,D,2025-03-21
2df2b1b8-2275-423c-8c6d-a454728a22e6,54.569805,-6.09438,256858,2,terraced,Belfast,BT15 1DZ,D,2025-05-10
4b6b173f-c0e2-4533-be6c-7d9ee0fffb94,53.567065,-2.653258,247824,2,terraced,Manchester,M29 3PW,C,2024-10-02
06833116-c070-45bc-a80a-a08a38426ec2,53.089392,-1.297121,416848,4,terraced,Nottingham,NG5 5OX,A,2025-07-08
62f194cc-bdc6-450c-84a2-540c52fabd14,51.60123,-0.222695,649449,1,bungalow,London,W15 2TW,D,2025-02-09
f5a349cb-b38a-4a9a-9acd-918d22c3b78f,51.467439,0.152819,824508,2,bungalow,London,IG14 9WC,B,2024-12-30
daa18834-0e39-4a15-8ddf-e337cdad317a,52.420805,-1.802027,520981,3,semi-detached,Birmingham,B9 6DU,F,2025-06-22
132c6b0c-7232-4f94-a1bf-85a78e8966f0,55.829396,-4.605846,513316,4,detached,Glasgow,G35 9PE,B,2025-02-19
a8d97436-ad58-4dc2-a408-f087c9275aa0,51.319977,0.074498,1544733,4,detached,London,BR26 0MX,E,2024-09-25
d325284e-6247-4135-8d17-c09ec6cbd606,51.404076,-1.07647,669409,2,detached,Reading,RG23 3JP,E,2024-11-21
ead5073d-5155-4fef-b06a-0850da9532d7,53.407779,-2.112864,356215,2,semi-detached,Manchester,M7 1XN,D,2025-04-20
a4e5093d-4e3c-4a8b-b3cb-72cddb4b7c8b,53.690232,-2.322676,333568,3,flat,Manchester,M35 2NW,E,2025-06-20
a4d1a130-e34c-4e51-a1da-bd1aa107a685,51.427255,-0.087553,502813,2,flat,London,BR13 6FS,E,2025-01-25
8caa2a14-bf37-4e6c-9fe4-b2f18b846697,53.766194,-1.584649,376474,2,terraced,Leeds,LS10 8YU,D,2024-09-03
cfd60fd6-d368-477e-8200-d9f765b7f7c1,52.494011,-1.525074,189579,1,flat,Birmingham,B12 0XR,E,2025-02-08
ecc36c6a-46e1-4a78-a5d1-8faebc51b9ec,51.643429,-0.689941,446149,2,flat,London,NW12 4NG,C,2025-07-16
16b23bb3-f39d-4ab7-90c6-fcb620dfef9a,55.984975,-3.200955,507918,1,detached,Edinburgh,EH29 0WB,F,2024-09-18
98b9d755-29bd-4cbc-ad25-35a6f2b6b8ac,53.688637,-1.425304,277682,3,flat,Leeds,LS34 0GC,D,2024-12-03
1f0c3c5c-d27c-4fe6-8eec-1119d72eba97,51.784384,-1.363156,606899,3,flat,Oxford,OX12 6HM,F,2025-04-29
a2b6399f-9421-4471-af59-a9315e35ebb1,51.634092,0.595461,835750,2,detached,London,HA26 4TK,D,2025-07-03
0ee66466-54d7-448e-ad45-0fe0bc8d6109,51.322521,-0.017383,1040988,3,maisonette,London,CR12 1ZC,C,2025-06-21
c91b8a7f-7cba-493c-8489-486b342dd398,53.457884,-1.501279,412085,4,flat,Sheffield,S12 5PG,F,2025-06-16
2a93157f-c21c-4d95-920d-d5dee364a49f,51.558401,-0.226026,596099,2,flat,London,N35 1AX,F,2025-02-16
c88043ac-4c6d-4d2e-8e4b-ad0a94289806,53.554701,-2.386563,348534,3,maisonette,Manchester,M15 2KX,E,2025-01-24
cd960349-054a-4c2a-819e-253d164cbcf2,53.939037,-1.226606,393989,2,flat,York,YO30 7PN,D,2025-06-26
d41fc831-cdf8-4c24-aa66-7283d06dc205,53.514714,-3.014986,393278,2,bungalow,Liverpool,L25 9YF,C,2025-02-04
a3b25b9d-fef7-42ff-b9e8-6b472e7fb9ed,51.421408,-1.065527,390064,2,semi-detached,Reading,RG6 0AB,D,2025-05-16
1c2f51d3-148f-42d8-a78d-b460b813da90,51.82936,-1.280405,700008,2,terraced,Oxford,OX10 2OD,D,2024-11-19
cd73a536-2ccb-4d9e-9a47-73c16e35be4c,50.882441,-1.456506,451448,1,bungalow,Southampton,SO25 7FA,E,2025-01-16
a82fd030-3a2d-4596-87e5-1247a8ebfbd8,51.361504,-0.073434,616146,2,flat,London,WC21 4ZC,D,2025-06-08
614866b8-1595-41e4-9a7e-6e83d5d072d7,53.889141,-1.22436,253509,1,bungalow,Leeds,LS28 5BJ,E,2025-03-16
68929515-dacc-4fbc-afd4-2ef350a215c4,52.526582,-1.632015,417927,2,bungalow,Birmingham,B22 5SO,D,2025-04-22
129f93d0-0ac0-45e3-ab2f-83fcfb1591a9,51.576307,-0.507653,773826,2,semi-detached,London,SW7 3CF,D,2025-07-20
55d3f4de-030d-47e6-897e-68e172b9b718,53.619193,-2.259452,372501,2,terraced,Manchester,M31 4YU,F,2024-12-17
2dba89c7-8472-4306-80ef-7b3e1aa3b8a5,55.937808,-3.138642,468687,3,flat,Edinburgh,EH15 2NX,F,2025-01-27
8061519f-b0cf-44eb-9c04-a3208575848c,52.1568,0.064208,696435,2,semi-detached,Cambridge,CB23 0WO,B,2025-03-23
3e7e1fa6-bb76-4ea6-b3da-179ad3526ad2,54.530605,-6.148491,293267,2,terraced,Belfast,BT21 8GH,E,2025-02-05
dc71d198-47c6-430c-9a80-6ec5a4f9c777,51.770869,-0.211882,967368,3,flat,London,UB18 3GR,E,2025-06-13
74f289ce-ae53-4699-af05-6293afd76bd9,55.104036,-1.509817,499219,3,semi-detached,Newcastle upon Tyne,NE27 7AK,E,2024-09-17
3a3b0a6a-3645-44a8-85ef-e59a5f495eef,51.322189,-0.622996,447931,2,flat,London,EC16 3RU,D,2024-10-18
047f89e7-cd67-453a-ab7b-35cc46020dd0,52.957216,-1.423396,169912,1,maisonette,Nottingham,NG21 1JP,C,2025-06-11
68486d21-adfc-44f6-838b-4dc38db1e17d,55.953933,-3.180851,403128,2,flat,Edinburgh,EH21 6FL,E,2024-11-15
3aa966e9-68f2-4b45-a836-4dd1b82def08,51.429765,-0.900892,395874,2,flat,Reading,RG24 5LC,D,2024-11-27
6fcd6708-279e-496e-878d-e0b5ad9ad8c6,54.531938,-6.222516,409839,5,terraced,Belfast,BT4 8AB,E,2025-05-06
c35e0a5f-14e4-407d-8e06-0e9d323ed05f,52.331202,-2.039066,211274,1,semi-detached,Birmingham,B27 8CB,C,2024-11-08
31f8a083-adb6-4300-84ea-527b1f835e1a,56.029416,-4.391139,620602,3,detached,Glasgow,G18 8MS,D,2025-03-15
72f158f6-ad7e-46ff-8762-15c9d5ec3ecf,51.372133,-0.461287,636735,2,flat,London,CR14 2DB,D,2025-04-03
b1d2eb9b-d9a2-4c83-8a95-e6eb67bc80d7,53.399605,-1.471491,380934,3,flat,Sheffield,S8 4EJ,D,2025-08-26
c59a8695-b41f-49e6-8532-bc923c4654c4,55.920493,-3.361732,393561,2,flat,Edinburgh,EH14 1NY,D,2025-01-07
60083687-34c7-44fe-a30f-70fac85a5975,51.473343,-0.075607,825392,2,detached,London,HA2 4GH,E,2024-11-18
66c45a78-97e3-40c0-b592-9e4c459e182f,53.521325,-2.349715,311287,2,semi-detached,Manchester,M35 2LX,D,2025-02-24
b8343744-254e-4a8c-9e45-ce6af3e26cfd,55.822201,-4.310752,192685,2,flat,Glasgow,G23 7PT,F,2025-03-12
895a34d7-f298-44de-9368-efdef76f7478,51.593996,0.29096,549794,2,flat,London,HA29 1OM,E,2025-02-23
34ec63b9-5831-4a44-a45b-0312e55ac94f,51.702561,-0.660026,831350,3,terraced,London,KT25 8DO,E,2025-08-20
67b3aabc-7cb8-45fd-aefc-92327084f328,55.812087,-4.264241,327402,2,terraced,Glasgow,G17 9DZ,D,2025-06-11
7b6e1833-f723-4bca-87bf-70d08294098d,51.565237,0.162334,1150593,4,detached,London,W25 0KF,C,2024-09-02
7d6f21b3-caa1-4e23-8d08-66b8a6422420,53.280028,-1.217439,338005,2,bungalow,Sheffield,S2 8ZM,E,2025-08-16
302908e6-3772-4177-a2cf-bd25333b8f2b,51.645964,-0.280472,877529,2,bungalow,London,SW8 0FC,E,2024-11-21
d184635e-027a-466c-93aa-fcbf09478722,51.797114,0.264006,1169667,4,flat,London,CR1 5BS,E,2024-11-07
09ec7d38-c575-46de-971e-a737067a342a,51.479071,-3.277925,463785,4,flat,Cardiff,CF35 1EY,C,2025-01-01
dfd2fcbd-42eb-45c0-b94f-df0a9d93eb59,51.339405,-0.789501,1235877,2,detached,London,NW10 0MJ,D,2025-03-31
6f80593a-f9ab-4c27-b46d-42550ed59834,52.948106,-1.310219,396964,1,detached,Nottingham,NG31 5CZ,D,2025-04-17
4c38581d-c3ea-4dba-bb2c-603c9f4a0f83,55.951326,-2.936876,591740,3,flat,Edinburgh,EH18 4WO,E,2024-09-16
e0e41448-fc91-45a6-8a0f-aa8026f0f32f,55.845662,-3.994028,218662,1,flat,Glasgow,G12 7MH,D,2024-12-01
152f6646-7591-462d-bb33-2b597290c92c,54.745757,-5.86059,271395,2,maisonette,Belfast,BT30 8UJ,D,2025-08-07
422993d0-a406-4f4f-84a0-045aa359aa0a,52.282294,-1.88098,324513,3,flat,Birmingham,B3 1JD,D,2024-09-16
ce355fc9-c1d2-473a-bad3-4e502e6c2d9c,51.495914,-0.38182,475779,1,maisonette,London,EC18 8MH,C,2025-05-13
30a69e73-2399-4ca4-8846-519c2cb630ad,51.480488,-0.813152,627114,3,flat,London,KT8 1HO,C,2025-04-12
6f43ca53-d257-42e6-9e91-ad4e75f02ec8,50.802762,-0.209117,671920,3,terraced,Brighton,BN29 2NW,E,2025-01-22
0b2b5aef-6e51-4dc9-978c-9b5142481ffc,54.642338,-5.906033,446016,4,semi-detached,Belfast,BT11 6GG,D,2025-02-20
2810c953-a09a-463d-9f29-754bd4954e4c,51.437551,-3.240204,257161,4,flat,Cardiff,CF28 1OJ,D,2024-12-31
38c4eb80-9e2d-4266-8b01-c23b451a51e2,51.029593,0.267751,672136,2,flat,London,UB4 4CS,F,2025-06-22
92781d1a-9aea-42dc-ac5a-03154124e031,55.794376,-4.388984,249533,2,flat,Glasgow,G19 8RO,F,2024-10-29
93dc0462-25e3-4143-a8a1-a03cf42bbfba,51.451717,-3.262923,336631,2,terraced,Cardiff,CF3 1NE,A,2024-11-29
8e57f47a-7c75-4cf6-bdf2-00f9e179f926,55.932893,-3.448984,649875,2,detached,Edinburgh,EH33 7EB,C,2025-07-05
b92f542d-be01-4cb3-b693-302b7686f6fc,53.944759,-1.752175,475331,2,detached,Leeds,LS9 4NH,C,2025-01-07
3c9b786e-fdf3-4f13-902f-2ce1574d8230,51.971932,-0.657928,657720,6,flat,Milton Keynes,MK4 5PN,F,2024-11-24
2abf23b2-1446-43a1-867b-423d17417caa,51.306583,-0.631276,823560,4,bungalow,London,UB18 0AS,C,2025-01-16
0d6670f1-deb2-4b15-984a-a8173c707336,51.536346,0.063916,596174,1,flat,London,KT28 8BY,E,2025-06-16
43e32e2b-84ba-49d5-b745-f89833e2678b,52.887549,-1.277366,288794,3,flat,Nottingham,NG20 0EG,D,2025-01-27
2fe6ab03-5ec4-4aae-b5be-5be10db2237c,50.71886,-0.263078,425618,2,flat,Brighton,BN32 1CY,D,2025-01-05
94ec2c18-6074-470a-a1ed-ac942d02dbbb,53.366281,-2.695097,732364,5,detached,Liverpool,L15 0OR,C,2024-11-04
d867b7e6-81aa-4b22-b758-c7b14927c120,52.56944,-2.02798,1101171,4,detached,Birmingham,B8 4HR,F,2025-02-07
d7d45c15-8c00-424c-82d2-a1b59c503365,53.479398,-2.689839,316616,2,semi-detached,Manchester,M1 2TO,D,2025-01-04
4285dee1-b7cc-494c-81a6-be68fe0a3cab,51.426273,-0.346653,549186,2,semi-detached,London,SE32 9HZ,D,2025-03-03
213564df-b49c-4e02-88ef-7e14a93952f7,53.454189,-3.005827,237023,2,flat,Liverpool,L8 2DP,C,2025-05-03
6c69b8a3-65c5-4342-b15a-26b8e5dcfbc4,51.068784,-1.342292,848455,6,flat,Southampton,SO23 1BB,F,2024-12-22
33f1491a-9ad4-44da-b10d-573c2a0064ab,54.554083,-5.87885,439464,3,detached,Belfast,BT1 2JO,B,2024-12-14
d0b9276d-f05d-41eb-a4d7-c3e974a852ce,52.88882,-1.142971,403094,2,semi-detached,Nottingham,NG7 7SG,C,2024-11-04
9e1df709-8ecb-42c6-8dab-7268ca8726de,51.370522,0.064317,761458,3,maisonette,London,NW31 6PW,E,2025-01-15
5cd5cc96-b674-4bde-8123-623c8f59c237,52.508779,-1.880065,199135,2,flat,Birmingham,B26 0OB,G,2025-08-25
8c6bdc6c-c77e-44af-8e1b-7397c0d8585d,51.675268,-0.013345,675555,2,semi-detached,London,CR22 2TX,C,2024-10-06
7bacf63b-52e5-455f-8f29-66f0affdaf5a,53.500854,-2.982169,207219,1,semi-detached,Liverpool,L24 1KK,G,2025-07-02
10a20d77-8b09-4d13-b43b-700f8d4e09ae,52.909384,-1.089426,240303,2,flat,Nottingham,NG31 9JC,D,2024-11-27
2040a070-b4d2-4c66-be4b-486337f2b18f,53.575594,-2.22785,344561,2,terraced,Manchester,M2 5NO,C,2025-06-09
a380e9f4-63df-451a-bc97-a6d7036ad743,51.251026,0.005732,735317,1,detached,London,SW31 7TT,E,2025-03-27
28dff6d8-0e67-4203-b227-57fb873a3fdd,52.19153,-0.751388,315858,3,flat,Milton Keynes,MK27 1SM,B,2025-02-06
0c0b5ba0-0571-40a1-a311-197e25b49281,51.593046,-0.435627,618517,3,flat,London,SE7 4LL,F,2025-08-08
1c2c4e3f-6e0f-46be-bc71-c202eb81dbf4,55.950991,-3.340327,458441,1,terraced,Edinburgh,EH7 6BK,F,2025-04-18
b27941a3-7a44-4fb8-9906-4a2c88f31e43,53.928795,-1.110171,327986,2,flat,York,YO32 8HB,D,2025-05-27
c94706c9-178a-4d13-90c4-f1ce4409627b,53.388295,-1.550732,250598,1,semi-detached,Sheffield,S1 3ZD,F,2025-03-12
8f2b1c62-3252-4e3e-9261-268a05290c63,52.015477,-0.862852,599879,3,flat,Milton Keynes,MK14 6MG,F,2025-04-15
2bcd49f7-0f69-4aa1-a3ac-bf7459dc57b0,51.588702,-0.148964,1292657,2,detached,London,BR8 4EK,C,2024-12-05
dd20737a-ea3d-41f7-9e57-06e0a7898ad8,54.946568,-1.684235,170250,1,flat,Newcastle upon Tyne,NE29 2AH,E,2025-07-08
db6a3100-feca-433b-8116-c0d5fdeecac5,55.985744,-4.081917,299839,3,flat,Glasgow,G16 4JH,E,2024-10-16
4e85ef32-a849-4e79-9e28-9ac8bf1c16f0,52.871617,-1.05579,570337,2,detached,Nottingham,NG7 4OJ,E,2024-10-16
15b61337-bb44-446a-8408-e45ed7737a9f,51.517404,-2.545915,475793,1,detached,Bristol,BS35 5RH,D,2025-06-24
076ac53f-5074-473c-a5d7-2f563a2c1650,55.997871,-4.369769,156787,1,semi-detached,Glasgow,G15 3GM,B,2025-07-03
7debde09-c69e-447d-97e8-1e8ba4b5d072,51.528047,-0.920628,446753,2,semi-detached,Reading,RG3 7ZJ,D,2025-02-04
db908a5f-04ef-4c72-bf67-5918497b73f0,52.475174,-1.633522,211559,2,flat,Birmingham,B7 9AY,C,2025-08-10
1b0461b9-6cec-4cbc-b646-b269bbec82ec,53.731954,-1.507136,289442,2,semi-detached,Leeds,LS24 4YO,C,2025-02-21
c10d72d0-72a2-4b82-8274-d11e435f4f3c,50.801334,-0.008418,440212,1,terraced,Brighton,BN7 6HZ,F,2025-01-14
6888b48a-14ba-4dd1-a221-ae9804815d46,51.401754,-2.273083,1051988,3,detached,Bristol,BS13 6KN,E,2024-09-12
6db5d1ff-f244-48ea-bd86-59c233b7820c,53.857908,-1.294839,292505,2,bungalow,Leeds,LS35 3EH,F,2024-11-24
769a5882-51c6-4dd4-a7a1-3b1ab1835503,55.953857,-3.06661,461102,2,detached,Edinburgh,EH15 1SE,E,2025-03-22
23bff5c7-639b-4238-b84e-f0c34ee41a9e,53.413909,-2.275079,209334,1,terraced,Manchester,M1 4HN,D,2024-12-12
c02ad68b-d8a3-445e-b049-36892af21adf,51.669971,-0.272506,717161,3,flat,London,N24 4FU,D,2024-10-17
64e5a947-bea1-4272-b3cf-1defe3ba7f1f,56.006171,-4.259474,278960,2,bungalow,Glasgow,G26 4HE,E,2024-10-21
eede174e-2eba-4515-a9b4-f1be01e521c4,52.838343,-1.113519,594333,2,detached,Nottingham,NG22 8YF,D,2025-01-05
6ebc9203-ded5-4cda-8c0b-24bdaa93ccc0,51.5071,-2.42691,450216,2,maisonette,Bristol,BS13 8JU,D,2025-06-22
06d98412-e488-4816-9bde-2ab95343e314,52.12923,0.007303,969628,4,flat,Cambridge,CB13 7GE,D,2025-02-06
1d70564b-4af3-4521-afcf-faa3abc50b2b,53.004805,-1.018545,301503,3,flat,Nottingham,NG34 0AF,C,2025-03-15
dc10b8aa-4895-4eb2-8223-6e9c6c838175,51.46636,-0.399922,713098,2,flat,London,IG8 6AW,E,2025-07-25
61f3cdb6-ec1c-463e-a845-5f3759b52dc9,51.496979,0.198679,514943,2,flat,London,E9 6GF,F,2025-07-27
c1c80751-41b6-491c-97b5-cb5aa6e95b77,51.533402,-0.658633,525578,2,flat,London,UB27 0MX,A,2025-01-23
972c4d28-7d3e-4d1c-bc8e-de63c23cd570,51.549609,0.045601,684335,3,flat,London,BR7 7XR,D,2024-10-19
24f68af0-492f-4221-8699-d8475b014331,51.300246,-0.183847,1521817,3,detached,London,WC22 4HR,F,2025-02-06
d15bd7a8-d496-4b7a-af35-925dbb0d7fa8,51.442225,-0.146007,668706,2,flat,London,DA24 9UZ,B,2025-08-25
2942dab7-8687-4701-8925-4e62cfb293d3,55.929758,-2.930527,522877,2,bungalow,Edinburgh,EH30 1SK,C,2025-03-17
4de13509-6793-4f23-a587-6483ed5774f2,50.939137,-1.228302,455102,2,detached,Southampton,SO19 2ON,E,2025-02-11
a9276450-d1ad-429b-8e7a-2c6f4400ce63,51.386459,-3.206731,823795,4,detached,Cardiff,CF28 4CT,D,2025-08-26
bdaaec71-453b-4458-a797-892dd99548e0,50.761679,-0.10393,522292,1,terraced,Brighton,BN8 6SG,B,2025-07-31
0cfcab54-6062-418b-bcc3-2046206724dd,51.495206,-2.61243,811842,3,detached,Bristol,BS29 6XE,B,2025-04-17
8c20c380-2d63-44a6-894e-29a7d25cb132,51.486562,-2.540298,342600,1,flat,Bristol,BS9 7RT,E,2025-01-16
49008b30-edf3-4413-a52c-2a07af654ceb,51.721775,-1.297892,1197048,3,detached,Oxford,OX1 2XC,F,2025-07-12
ca49ed89-bb4f-4de9-9a25-970aa988b1fa,53.320504,-1.443442,312732,2,terraced,Sheffield,S26 7HN,D,2025-09-01
3acd2c81-94cd-4389-ba16-ed01d2d6fbb1,51.613769,-2.55008,508984,2,flat,Bristol,BS1 5TP,F,2025-07-27
cbfa9932-5681-4e8e-a950-836d36f61272,52.000982,-0.82445,1101826,6,semi-detached,Milton Keynes,MK6 4MP,E,2025-03-04
5405983f-739e-4b35-938b-503a32c72e94,51.301645,-0.110458,809491,1,detached,London,HA25 1WC,E,2025-02-18
c0f881a8-a2f1-4117-a30b-87cd0ee80c33,50.738552,-0.257297,1321658,2,detached,Brighton,BN35 5YS,A,2025-02-26
3d53e418-6802-474c-873a-06416a168ff7,53.335751,-1.555489,186798,1,flat,Sheffield,S18 8FL,F,2024-12-08
57429729-6db4-4e39-b9d7-d85f38e0936c,54.602997,-5.965949,249018,2,semi-detached,Belfast,BT26 3GT,G,2025-02-07
ca0ff934-aebc-4b84-9990-8ef459136551,53.465022,-1.358253,319975,2,bungalow,Sheffield,S26 9HZ,C,2024-12-18
80f12c93-52ed-4b9d-92ef-420e354e0845,50.90523,-1.306999,616019,3,terraced,Southampton,SO2 9LR,E,2025-08-30
ecb795e0-0de1-492e-a909-39e6300020ef,51.34702,-1.001273,470540,3,flat,Reading,RG16 4BC,F,2025-07-19
474b9b5b-4cc3-4e2c-895c-c3fec44c7c5f,51.715238,0.208749,1011615,3,semi-detached,London,KT34 1HO,D,2024-09-11
504c0cf9-9aff-4467-99d9-17b9bf0695c1,51.468471,-3.146556,335980,2,flat,Cardiff,CF20 9DC,F,2025-08-13
96aab31a-9aa0-44bf-a1c0-8c5af038ab44,51.406715,0.007463,644151,2,terraced,London,KT10 7ZH,D,2024-10-08
4e736fad-0232-4621-b033-90df5a5e681c,54.923385,-1.635597,495890,3,bungalow,Newcastle upon Tyne,NE12 8DE,C,2024-10-17
11168d03-8349-4576-adcb-aad08673eb34,55.853966,-4.339043,378257,4,flat,Glasgow,G2 8FR,D,2025-06-04
d27c122b-439a-4025-a52d-7453908d1221,53.362893,-1.861762,248318,2,flat,Sheffield,S21 2WC,D,2025-07-12
ebd76b43-70a3-4147-acb2-62681bf9c7d5,53.877549,-1.466171,255916,2,flat,Leeds,LS12 0LF,C,2025-02-04
804e6034-3db1-4e45-b66b-c0077db94e33,51.460241,-3.031649,520797,4,flat,Bristol,BS16 9TG,D,2025-07-02
60848b69-354d-4dbe-a470-4b25b5436dd0,51.66269,-1.17327,910561,3,terraced,Oxford,OX21 2UT,F,2025-06-18
3c59f2e5-63d0-4bac-aa82-c7aa2697f2da,53.38156,-1.69342,217598,1,semi-detached,Sheffield,S17 8RW,F,2025-03-08
747be938-399d-438a-969b-9b166229bbae,52.878684,-1.383044,246548,1,semi-detached,Nottingham,NG2 1KG,D,2024-11-11
059155a1-b2bc-4c73-b4da-b5766e3092d6,51.817015,-0.182568,448457,2,maisonette,London,SW8 3FD,F,2024-09-29
647dd355-eeac-49c9-be30-43574cae1d65,53.553474,-2.688158,281506,1,terraced,Manchester,M34 1EK,C,2024-11-21
028f5427-a79b-49f7-9f4f-d6a8d5d24664,53.466413,-2.726769,386573,3,maisonette,Liverpool,L24 5NC,F,2025-06-29
1ec8a900-f8b7-4491-a012-d92500172506,53.731802,-1.430494,374721,3,terraced,Leeds,LS6 6OU,A,2025-04-11
df872731-e25b-4fde-a04e-6ec4e3658060,55.096601,-1.609538,777666,5,detached,Newcastle upon Tyne,NE26 7UX,D,2025-02-25
99165949-094b-4607-a480-64dd63ad7d88,50.861013,-0.048949,706651,3,bungalow,Brighton,BN30 6AD,B,2025-08-20
fd4af815-656a-4be7-a921-b4a41a258931,52.858928,-1.396163,232126,2,flat,Nottingham,NG24 7DE,E,2025-01-08
8b1fe2f8-1a2c-4aa9-8d6f-b45f13f63a28,51.646222,0.507174,879216,3,terraced,London,IG24 8JR,D,2024-09-07
54062808-bab1-47cb-b363-97afab49edf8,50.798938,-0.062112,889822,3,semi-detached,Brighton,BN2 3DT,A,2025-01-20
9e5f532d-cbe6-4a60-8bf2-63ae397c94d8,53.260917,-2.270499,211202,2,flat,Manchester,M3 0JN,D,2024-10-17
c762e249-2fc4-423e-ad92-8eb2922fba94,51.356521,0.131521,1012010,3,semi-detached,London,KT26 9SR,E,2025-02-02
eb5a4a52-d2c1-495b-b5cd-6ceb83e59166,50.982801,-1.60713,485494,6,flat,Southampton,SO16 3FL,D,2024-11-08
a766f48f-8a2e-4e6d-ac5d-97b53975b9c2,55.878401,-4.220501,341869,2,semi-detached,Glasgow,G29 0TF,B,2025-01-31
7b55565b-8440-4a07-b7f3-5936a4d05c3d,56.001252,-2.903857,378373,2,flat,Edinburgh,EH33 7YU,C,2025-02-14
a4ebfec7-c966-478c-9dda-758da964a71e,53.571548,-2.23906,471759,2,semi-detached,Manchester,M8 5OB,D,2025-04-10
aaae6d8b-e30e-4332-a496-e5bc15f8026b,55.996811,-3.007884,432156,1,detached,Edinburgh,EH27 4WN,D,2025-04-19
ffaf6227-36cb-4ddb-aca7-152334db379d,51.534882,-0.576949,949359,6,flat,London,EC27 4TT,C,2025-04-19
e48b22d3-f3ae-46f1-848b-283eb9552f3f,51.582552,-0.412838,656665,3,flat,London,SM5 6AW,F,2025-05-16
2bbd12eb-26db-4246-a10d-9c147ea48e95,51.393116,0.198986,615995,2,flat,London,UB35 0NP,F,2025-04-17
d33104d3-9616-4e5a-84fe-8a05e8bfac3b,51.501068,-2.625002,324936,1,semi-detached,Bristol,BS24 3ZN,F,2025-07-28
89971374-b8d2-45d5-95d9-b091cb79de8d,52.932337,-1.317093,324325,2,terraced,Nottingham,NG7 8UJ,D,2024-12-28
d28a9173-0e75-4432-b765-52df4cb12f36,52.103465,-0.794657,514321,3,flat,Milton Keynes,MK28 6RO,B,2025-03-25
1f37cfdc-43fd-4fbf-956a-136224fd78a9,51.538742,-0.306753,492812,1,flat,London,N1 6FF,C,2025-01-01
a9096ff6-3091-4120-93aa-9413b38242e0,51.769531,-0.601516,1082141,5,flat,London,DA17 8SX,D,2025-07-09
a1e7617b-361d-4400-ae1b-cf5d1a814e50,51.438178,-0.348427,1304799,6,flat,London,E18 7EZ,D,2025-07-08
b4ab21b9-9810-45b1-b220-31f0b1f65f12,51.424692,0.040601,576429,2,flat,London,N30 8MX,C,2025-03-28
cc975cb2-39aa-4d9c-9aa1-f5124487e26e,52.934005,-0.976807,405244,4,semi-detached,Nottingham,NG29 7NG,C,2024-12-26
66dfb581-bd32-4240-a1ea-76946b5b1ab7,53.411392,-2.069508,282539,2,flat,Manchester,M16 0JL,E,2024-11-27
b77a94c1-4ea7-4afa-ae3b-e8baeae7b641,54.6547,-5.723087,264754,2,flat,Belfast,BT29 8DA,E,2025-06-19
6d23e943-028d-485a-97ed-85f675a887bc,55.948439,-3.034646,497840,2,terraced,Edinburgh,EH20 5RU,E,2025-01-15
9b509369-4f8d-4273-9ee0-d2e3ee9a8950,55.853429,-4.257349,541950,3,terraced,Glasgow,G10 1BD,A,2024-09-13
4c06dbc3-93f6-44c4-a77a-92e67fbaf8a7,55.921694,-3.971762,407446,3,semi-detached,Glasgow,G25 1AT,B,2025-04-08
a002afcc-f734-4706-b6d3-134e891b08ad,53.384733,-2.857671,420944,3,semi-detached,Liverpool,L18 6TX,C,2024-11-05
3990ed9f-19ff-4a13-bc17-5599caa355c9,53.404177,-1.486815,493351,2,maisonette,Sheffield,S24 4LU,D,2025-01-24
e9b9805a-c627-47bc-9e45-3c78a4d9b21e,56.101138,-3.277614,339344,2,flat,Edinburgh,EH11 6WP,E,2024-11-21
c204c4af-71dd-4019-bb9e-82e56ae1b557,51.389184,0.239632,1135151,2,detached,London,SM25 0ZW,C,2025-01-25
679f1b23-a8c3-4742-8d57-05bd36420007,52.479245,-1.971207,365734,3,flat,Birmingham,B9 1PM,D,2025-04-07
001a43cb-c19a-4748-93a5-06e5a7f62149,51.557839,-2.747198,841510,2,detached,Bristol,BS18 1WZ,E,2025-06-22
a34f2299-98db-49f1-9fd5-7ae3e2017102,52.140224,0.141668,921437,3,bungalow,Cambridge,CB7 8MY,D,2025-06-30
f120893a-1e7f-4646-a029-ae14a28b531b,54.513797,-6.155982,349876,2,semi-detached,Belfast,BT15 5OJ,G,2025-01-05
7a84b76d-8181-45ab-9257-34f1664624ab,55.958038,-3.222847,437494,2,maisonette,Edinburgh,EH6 5FO,B,2025-08-06
cbc04f83-c00f-4998-906d-d173bee38848,55.854835,-3.327511,513340,2,semi-detached,Edinburgh,EH33 9KT,E,2024-11-16
c672eb2f-6f4c-4096-a6c3-222fa4d45c8e,55.951922,-3.258582,340897,1,flat,Edinburgh,EH33 2RG,F,2025-07-28
964f5dab-12ce-46ac-817e-570ccaba77cd,53.354959,-3.033162,207300,2,flat,Liverpool,L24 7JS,E,2025-01-30
3ed11b8f-f617-4486-92e9-8221cd146e5b,53.333304,-1.444985,221032,2,terraced,Sheffield,S20 8SG,D,2025-02-19
e7f11b2f-5758-4048-8a69-71d802c0d936,53.595386,-2.200517,323206,2,terraced,Manchester,M29 9LM,B,2024-11-17
2d410cdb-36ac-4c9e-9ed8-85856d081004,50.891697,-1.428051,365428,1,bungalow,Southampton,SO2 9DH,B,2024-12-17
16ddd7b0-333d-43d6-8cd8-fa760c71aad3,55.009217,-1.575257,291371,2,terraced,Newcastle upon Tyne,NE26 9MH,D,2025-07-22
fe4cfc73-74ab-451e-b1f0-8600a9466214,51.639671,-0.572945,846077,3,flat,London,TW2 3YC,B,2025-03-31
b50ce255-1dd6-4940-b3b6-a7233611d4ae,51.825054,-0.274777,510525,1,flat,London,IG5 1TK,E,2024-10-22
0152f4a8-c67b-4fd7-9546-3eb429ad72ec,55.85591,-3.226936,270096,1,flat,Edinburgh,EH1 0NU,D,2024-11-27
cf59d465-f9b6-43e3-9bcf-023c9a1222cd,51.698566,-1.062033,773951,3,maisonette,Oxford,OX13 9KK,E,2024-12-25
67709844-1053-4cf7-8bde-fc82aea93545,53.4486,-2.098325,531659,2,detached,Manchester,M27 0MH,A,2025-08-26
6c3656a1-50b9-4196-8c3c-32db0f431b35,53.824846,-1.47583,664914,4,detached,Leeds,LS30 5UT,E,2024-11-17
af96e1ea-b324-4bd0-b44e-770b2a9378c1,51.498168,0.053298,772806,2,bungalow,London,E10 7MM,D,2024-09-12
2c973edb-85fc-4c8b-b406-bf1aa95d1313,51.396744,0.313527,1436234,2,detached,London,W7 9YF,B,2025-08-31
3a3ae7dc-3bdd-484c-97ea-e9f614d8bc0f,51.793607,-0.326094,858490,3,flat,London,EN30 7FZ,E,2024-09-05
d9bd658f-f876-4150-864a-3647b268dfac,51.472356,0.064962,793403,2,flat,London,EC9 2BJ,B,2024-10-02
650da599-04ec-4e27-be68-8daf34547c19,52.056558,-0.819108,455144,2,bungalow,Milton Keynes,MK1 2BX,C,2025-06-28
021ceb31-b678-416b-9c3e-17834d6823b7,51.668985,-0.005543,434419,1,flat,London,BR5 7KN,F,2025-07-03
b2864f6d-d118-42a2-8ee1-b91731221d53,51.537503,-2.599709,406266,2,flat,Bristol,BS27 7AS,B,2025-02-01
790fe5df-361d-4ef2-a75e-6e2d7e6d58f3,52.56456,-1.726543,210623,2,flat,Birmingham,B20 9KJ,D,2024-09-17
17a9bc21-df06-4b1b-8531-81e744502496,53.329112,-2.258856,399677,4,flat,Manchester,M25 2OD,B,2025-02-04
4f4a1f76-1612-41cf-b4d2-04a99befe7ba,53.42877,-2.137046,287774,2,semi-detached,Manchester,M35 7WY,E,2024-10-10
c8ab3613-38b2-4cf5-bc0a-a16d862343af,53.372373,-3.03284,325891,3,flat,Liverpool,L19 7FM,E,2025-05-10
2f95f05c-5e0f-4b1c-933c-35fd6abedb31,53.283324,-2.45791,340864,3,flat,Manchester,M25 9SN,G,2025-04-12
3123301c-86c6-4932-aa3e-4e9d827046de,55.97416,-3.928537,343211,2,bungalow,Glasgow,G33 1LF,E,2025-02-19
a1331c6d-e749-4661-9ada-61c6bde0cb0a,51.507108,-0.179088,1003428,2,detached,London,SE18 2ND,F,2024-10-04
1c698144-18b0-42e8-95fe-257ef255b358,51.78612,-1.35822,946167,4,terraced,Oxford,OX13 3PA,C,2024-10-15
c66249d1-5e3a-4d32-a28f-4866f4df7692,51.442624,-0.94913,405545,2,flat,Reading,RG10 7YF,E,2024-09-28
65504a9f-731b-4b97-a4a6-fc103370ce49,52.074009,-0.728948,255125,1,semi-detached,Milton Keynes,MK32 2BG,C,2024-12-11
db758293-7aea-45e5-a4bc-cb2cf2ba0a02,51.603417,-0.306496,1330940,4,terraced,London,CR6 0TP,B,2025-07-03
e7de7def-9bc1-462b-ac89-774805f9df8f,53.676764,-1.754243,237251,2,flat,Leeds,LS12 1RY,E,2025-01-01
ea1ab73e-b003-47b4-a7c9-47758fd0ce5c,51.421744,-0.369773,950526,1,semi-detached,London,SE21 2AY,B,2025-04-09
c99207ae-b683-43cc-9921-c58561cb0dcc,52.440297,-1.819807,298914,2,maisonette,Birmingham,B4 7AE,A,2024-09-26
74de4c2e-8e29-492b-aa2d-f362e0949cbd,53.411972,-1.422757,291647,2,flat,Sheffield,S26 7TU,E,2025-06-10
7dd30914-5814-407a-9133-8e4a22b474df,53.91793,-1.14673,303250,2,flat,York,YO22 9ST,E,2025-05-04
31491b3b-77bd-47f8-9a38-5d344784741b,51.656979,-0.019867,1296490,2,detached,London,EN12 3DE,B,2025-03-06
6245688e-5185-4375-a449-2e10333aee78,51.433975,-2.703244,562239,2,detached,Bristol,BS27 8PN,D,2024-12-22
f4e32d7e-0080-4945-904f-9bee326672f1,51.439203,-2.584109,359405,2,maisonette,Bristol,BS9 9ZN,C,2024-11-03
fdb3c1f8-8328-411a-803f-28a05658a1f5,51.642493,0.048566,629760,2,flat,London,NW21 9KS,E,2024-10-24
aede2837-f3a6-489e-b1ca-089064c8b6e9,55.952056,-4.192517,228934,1,semi-detached,Glasgow,G22 8OE,E,2025-04-28
ab9e9c5b-d45b-4661-8257-8d98f564b647,52.57359,-1.911643,409991,4,flat,Birmingham,B10 5DE,E,2025-03-16
0554707d-0af8-42e8-bccd-1bef6b6f57ea,53.538449,-2.134321,202903,2,flat,Manchester,M6 9WG,F,2024-11-24
bdfd12a7-5e4f-44a1-9157-1d0422da7d79,51.560039,-0.046676,720108,2,terraced,London,CR35 0BT,E,2024-11-15
30f54f41-5945-4695-bfb3-663eac6c8bd1,53.750062,-1.517534,286090,3,flat,Leeds,LS24 0PO,C,2025-08-04
81e82c30-02e3-46cd-bee9-7d6c16e58148,50.904499,-1.382203,325820,3,flat,Southampton,SO11 3AG,C,2025-07-30
aac464a5-f9c4-4bc8-bd36-1ea9d8dc6788,51.172573,-0.27477,442511,1,flat,London,HA35 7DR,E,2024-10-19
a2d673aa-8a92-4a4e-af6a-b612d7f472d4,55.737267,-4.20765,305538,1,bungalow,Glasgow,G33 1FE,D,2024-12-03
552e9581-9709-42d7-83e8-980f73516a8e,50.767108,0.020929,711089,3,terraced,Brighton,BN23 1UW,E,2025-07-12
c27e6667-5063-4915-abdd-1a13db79a4f5,51.462417,-0.067719,728684,1,terraced,London,SW8 6FN,E,2025-05-27
ea7832c0-ec42-4178-8168-48a8ebe9de63,52.157995,-0.840454,279016,2,flat,Milton Keynes,MK33 9UL,A,2024-10-23
4025ce1c-d454-4a00-b3f7-1b469fd0b38f,51.399837,0.10962,675285,2,semi-detached,London,CR28 3FW,E,2024-12-22
652a6cb1-d98f-4c01-ac68-c21620ca9105,51.4049,0.279976,670288,2,flat,London,SW2 5UF,C,2025-03-21
32dea188-0dd2-4489-afe9-22b116dbd994,54.961974,-1.671856,338790,5,flat,Newcastle upon Tyne,NE27 2WK,E,2025-02-21
8344f091-d9de-4994-a949-ee616d752802,53.508627,-2.934773,225508,2,terraced,Liverpool,L3 4UT,F,2025-08-01
d131b1b3-43a1-4de0-b5a2-67590b1834d0,52.189411,-1.818494,210144,2,flat,Birmingham,B28 8OT,D,2025-07-08
17153dde-86b7-4354-bdb7-ba6651a0e183,52.497348,-1.970546,206598,1,flat,Birmingham,B10 2CG,C,2025-08-10
31189508-6a1f-460d-9aa1-d4f021f84847,51.661843,0.313562,564981,1,terraced,London,SE6 7WP,C,2024-12-13
60a599d8-8dab-4d38-a40f-9cca11735374,52.437512,-1.818172,286356,3,flat,Birmingham,B23 3FT,D,2025-07-15
de4879a7-ca34-4df3-8a4c-3c6d3f4ba794,51.286316,-0.324623,1086823,2,terraced,London,UB11 6WF,E,2025-02-11
9219fa3b-c31a-4aec-828f-a7083d1eefd1,50.818813,-0.257567,715820,2,maisonette,Brighton,BN14 3RO,F,2025-02-08
359cc133-5c92-4dcb-b2cc-8de70048d865,53.461266,-2.28692,613061,3,detached,Manchester,M13 3ZW,C,2025-03-08
749b1198-ab00-4cdd-85a3-cddf162bae58,53.518662,-2.045044,335577,3,bungalow,Manchester,M32 6DX,B,2024-12-09
1e4acb20-acb4-4232-ab0a-f93bc17c9e50,52.646702,-2.07261,617041,4,bungalow,Birmingham,B7 2LP,C,2025-03-11
54862015-6fe3-4127-84bb-2e85c0aa3778,53.45259,-1.697615,332413,1,detached,Sheffield,S10 9OO,E,2025-08-22
8e63db83-f1b9-49c2-9201-6af13a4aa9e1,54.520485,-5.856095,213927,2,flat,Belfast,BT1 8TU,D,2025-03-30
0c4b0ec5-40d8-49a7-9523-6a64772a5bc6,53.356918,-2.312622,303927,3,maisonette,Manchester,M1 0AG,B,2024-09-20
ed0b0e25-1f28-4317-89f1-bedd155ab52d,51.725154,-1.177104,839846,3,bungalow,Oxford,OX29 8YK,D,2025-08-24
8945ae13-f6c1-4d5e-bcb0-a2ed23b5ba69,51.298932,-0.325251,1498303,4,detached,London,EC18 4KJ,C,2024-09-27
857f43a1-33de-4afe-a370-02e1c66e84e8,53.513998,-2.311887,278436,3,flat,Manchester,M16 6EY,C,2024-10-13
8fbca67a-f26b-4de2-8cf8-f090eabfd2e7,55.810066,-4.119724,245437,2,flat,Glasgow,G11 2UY,D,2025-07-13
3c4de228-82a2-4667-862b-cbf745ce4ab9,51.294231,0.142525,1132765,3,flat,London,N24 4WC,C,2025-01-04
29bea412-5849-43de-be0d-a6825658b2de,52.464045,-1.990387,357391,2,terraced,Birmingham,B8 5UK,E,2024-10-29
4d057c04-3c29-4d23-9141-2f7ba217bf8c,51.70712,-0.042345,646925,3,flat,London,NW13 3XS,F,2024-12-14
bbc51804-52ef-4442-b0e9-47c049dd2e73,53.747843,-1.688969,283578,2,terraced,Leeds,LS5 5FD,D,2025-05-10
25073ff2-c238-4e1a-a148-7c311e394f57,50.756426,-0.23191,668776,4,flat,Brighton,BN32 1RP,E,2024-11-05
eff0db3d-4314-4e55-96bc-3fe1934271df,55.021933,-1.558443,257853,3,flat,Newcastle upon Tyne,NE19 2XK,D,2024-10-20
05f10393-34e2-448b-8961-a65389e3ff76,54.601524,-6.082852,528015,2,detached,Belfast,BT34 1UB,C,2025-04-02
2254d2f8-5d42-47e4-a2f7-9d0b78552911,51.456784,-0.999143,597240,1,detached,Reading,RG7 4GO,D,2025-06-01
8ebddc75-d15d-4381-b52a-67461e5152a6,53.04503,-1.048538,433023,2,detached,Nottingham,NG35 1JL,E,2025-07-11
1869aaa4-1471-4930-81fa-302afc80092d,56.020663,-3.140679,311167,1,terraced,Edinburgh,EH6 5ST,E,2024-09-25
a7adf1a1-35a7-4169-bf23-edc26b7c6a57,55.969036,-3.063698,745471,2,detached,Edinburgh,EH31 4EX,F,2025-01-27
58a4068a-9fb8-4d7b-8718-13e6124d721b,53.306894,-1.44268,222157,1,flat,Sheffield,S14 6CL,F,2025-06-23
f0b64fd4-b786-4a78-8538-9b70e6f4bf05,55.90245,-3.297211,394080,3,flat,Edinburgh,EH35 5OC,D,2025-02-17
fab28e32-d79b-4968-b707-f79ddce31bee,53.429679,-1.969869,1386083,6,detached,Manchester,M9 8HR,D,2024-11-28
a731a3e0-3040-41c4-80c0-09fdab6e6315,53.558981,-2.208173,227120,2,flat,Manchester,M5 6CB,F,2025-03-21
9569e640-2f7c-4106-bb64-33db0e02f3f1,51.314487,-0.35485,717083,3,flat,London,E9 7GA,C,2025-01-29
b6ff74dc-faf3-4189-bf49-69cee77d8a3e,53.540455,-2.469476,518197,4,flat,Manchester,M14 8RP,E,2025-05-06
7e054c3a-e076-43cf-bd51-3cf85ee6aea2,51.399764,-0.095835,1030460,4,semi-detached,London,TW13 8XO,G,2025-03-08
55ac0d97-dc1c-4569-a2d3-0f91e9040546,52.134176,0.080702,935166,3,semi-detached,Cambridge,CB18 4CA,B,2025-07-13
bdacfb14-2b5a-4443-8f28-9064bbfa033f,51.752626,-0.109044,1280910,3,semi-detached,London,SW10 4TP,A,2025-02-15
a6038640-69ee-4baf-a4c5-2f35ff9971e1,51.529812,-0.36758,764999,2,terraced,London,SW3 0WL,E,2024-11-14
ac18f214-2c23-4127-b4e1-b5374960290f,53.711948,-1.700727,411576,3,semi-detached,Leeds,LS1 0PG,E,2024-10-02
3b5e9723-825c-4ab7-b8f2-cffa8c24eb41,54.72571,-6.099877,256256,2,terraced,Belfast,BT32 2FD,A,2025-02-06
2048218e-f324-4543-985f-82870e35cf60,51.514696,-3.072888,302264,2,maisonette,Cardiff,CF27 0EH,E,2025-03-02
cddf23fe-cc5e-4c89-92f1-c2b08de4660d,51.789716,0.045628,686088,2,bungalow,London,E18 4PR,F,2025-05-19
2de5ecb1-8870-4708-8da7-0028b9a267ce,51.401286,-0.987959,835375,4,terraced,Reading,RG9 4MZ,D,2025-02-19
d6b0ff3a-4494-4b7b-bc8d-7a7a607ea75b,51.456733,-0.092072,960393,3,terraced,London,UB6 9DU,B,2025-04-02
3c56ced7-efb7-4515-9146-86f3c02bbe4c,51.434348,-2.602612,382722,3,semi-detached,Bristol,BS18 8JS,D,2025-07-04
6ffca111-66d5-4008-9ec0-06875d18ddbd,51.317791,-0.265461,415190,1,semi-detached,London,KT10 0ML,A,2025-08-02
587e943f-0458-4064-a0a3-39bc046a078c,54.994605,-1.477403,179093,1,flat,Newcastle upon Tyne,NE8 4DN,E,2025-02-18
1f44ec6d-89d2-4809-8b9f-94d946de2256,53.386655,-1.342544,215894,1,semi-detached,Sheffield,S25 0TL,D,2025-02-16
157b1017-de48-449a-8abe-eb4d456c7637,51.061131,0.017259,921141,4,flat,London,EC29 1DS,F,2024-12-20
d1dbd920-038e-4c25-a0da-7a31d14411d2,51.40685,-2.611098,756365,2,detached,Bristol,BS18 6OA,D,2025-04-10
046d553a-8f3e-49eb-97a9-a7078f4fdea4,51.394025,0.715795,362056,1,flat,London,SW35 1ZS,C,2025-04-08
b3205103-ce0d-4346-9668-80ef29cc1c36,55.834056,-4.160991,286021,2,flat,Glasgow,G23 3OK,C,2025-08-25
89c1d2bd-9a53-485b-a243-003dfd562568,50.909667,-1.301818,445398,4,terraced,Southampton,SO12 5MU,A,2025-08-02
1ce279bd-1acb-4ca6-9e06-a3818345acf5,52.279352,-2.061726,215916,3,flat,Birmingham,B2 1FG,G,2025-07-29
3fed63de-a82f-449a-bb4c-18bd2d5eba21,52.624,-1.726233,338698,2,terraced,Birmingham,B20 6BK,E,2025-02-18
cdcd694e-7c22-450e-b1cc-e8d8a8899fd0,53.370934,-3.152699,329779,3,flat,Liverpool,L25 5ZN,G,2024-10-19
898c6934-e7d6-425b-b8f5-f93097ab0001,50.749435,-0.078511,449340,2,flat,Brighton,BN4 3MA,B,2024-12-20
9790ddc9-c7b4-4713-b0c0-7d50d4b8edce,50.844161,-0.173702,857683,2,detached,Brighton,BN10 1EC,D,2025-06-11
eb20c3a0-fce9-434e-94f2-caf0115ec6c0,55.019449,-1.602937,581140,3,detached,Newcastle upon Tyne,NE13 8TC,D,2024-09-25
38f36408-876a-4583-8597-feec0c06b766,52.78502,-0.969728,338932,3,flat,Nottingham,NG4 4WS,D,2025-07-13
15c98aad-0411-4e7b-9aec-98094b76d7b9,53.959794,-1.046022,417550,2,flat,York,YO6 1JB,F,2025-07-10
32107a32-c5fa-4b71-bbb0-6b98353154ca,51.569723,-3.372219,665382,4,flat,Cardiff,CF4 8JD,E,2024-12-08
7af63e27-9206-422e-a1fa-5f62a4d24e93,52.048094,-0.715627,527201,3,flat,Milton Keynes,MK11 8SY,F,2025-01-04
c99cb155-3f91-42e4-957d-31a5daf2e33e,50.865285,-1.265221,264497,2,flat,Southampton,SO10 2GY,E,2024-12-25
d4f63d35-a2fa-4547-9f04-d4051c5631d4,51.26065,0.383093,570560,2,flat,London,NW1 7AG,C,2025-06-14
e61e8043-61b5-4c33-81c7-ed760be630f8,50.813213,-0.149747,1394840,6,terraced,Brighton,BN2 0KD,E,2025-08-10
a60637ba-df51-4b2d-96af-3b95d74b0ead,53.644003,-2.154935,451255,1,detached,Manchester,M15 9LH,D,2025-03-20
c93cba04-0d41-4f73-b2bb-619aac91c8d8,52.935216,-1.381781,244910,2,flat,Nottingham,NG21 7HT,D,2025-03-18
3a393d49-f2e5-4386-bd2d-a463e3d1b342,51.715508,-0.071738,613329,2,flat,London,SM11 3NA,C,2025-01-09
4e0b11df-6c91-45fe-bf4a-3fbc49f540da,53.870117,-1.54781,350611,3,flat,Leeds,LS31 8XH,D,2024-12-27
fbec1611-386c-46c2-ab31-3ef4b0671831,52.265109,0.011527,675720,2,flat,Cambridge,CB12 6BF,E,2024-09-17
b17ffc69-8c3e-49e0-b52e-2a2d5f6addc9,54.713806,-6.012125,231449,2,maisonette,Belfast,BT25 3ER,F,2024-11-26
2dc62c82-1ff1-46b1-b4c8-5b7e8f6889ee,51.446077,-0.193144,770063,3,terraced,London,BR2 4SS,G,2024-09-12
daaca3c9-4d85-4f72-9f2e-2134eb37e2a8,55.949722,-4.167675,217266,2,flat,Glasgow,G16 8JE,F,2025-06-28
a30b580d-f432-4e04-a8cb-c1a947237d9c,50.930959,-1.309548,254668,2,flat,Southampton,SO32 6WD,G,2025-06-14
98078693-9c76-44a8-90ba-fbee9f1c9abc,55.897532,-3.318074,293017,2,flat,Edinburgh,EH14 9FF,A,2024-11-15
ae74eb7f-3b09-4472-bc7e-e519fb53aac7,55.876406,-4.004351,415015,4,flat,Glasgow,G2 3CN,F,2024-09-17
92efffae-464c-42b1-a24f-d3bc74f695c1,51.303604,-0.406327,1058347,2,detached,London,EC8 7FU,C,2025-05-12
acc6fea1-f6eb-4ec6-be7d-20589bca8e05,52.31975,0.085525,524349,2,semi-detached,Cambridge,CB15 2PZ,C,2025-06-13
f5fa946d-9f2a-496b-b8f4-19999d71aedb,52.042265,-0.624002,379505,2,terraced,Milton Keynes,MK29 6XL,F,2025-03-04
c719863c-f9bc-49c9-aad4-15cbc92b9dd1,51.844072,-0.531291,789380,2,semi-detached,London,E27 7MO,F,2024-11-27
af6973fb-2916-4f38-b5c2-77965ed670c6,51.419622,-0.769767,561504,2,terraced,London,TW18 2CA,D,2024-11-17
d44569c0-754e-4005-8f83-e67a98d50fea,51.492771,0.114018,771818,2,terraced,London,CR9 6JR,D,2025-04-27
958c9122-40b5-4ac3-afbb-a88121f2ca59,51.353212,-0.471108,771174,2,detached,London,UB18 5EJ,B,2025-08-01
dfaa263f-3c34-41d0-8a73-db323d70c07d,50.839286,-0.232624,539330,2,bungalow,Brighton,BN28 4BS,D,2024-11-29
92663df3-3bba-4ac3-acfe-9a08ed28532c,52.401041,-1.850226,530243,5,flat,Birmingham,B24 4GX,F,2025-06-08
d4f2271d-ab60-4ed0-bc4d-d6fc78eae82b,51.354145,0.293269,1009240,4,semi-detached,London,IG29 2TO,C,2025-06-11
5d3ad83d-b749-4024-98df-6829c5ce89eb,56.002139,-3.189288,959066,3,detached,Edinburgh,EH3 2ON,A,2025-05-31
84348319-8e03-40fd-8996-22c8952159b6,51.241244,-0.275522,931339,4,flat,London,TW13 8WF,C,2025-07-20
329d17f7-32bf-44ff-8040-bebc2039cd37,51.369044,-1.05185,290121,1,flat,Reading,RG8 6BR,G,2025-05-14
6c77ecd0-342e-48aa-9987-436aaac26e3a,51.630772,-0.439564,1576924,4,terraced,London,EC8 3GO,C,2024-09-03
ad1e6916-1298-4f64-bbc7-54a83ed8052c,53.533787,-2.349552,416646,2,detached,Manchester,M30 7YN,D,2025-04-27
4b566980-b42b-4a0a-a130-2995cec661f0,53.780921,-1.757559,537600,2,detached,Leeds,LS32 9WU,C,2025-04-09
4ec7268e-5f4f-40e2-8352-47929cf60158,51.622527,-0.332898,455246,2,flat,London,CR17 7UA,C,2025-05-10
269ebe9e-55f7-4faf-ae87-222c19e13bee,51.330028,-1.063583,894635,4,terraced,London,NW1 0WL,C,2024-12-30
bf6f188d-5f4e-4410-ab69-d30f2bcdf306,51.506773,-0.169785,839050,2,semi-detached,London,TW27 4OP,C,2024-09-30
6c8ff954-cac0-4a91-8a75-9158e5f017ef,51.521736,-2.937027,662278,4,flat,Bristol,BS8 0SK,D,2025-08-23
21354c85-155a-4d4c-a679-52ec2f39b87f,53.500309,-2.480618,289632,2,flat,Manchester,M14 0NR,E,2025-01-04
3649572e-6971-4d7b-a719-4b38b43e11fe,53.407542,-3.068997,298290,3,terraced,Liverpool,L26 2UY,F,2024-11-09
da6381b7-16ab-4445-a843-f3b1ef919532,53.817184,-1.549677,457822,5,terraced,Leeds,LS15 7CP,E,2025-03-29
1bac7f39-3cb2-4e78-aa65-d6e69b87ae7b,53.401344,-1.536892,422178,2,semi-detached,Sheffield,S16 5KY,G,2025-03-03
db8eba2a-d65f-4261-bb55-444c5ebe796f,51.405131,-2.651412,544171,2,detached,Bristol,BS18 3TS,E,2025-08-06
e27fe03e-1f60-4851-84c6-409d5f757175,51.614631,0.248154,1218717,2,detached,London,E2 7ES,D,2024-10-09
e5d4e02e-8d93-4471-9bb2-0808e847753e,52.390452,-2.041441,337939,2,semi-detached,Birmingham,B11 7NN,C,2024-10-18
3d021d4f-15fc-406c-a27a-badcab789e6d,53.455012,-2.981581,514880,3,detached,Liverpool,L12 4LS,E,2025-06-03
e78cb95d-a6de-4856-9182-01de10067482,53.381417,-3.10362,172685,2,flat,Liverpool,L15 7MH,A,2025-02-07
9ad8d045-276c-4976-947d-772a53c2e55a,51.416627,-0.984571,316900,2,flat,Reading,RG3 5MH,E,2024-09-09
3c38cdeb-7a28-4fa9-9049-6d3b069bca65,52.925466,-0.936686,210861,1,maisonette,Nottingham,NG32 2EB,G,2025-02-04
1594ff04-6f0f-4d98-b9d3-b31c3df36a87,50.849325,-1.494222,455150,3,terraced,Southampton,SO16 3LT,E,2024-09-04
7a324a78-0faa-4e34-a387-20448b08e36d,53.418371,-2.087262,359905,3,flat,Manchester,M16 1LG,E,2025-06-15
189be6eb-1fd5-40b1-a9a6-f73b2128e6a3,53.212935,-2.434203,373476,2,semi-detached,Manchester,M20 3BK,E,2025-04-02
5e9208d1-13c5-4974-9d1d-185a8fcd80c0,51.575428,-0.180498,1514669,5,semi-detached,London,UB28 5YN,D,2025-03-18
cd922171-1471-415d-b104-7e494673fd9d,55.784473,-3.149723,466191,2,terraced,Edinburgh,EH26 2UT,F,2025-06-27
d828d402-d16f-420a-8037-196e6de8ca60,51.485696,-2.45943,1048725,3,detached,Bristol,BS11 1RM,B,2025-08-10
3c18be37-eca0-4f0b-a734-015b3cfd384e,53.790316,-1.567445,307074,2,flat,Leeds,LS20 4PK,D,2025-01-25
f43b08bc-0e47-4e61-ae90-41a757034c4f,51.20692,0.158955,901712,2,detached,London,TW35 1DL,F,2024-10-20
a14b4532-2fb4-4326-b8a8-0ef9be16ea83,53.392207,-2.861625,479848,2,detached,Liverpool,L20 5KD,D,2025-06-03
9a9c1d1a-4e80-4ee8-b8a4-a49418f3cedc,55.050885,-1.458177,309000,2,semi-detached,Newcastle upon Tyne,NE9 3BG,E,2025-08-23
3a7168d6-38b6-4442-9d53-5bf17b0f1354,53.386377,-1.549281,295139,2,semi-detached,Sheffield,S8 9ZW,B,2025-07-17
1e6c0213-30bc-43c0-812c-0ceb403111e4,51.429924,0.255289,733979,2,terraced,London,CR16 2YD,C,2025-06-19
d602466e-dce7-4457-bb39-aabb9cdc5d50,50.918534,-1.455602,322463,3,flat,Southampton,SO35 2XG,B,2025-07-27
beb790ff-e583-4d50-a46a-f41034a435ce,53.971796,-1.01916,298797,1,flat,York,YO1 5HA,C,2025-08-25
5ef048ee-9c92-4e6a-8484-a17e80922bbd,51.698535,0.132611,361875,1,flat,London,E10 5EA,E,2024-11-15
1ec9483d-b6d0-4d6f-92f5-01245bddeba2,54.610297,-6.097206,152778,1,maisonette,Belfast,BT9 7MR,F,2025-03-23
26f927da-b4c1-4217-be97-12afa1feb6fa,55.970971,-4.107583,252706,2,flat,Glasgow,G23 5SG,D,2025-06-09
6daf9830-8642-4c0d-839f-43bcf32edbf5,53.387238,-2.074135,261894,2,flat,Manchester,M9 4TO,B,2024-10-10
57561a6e-a99c-4135-96e4-e7d8b133dfec,53.685214,-2.21407,267596,1,maisonette,Manchester,M1 1PH,E,2025-07-16
28bd5976-2570-43df-b780-f2ed7c06dc96,51.626527,0.019911,702675,2,flat,London,EN20 7UJ,B,2025-05-16
95e4855a-7bf5-4c34-874c-bff03b5a78f1,53.438798,-2.400264,445643,3,terraced,Manchester,M28 4ZN,E,2025-05-05
7a990d2c-4c33-4420-85bd-013cfcd81866,51.429556,-2.48963,457855,1,terraced,Bristol,BS4 2HZ,D,2024-11-29
7e3eaf46-0bcd-42f5-a01b-a2fc9f0d2e45,51.753447,-0.14126,882900,3,semi-detached,London,SW31 3YE,C,2025-08-13
fb4c13ab-7c39-47c4-a98a-48e24a3fcb66,51.481683,-0.881644,1103989,4,detached,Reading,RG17 2PR,F,2025-03-13
70a18522-84c8-4e46-bfc6-3a488b4938d5,51.662415,-0.928903,2081091,6,semi-detached,London,W34 4KE,C,2024-10-28
a5c3bf52-476e-4eda-ba44-89baf12b7e31,50.817404,-0.121673,362573,1,flat,Brighton,BN29 5OU,E,2024-11-24
73d5f1a6-57c1-4359-bdd5-1131efba7ddb,51.619202,-0.917925,546836,2,flat,London,EN11 9SK,C,2025-08-06
c3db89f7-fc7d-4369-aa21-0231bcdbde98,55.987282,-4.206699,432673,3,terraced,Glasgow,G11 0BH,E,2024-10-13
7595c548-221a-4ef1-a634-c2f47c908f10,56.009205,-2.945092,384814,2,flat,Edinburgh,EH32 9TZ,C,2024-11-05
872ac85b-75d3-4c7b-b06f-d5690cc549eb,55.895374,-3.248768,328848,2,flat,Edinburgh,EH28 2EG,F,2024-12-22
45ee86ae-7de6-4fa9-8332-1899d425878f,53.780767,-1.704189,251105,2,terraced,Leeds,LS9 3PS,E,2025-02-16
b53e3399-f451-4b60-9926-7aa80805639e,53.473754,-2.942531,196472,2,flat,Liverpool,L26 0YL,D,2024-11-16
e68ec5df-3725-4ad5-8fd4-688d474ff6ea,51.531466,0.067796,546955,2,flat,London,SW27 1NN,C,2025-01-15
4994c848-3834-4c3e-84d5-a9a25095463a,51.749613,0.272995,466590,2,flat,London,HA20 4CS,E,2025-06-21
1d9a6566-0e41-4f26-8dc3-52eb5fb18da3,51.36155,-2.442893,324883,2,terraced,Bristol,BS14 4YU,A,2024-12-28
e0e060eb-053a-46f3-bdf8-edcf807c2c5e,51.612797,-0.111384,744344,3,flat,London,EN3 7GM,E,2025-04-02
b7845ac9-d03d-4a54-b870-275c9e0209a6,53.452013,-3.025487,327944,1,detached,Liverpool,L28 0FZ,E,2025-03-05
d1757344-8c29-464f-9f49-0ee9092453e8,51.500529,-0.188747,522136,2,flat,London,SM31 4TO,D,2024-10-01
7da94b1f-1593-41bb-b814-45438d0a2610,51.450715,0.315168,412441,2,flat,London,EN34 6ZS,F,2024-10-06
1208863e-a385-4506-a313-0e054dd71f7f,53.359309,-1.368408,502471,2,detached,Sheffield,S7 7GZ,A,2024-10-01
6b71780a-9185-44f8-8947-ae61847287c1,52.206285,0.120077,509216,2,flat,Cambridge,CB21 4ZT,E,2024-11-09
0c5459da-48ed-4ace-bb64-034346abc626,53.330072,-2.330645,194830,2,flat,Manchester,M29 3PS,B,2024-12-24
a38adaea-3429-4b27-91e4-f1045b1cf3bc,52.927285,-1.087704,370027,3,semi-detached,Nottingham,NG33 7OG,D,2025-06-17
8cc176d5-67ca-428b-8c62-963a6098542f,51.490445,-3.030163,321950,2,semi-detached,Cardiff,CF10 9XT,D,2024-12-15
ee8eeb5d-c61f-4ba4-b55e-3042f102e671,54.919647,-1.595136,313771,2,flat,Newcastle upon Tyne,NE13 5MZ,D,2025-07-13
ff310fd6-0551-4e47-a4bd-e61b2835845d,51.52435,-0.321281,491445,1,maisonette,London,N7 2HX,E,2024-12-02
57d817bf-7647-46a8-87d5-d1387d34d2fe,53.171467,-1.617841,208371,1,semi-detached,Sheffield,S10 3XK,F,2025-02-04
9da9a0e6-2b8f-480f-9726-f140e27f2cbc,53.409664,-1.546249,260246,1,terraced,Sheffield,S21 7GR,D,2024-11-08
c5e9c219-fb2f-47d5-96e9-572e33bb2111,52.606273,-1.841509,365645,3,flat,Birmingham,B9 9CL,D,2025-06-05
a5cfaeaa-8d11-4bcc-adaa-e51fe369fc4a,53.47267,-2.064565,581445,4,semi-detached,Manchester,M30 3KK,E,2025-07-02
56864726-7b61-46be-90d4-7e419a755bc0,53.326026,-3.134866,574073,4,bungalow,Liverpool,L28 1PA,D,2024-11-17
6b7bda3e-e1a2-4785-b507-3955eacab4b3,54.57906,-5.982332,267627,2,semi-detached,Belfast,BT14 7PK,A,2024-09-27
e830e617-70a0-4706-960e-48f64771a88d,53.522361,-2.308584,516652,3,bungalow,Manchester,M8 8GO,D,2025-01-23
3fff43e6-4314-49a9-ab3d-7ffb42f7cf22,51.298075,0.547576,1243060,4,bungalow,London,SW15 4WU,D,2025-05-12
97cfeadc-3093-4448-9164-1adeb571a3ca,50.848786,-0.231865,578346,2,semi-detached,Brighton,BN8 4KA,E,2025-03-31
a4d8e70c-b0a5-4d50-a330-dbcb69617a11,54.784866,-5.870684,157257,1,flat,Belfast,BT5 9UM,E,2025-03-04
c4e21240-a5dc-41eb-ba48-8e603f14e984,54.692832,-5.950812,248609,1,flat,Belfast,BT1 2LL,B,2024-09-18
1c036fee-0710-44f0-a4e2-958292de3e11,55.834411,-3.862292,423634,3,terraced,Glasgow,G5 4MJ,D,2025-04-06
b2e51ac8-4925-4cb8-a970-8794c4f03b14,51.479332,-3.004404,291568,1,terraced,Cardiff,CF9 0KA,E,2025-01-28
037c165c-0f8f-490c-96c0-29cfe9860bb8,51.453249,-0.050514,720480,5,flat,London,IG14 9CL,B,2025-01-24
bdaca073-9261-463e-8357-7f2660e59667,51.43899,-2.999951,307971,2,flat,Cardiff,CF28 4EL,E,2025-06-21
f98ed29e-5293-4594-942c-784577817528,50.910115,-1.518,455395,6,flat,Southampton,SO13 0FS,D,2024-09-11
1d9cbbcb-7b3a-411f-bb12-93968e094af2,51.455738,0.437257,734949,2,flat,London,SE21 1JL,E,2025-07-16
a967df1b-382b-4c79-9ff1-9803748aa977,51.824963,0.301766,542566,2,flat,London,SW12 2BM,D,2025-07-26
3687d47e-2368-4d27-9982-2d92e1d5fb39,55.998567,-3.402147,593619,4,flat,Edinburgh,EH14 2HW,C,2025-03-16
5713515f-1ba5-4fc1-8706-8ffedfe49fb9,52.957976,-1.021625,276009,2,flat,Nottingham,NG28 3JF,E,2024-10-12
1aff1867-af38-40c9-9b75-0ea25e8ff48a,51.38219,-2.629437,362450,1,flat,Bristol,BS22 2NN,D,2025-02-15
0f826cd4-7d6c-49db-aa38-78875fd3d59e,51.586504,-0.896874,357102,2,flat,Reading,RG16 6UZ,D,2025-02-13
e35b61c8-fc44-413e-8f66-61ea50742428,53.314344,-1.50173,368436,2,terraced,Sheffield,S27 8LS,E,2025-02-03
7c945078-b008-4f86-a23d-9bd649702641,55.828061,-3.177314,406112,2,flat,Edinburgh,EH27 1MH,E,2024-10-02
bb6b8b5b-3d5b-4cde-b742-3ac9253c9d2b,55.916368,-4.176812,320095,4,flat,Glasgow,G7 4TW,D,2024-11-22
979da2b8-e42d-4ff5-8e61-400f13887913,51.176588,-0.255515,458734,1,flat,London,IG29 6FL,E,2025-03-10
5cc8fa47-1dc3-4b29-b708-586f5f77fa4f,52.181326,0.128173,434770,2,flat,Cambridge,CB7 2MU,A,2025-08-16
13df5db6-2ef1-44ad-8822-c6e84673512a,51.693521,-0.50702,582197,1,bungalow,London,SE6 7DG,F,2025-08-25
d78d5e1d-d0d5-40bc-b21e-cbb03380b3dd,55.936196,-3.05597,470165,2,semi-detached,Edinburgh,EH20 5ER,F,2025-01-22
08f9ecba-b223-4f07-b94a-35cee343fe40,50.8189,-0.327531,527220,2,flat,Brighton,BN32 4WD,E,2024-10-09
559d9664-0197-4458-8c4a-56bd0f55e40f,51.472303,-0.216183,730029,2,bungalow,London,BR12 6CO,D,2025-03-21
a2d3704d-bf3c-456e-94ef-f41066ac4f78,51.485663,-0.229087,522298,2,flat,London,SM35 9ZW,C,2025-04-11
69553aeb-aa98-418b-9f68-2b15923f3340,54.954427,-1.582731,221766,1,flat,Newcastle upon Tyne,NE24 5SK,F,2025-02-15
d660d110-02b8-4499-a0fe-792a84a06318,51.605284,-0.651072,1066362,2,detached,London,HA8 3AN,D,2025-01-18
aba9a7df-8ac8-4c67-a329-da720cf58fe0,51.561678,-0.304731,543680,2,flat,London,WC23 9UW,D,2025-08-14
e32c0bb2-b97e-42c8-9866-108186014f49,54.937082,-1.698315,724937,5,bungalow,Newcastle upon Tyne,NE13 5PE,C,2025-08-30
d0c3cd51-5a6d-4b9c-8926-8bb23cb550c3,55.84873,-3.294497,394307,1,terraced,Edinburgh,EH2 4DW,D,2025-07-25
efd36cce-7442-408f-b286-d09276963533,51.578864,-0.368983,891105,3,terraced,London,SW3 2CX,D,2025-08-22
98900353-afa9-4c95-8c10-5d388c6a28ef,54.042464,-1.046124,338636,1,terraced,York,YO29 4HN,E,2024-11-24
309ef164-d4a4-4e56-ac3d-be93edcc08af,53.353701,-2.188605,784730,6,detached,Manchester,M27 9OU,E,2024-12-10
a6ba73cc-de80-42e6-b2f0-f85924687903,52.582337,-1.438396,454388,5,flat,Birmingham,B6 6LE,D,2024-09-28
e35a22e0-2ad4-4624-ac5a-e0382f08f998,51.658394,-0.15695,543614,1,flat,London,W26 4JK,D,2025-08-29
d8628093-2af1-4718-8acc-3b0eaaa2b0e8,54.643295,-5.903635,296211,2,terraced,Belfast,BT4 3GH,E,2025-03-03
33a38249-f411-45e9-99a5-d9d08bd1a2c1,55.737748,-4.099402,242200,3,flat,Glasgow,G26 2ZW,E,2025-06-14
9114c926-9e83-4d6e-8baa-8e7e797a3e9a,53.941456,-1.696062,349953,2,bungalow,Leeds,LS26 6WG,D,2025-06-30
3324dda7-30b6-4670-b8dd-cd5ed0265b86,51.690739,-0.261808,913508,3,flat,London,W10 0OD,E,2025-02-23
6c077f97-1e1c-4307-97b6-c5e3d48b5eb5,51.505188,-0.045607,467800,2,flat,London,CR10 2LN,E,2025-02-26
c9754f04-71c0-402b-ab37-8e070575cf2e,54.633066,-5.745624,330401,3,flat,Belfast,BT9 3CN,E,2025-02-22
d9128071-aef3-4e37-a46a-3d1d9d890987,51.602423,-3.095077,467093,4,flat,Cardiff,CF6 7RO,G,2024-09-30
6b8c1704-7bf3-4867-9269-36af6aacc8a5,51.570677,-3.412879,300773,3,flat,Cardiff,CF27 1WB,C,2024-10-17
548ca559-0dc7-41cc-ac74-d14d3e38515d,51.635168,-0.080839,372942,1,flat,London,SW5 2NX,D,2025-02-02
5b4be000-19f1-4021-b3df-9d6aee85e17f,53.49082,-2.292153,390081,3,flat,Manchester,M16 9TU,F,2025-04-23
fb768379-9fa8-4616-8793-b6d3fd72d32a,51.399784,-2.68289,469245,3,flat,Bristol,BS32 8GY,D,2025-03-12
26339aef-7e84-4af6-ba5b-6c1806ef1043,53.039338,-1.220759,613218,5,semi-detached,Nottingham,NG26 4FO,D,2025-06-21
26b969c0-73fe-4ce8-842f-2a7604b4214b,51.991325,-0.672395,288314,1,bungalow,Milton Keynes,MK25 9RO,C,2025-06-10
7cc4e947-1ecd-492b-af86-f816f6260146,53.452763,-2.407772,250369,1,semi-detached,Manchester,M21 6TL,F,2025-01-30
f6d9ef52-5098-4d42-ae7d-4b0c935aa25d,50.874052,-1.389785,482800,2,semi-detached,Southampton,SO17 4EC,C,2025-05-30
370c24a1-52e8-4faa-ba51-7aa127028fd8,52.535177,-1.699888,324284,2,flat,Birmingham,B2 0YS,D,2025-04-26
566d31a6-7599-4fef-8d8f-e998419b91ff,52.256283,0.161134,714162,2,flat,Cambridge,CB19 4XC,B,2025-08-01
7bc03e27-f4cb-47aa-b4b4-e2fcf1f268ee,51.352351,-0.148781,705918,2,semi-detached,London,IG30 5MS,B,2025-07-12
156f5651-1d9b-4db9-921f-3e8ddbb090a1,53.853429,-1.422726,1212193,4,detached,Leeds,LS10 7YD,D,2024-12-29
90a1b515-9b70-4b2c-9025-cd7bcb903e15,52.010788,-0.891825,368073,2,terraced,Milton Keynes,MK23 6LP,E,2025-02-28
1330a618-bf8c-41ab-aff2-c95361fdebb7,52.357726,-1.855995,340142,3,flat,Birmingham,B5 5TJ,F,2025-05-22
84cd77b0-640d-446e-a8ae-7be10fdc4ce7,51.793579,-1.269889,877793,3,terraced,Oxford,OX17 5CX,D,2025-06-30
ecd0cf95-a5a5-4696-a6ab-9dc27719f82d,51.597059,-3.065917,512500,4,terraced,Cardiff,CF9 0XP,E,2025-01-05
90e7a6e5-cfbc-4501-8c02-da7c7465bae3,51.580362,-0.37058,671583,2,flat,London,WC1 9BA,D,2025-04-13
9770b912-1ab6-461f-9f73-1954d0624952,51.96979,-0.793442,604621,3,flat,Milton Keynes,MK31 1WZ,F,2025-02-28
1deea2e0-cc98-42a0-8345-44861493d3ea,53.443553,-2.098826,285711,2,semi-detached,Manchester,M19 4AA,E,2025-04-11
57fce114-968b-4d54-aa36-4a6238cd77ff,51.502838,-2.860386,364457,1,bungalow,Bristol,BS16 9ZA,D,2025-01-30
36bae58a-4889-42a1-a550-24100292b102,51.645813,-0.394269,1067708,3,bungalow,London,CR10 6AA,D,2025-01-06
16388932-6ff9-49e5-9111-8dcfd418a6ca,51.471841,0.139789,812353,3,terraced,London,W7 4UN,D,2025-05-01
5efd04db-17f0-40e0-b56f-787e2ac83776,51.493673,-0.222961,398774,1,flat,London,EN27 3NW,E,2025-08-14
981f602c-226c-4196-a789-49189010537a,53.787881,-1.304103,204107,2,flat,Leeds,LS12 8XH,D,2024-09-18
f1da00d1-540a-412b-9795-0a2d719f5f9a,51.526108,0.121357,606793,2,terraced,London,W35 0SC,C,2024-12-10
4c12b7f6-7135-476b-9c0a-44327a754970,55.901699,-3.177352,339301,2,flat,Edinburgh,EH27 5XA,E,2024-09-14
74c0915a-82c6-49f3-8262-35a1f93b6e51,55.892063,-4.285951,486107,2,detached,Glasgow,G2 1XN,F,2025-06-13
4ab45754-1855-4dfe-8431-d7026b763758,55.792848,-4.443389,276600,2,terraced,Glasgow,G21 2FT,F,2025-01-08
11c2282e-95f6-45a0-927c-3d26bc57bb27,51.665011,-0.217005,436189,1,flat,London,EN32 6KA,D,2024-12-04
a92a7588-2f11-4614-86ed-fa946cfb09a3,51.455142,-0.005687,1423992,4,bungalow,London,NW9 9MN,D,2025-07-23
bcce3cc5-38da-4da8-a9a5-ddc32fbe7d25,50.810565,-0.171897,444369,3,flat,Brighton,BN12 8PT,F,2024-10-09
78ff3ee7-0102-4fd7-8a4b-2b09a45e0e4a,53.402228,-1.306566,293990,2,flat,Sheffield,S32 4FU,E,2025-06-18
9d28d53c-3a18-429d-9916-0ddd1317a484,54.663553,-5.837309,241679,2,semi-detached,Belfast,BT13 0EJ,E,2025-06-23
4cbdc28b-b5e3-4471-babe-fc11eb0f75ea,50.909428,-1.442395,347913,1,semi-detached,Southampton,SO6 4KN,F,2024-09-20
709b3bdd-c939-48a2-9e5d-678750515338,56.049387,-3.091489,646012,2,detached,Edinburgh,EH11 6RG,D,2025-08-18
5c6cec13-a733-4822-8d82-31bb51c9a587,53.941903,-0.975051,347261,3,flat,York,YO4 7GJ,C,2024-09-11
76a40998-2df6-4b9d-b1b7-5457c82dad2c,51.305302,-0.547908,1032390,2,detached,London,EC2 1OE,D,2024-09-15
b9a48aed-fbc5-4ebb-b3d7-a9c9e06d7f25,53.897271,-1.04952,360866,2,flat,York,YO28 6FY,D,2024-12-06
f6ba563f-e43a-4fca-8e22-5fa657e32ebe,51.733014,-0.163398,1011460,2,detached,London,CR7 2CY,D,2025-06-09
e1780695-0974-4726-8a38-608e5284988b,51.452447,-2.670656,325824,2,semi-detached,Bristol,BS29 3YD,F,2024-12-19
43d8cd7e-8524-4647-bdb0-9646fda1324b,51.488883,-0.17002,579994,1,semi-detached,London,SW12 3DH,C,2025-01-19
5435ace5-73c9-4e1e-a04c-6aa2e590e452,53.462688,-2.278308,471806,3,semi-detached,Manchester,M34 3XK,C,2024-09-16
76e461d2-1816-445a-b419-4297b40dad45,53.309934,-2.809126,293981,3,flat,Liverpool,L9 6LC,F,2025-01-27
b8abc864-f7f1-4caa-a165-2d564be4cce2,51.497472,-0.389008,729835,2,semi-detached,London,NW21 7GY,D,2024-11-17
d8ecced0-dc02-4335-b645-a2807cf19d27,53.390581,-1.507632,338459,2,detached,Sheffield,S21 0AF,A,2024-10-24
16c93bd6-1efd-4bc3-a988-606f498461b9,55.96455,-3.099791,266921,1,terraced,Edinburgh,EH18 0WG,C,2025-04-03
62c89627-56a2-4a65-98be-5afa37141e3c,55.773388,-4.375284,354290,3,flat,Glasgow,G5 6SD,E,2025-08-29
d47379e9-7ab7-4c00-8107-d2a95ae8ad73,52.472745,-1.736453,285451,2,flat,Birmingham,B28 7FB,B,2025-08-08
8aab009b-5c13-4330-affd-5c4c8ea6098e,55.89183,-4.254199,503243,5,bungalow,Glasgow,G35 8RK,F,2025-05-14
9f012488-3e11-447a-8fb4-e02b7da944c9,52.111208,0.086601,609635,3,flat,Cambridge,CB5 7OD,E,2025-04-04
634bdc4a-8122-46d5-b4ad-80341e8e4d1c,52.215216,0.176429,581160,2,flat,Cambridge,CB35 9NU,D,2024-11-20
53e5606c-4bef-4514-a7b8-8e110739e0f2,53.397315,-2.953052,290267,1,bungalow,Liverpool,L23 9FE,E,2025-02-18
e120d8d2-d0ae-4ade-9256-8644b7a12d37,51.440949,0.146037,746505,2,detached,London,SM11 2SF,D,2024-12-02
d2b7c3fa-eaa5-4077-a9c2-1c515981452f,53.588814,-2.98864,177995,1,terraced,Liverpool,L31 4UW,D,2025-07-10
fef4a06b-2822-48cd-b2da-ec7b4e565c95,53.907089,-1.242744,346579,2,flat,York,YO1 6CR,C,2025-05-23
ddd63383-8aae-443f-b7e6-ee32d7b7396e,51.594177,-0.08054,537649,1,maisonette,London,SE25 3ZG,D,2024-12-07
af35e175-d10a-4ffc-844d-0048e72d4adb,51.3129,-0.421604,837020,2,semi-detached,London,EN33 3LZ,D,2025-04-13
adf0bdfe-5b3b-48ce-b4da-b296d51b1348,55.878132,-4.172408,182365,1,flat,Glasgow,G7 7RX,E,2024-12-16
43cfae6a-f9dc-4302-b9c0-9ee1889af62f,51.654704,0.111795,938680,3,terraced,London,EC19 0ZF,D,2024-09-15
5cd729c1-1b6e-4116-bd1e-c0ef37fcc7be,51.302788,-0.010489,513495,2,bungalow,London,BR12 2UM,C,2024-11-15
c39c81b6-624b-48c1-88a0-4053ee6b42ed,51.888973,-0.482292,1133483,3,detached,London,UB34 9MW,C,2025-01-27
015e9b2c-ae99-4584-8f20-2fb31fb0566b,52.3848,-1.60659,185875,1,flat,Birmingham,B3 9UL,C,2025-04-10
3a5618aa-817b-4e23-b368-bab25755995a,55.936842,-3.158494,818968,4,semi-detached,Edinburgh,EH2 6UB,B,2025-07-22
098c7933-25e8-4d36-8904-bf4e71c303ea,51.405419,-0.909518,435734,3,terraced,Reading,RG21 0XL,B,2024-09-16
88885753-85a2-414e-95ff-718645355957,53.502106,-3.270268,312258,4,flat,Liverpool,L34 5AJ,D,2025-02-05
ac3807fa-fbf4-4fb6-a874-c8620b8bf62e,51.217129,-0.394098,917806,2,detached,London,UB28 1RZ,D,2025-07-01
117f64f5-a809-4d0b-8d9e-d4cd379e0bc4,51.929752,-0.089078,1134877,3,semi-detached,London,SW29 8UN,E,2024-10-08
794bf482-1c2c-4351-b195-1b2d149d663d,55.97557,-3.919483,758328,3,detached,Glasgow,G4 3OG,C,2025-02-08
04dc9514-9472-47fa-85d4-d37bb37af7b4,51.331707,-0.516039,1258675,4,maisonette,London,NW31 0PH,F,2025-03-04
745949c7-8fa9-45af-a5a9-cc1ea51744be,51.897843,-0.387742,555422,2,flat,London,UB32 7JR,G,2025-04-09
36190e77-c06d-4047-93f1-988f3e08c892,53.442781,-2.059681,233675,2,flat,Manchester,M3 0BJ,D,2025-04-30
9bf569d7-da46-45be-87ba-db4453d2fff3,51.622196,0.323331,793660,2,semi-detached,London,EN6 1TD,E,2025-02-09
bce9c021-fb19-44ec-bf20-36803bf60ff4,51.821724,-0.145565,629937,1,semi-detached,London,EC1 2UZ,C,2024-12-30
98acc863-0c97-4e46-aa29-482541003eb5,51.353783,0.04876,784349,2,semi-detached,London,W15 8RX,C,2025-02-03
d66bd973-5437-4e8d-84c1-ade8ee493d59,53.754736,-2.389146,668738,4,detached,Manchester,M4 3TC,F,2025-06-29
88fec01d-fb84-42dd-8840-41520def60f1,55.970181,-3.156725,454500,1,detached,Edinburgh,EH12 1SL,C,2025-02-09
7476ce05-0d8d-41a0-8cfd-7edfb2396ce4,51.504902,-0.378266,541122,2,flat,London,IG19 0PP,D,2025-03-02
01be3982-1767-4a4c-b7bf-6ca63472768b,54.639738,-5.909328,366396,4,terraced,Belfast,BT8 8FW,E,2025-03-12
815a3246-3e88-4fe6-b937-a40255f05951,54.673461,-5.751439,277310,3,flat,Belfast,BT10 0SG,E,2025-09-01
377a16a8-30e6-4ee4-b29b-d58568e969bc,51.218246,-0.07876,986067,3,flat,London,SW2 0XY,D,2024-10-22
e5b6a777-946e-4518-b26a-4800379fca50,51.195648,-0.352665,306149,1,flat,London,N22 8XA,E,2025-08-25
30aa4c3e-a97d-433f-b808-dd840f69ad11,51.492465,-0.220652,868662,2,terraced,London,CR23 6ZW,E,2025-02-01
604cb254-0369-4763-a4a8-5f256b782503,51.468508,-3.023869,561610,2,detached,Cardiff,CF29 1UW,A,2025-03-18
26985c98-8c30-42f3-8097-e64cad7d3bb5,51.606053,0.082248,1299945,4,terraced,London,KT1 8JS,E,2025-03-17
83538154-0b9a-4c5f-8c2e-92cdfef021aa,50.880299,-1.333603,258845,1,terraced,Southampton,SO35 0DS,C,2024-12-15
4ad97501-79e6-4de1-8394-5b7ae7ac7f8b,51.501062,-2.716072,595516,3,terraced,Bristol,BS31 4JU,D,2025-06-19
9c94bc76-ca06-405a-8cd4-3c0cd959c1cd,51.826113,-1.256131,1219031,3,semi-detached,Oxford,OX18 8ZP,G,2025-02-17
042c6b60-4bbf-41f8-866d-6f47e8239058,51.489732,-2.312097,709856,3,terraced,Bristol,BS5 5XO,D,2025-01-20
0b765196-7a67-46c8-89dd-cc54430b7326,53.430318,-2.269147,342240,2,terraced,Manchester,M3 1LU,D,2024-12-08
ad6e668b-8aba-43c0-9663-33de5ab30f4d,51.520034,-2.479345,551826,3,terraced,Bristol,BS28 0CX,F,2025-05-21
bfc61400-66d1-4281-8cf4-0d807f17cfa2,54.602067,-5.933189,264336,3,flat,Belfast,BT14 6ZK,E,2024-09-04
32f8c969-f0db-4d96-a9ad-06aee5859db1,55.896634,-4.288428,208554,2,flat,Glasgow,G31 5CY,E,2024-10-27
ffeebb1b-6c5c-4b44-b480-febe362c8b7f,55.889514,-3.174774,289006,1,semi-detached,Edinburgh,EH22 3YD,D,2024-10-08
ea32efad-cbc9-4d3a-8dc5-2f2d137af60e,52.472453,-1.717041,171984,1,flat,Birmingham,B21 4WJ,E,2024-12-02
d9cdfe18-8606-4fd3-b90d-f42e6b001f21,51.692044,0.135325,363750,1,flat,London,N32 6ZH,D,2025-01-08
b124c527-18fb-4961-8076-369caf9ba098,50.841238,-1.304333,366025,1,semi-detached,Southampton,SO16 1YJ,E,2025-01-06
2437dc43-8798-4c43-9449-1560b6e54cd1,53.638063,-2.829052,318053,3,semi-detached,Liverpool,L30 3WY,D,2025-02-24
85bcd639-8eb8-444a-b6a0-7d2cd262fe59,54.536081,-5.911287,227924,2,flat,Belfast,BT34 4XX,C,2024-10-02
ee81d7de-15fb-46dd-9f92-b0698ce617f3,52.52961,-1.9529,401489,1,detached,Birmingham,B7 0CP,D,2025-07-11
42d03a0b-cef0-47d2-9110-c0f1e57c855b,51.651408,0.035974,623165,2,flat,London,DA21 5YD,D,2024-11-07
137bbfd5-5453-4e65-a9ec-ab588929328b,51.666612,-0.174259,594058,1,flat,London,IG15 6NY,F,2024-09-12
c7d5c73f-aa34-4ef5-9f53-24e5b703957d,53.441068,-3.051834,416997,6,flat,Liverpool,L25 0SF,G,2024-11-04
186f3685-4b98-4312-a92e-99354cd0308d,52.336973,-1.779423,760099,5,bungalow,Birmingham,B11 1JX,E,2024-11-07
a49eda38-aaaa-4411-82d8-457b3bfb102a,51.417749,-3.08926,380044,1,detached,Cardiff,CF18 6MZ,C,2025-07-25
5ba4b17b-3bd9-4aa6-9eec-367c1b13fbfb,51.380615,0.058063,896427,3,terraced,London,SE8 2PF,D,2025-09-02
d98fc430-583d-4ea7-ab26-b3cd388743f5,53.319081,-1.543162,174512,1,flat,Sheffield,S30 6EW,D,2025-05-31
d135a4d2-f4d1-4f31-b5c9-0e0efcd5caa1,50.849377,-0.29461,363595,1,flat,Brighton,BN3 3YF,D,2025-02-09
3652d1a5-abf8-44a3-8443-92670c087fed,51.485324,-2.669367,320277,2,flat,Bristol,BS25 4UB,G,2025-06-28
4f258e99-6503-4368-91dc-90245263883d,51.639535,0.267854,600885,2,terraced,London,WC26 8EU,D,2025-06-05
24bd5f6e-c681-4ae0-bd25-c4f41ff64932,51.175192,-0.364904,1137552,4,terraced,London,NW1 6MP,C,2025-04-26
7a4e2725-dc18-4263-b8ac-0b5c19899b03,52.229208,-0.036,534555,2,semi-detached,Cambridge,CB35 3GC,E,2025-03-13
7c100322-5a18-4636-bcae-5382687447d7,51.809736,-0.096742,552792,2,flat,London,IG5 2JZ,D,2025-04-26
10e3cf89-3480-4a57-a71a-88ea9fba7051,51.269906,0.048732,1025576,3,flat,London,CR30 7YO,F,2025-03-20
829a2289-946a-4515-805f-00592668c2ae,51.537974,-0.069788,1001183,4,flat,London,SM22 7JL,C,2025-03-31
e33c39fc-e146-4d75-b213-3a2d03748c5b,52.699006,-2.012657,593512,5,semi-detached,Birmingham,B5 3SE,F,2025-01-12
798ea567-e82f-41be-8109-2bbaa2f179b2,55.903891,-3.37997,418005,1,detached,Edinburgh,EH29 1YC,B,2025-07-01
c485dfc2-5674-42f8-aab6-204653dce5e9,53.922986,-1.12315,659016,6,flat,York,YO9 3LP,D,2025-06-25
4ac5a0e3-38db-4de6-b114-6c6d6a49aa99,51.498045,0.309696,958475,1,detached,London,EN16 1DU,E,2025-06-09
60c2ec33-a7e3-4f7c-b4ca-d116c19c4f9c,51.431547,-0.101734,510551,2,flat,London,EN26 6GU,E,2024-12-11
7aefad02-5397-447f-a5c9-9ab2af369129,53.846482,-1.571466,240666,2,flat,Leeds,LS1 1RM,D,2024-12-21
401251a5-ffb8-4d88-b01a-79b670588365,52.480611,-2.012427,504377,4,detached,Birmingham,B11 6YY,E,2025-02-11
4b101384-680c-46e4-ba07-3359743403c7,51.545352,-0.359742,826239,3,terraced,London,EC14 6TZ,E,2025-04-23
1d9b8430-2c4d-45ab-918a-54253d6b1704,53.762844,-1.446632,224313,2,flat,Leeds,LS1 1MB,E,2024-10-26
ad6069b4-0a31-4c66-b578-c4fcd24afd31,51.459257,-0.210906,446704,1,flat,London,TW9 3HZ,C,2024-10-06
03858ebb-09b7-45f4-93b2-c80173fe8af0,55.866253,-2.977843,526216,3,terraced,Edinburgh,EH6 8TH,E,2025-01-15
7694559e-42fd-459b-b0a5-1fbeb9771525,52.301626,0.089263,730850,2,flat,Cambridge,CB20 9PS,D,2025-01-02
142bd874-9c06-40c5-8480-f96b0ebce3cc,51.780616,0.080193,669718,2,flat,London,SW9 5JW,C,2024-10-31
8e973fd6-2794-4101-bc3f-ccefda0ad2b8,53.390921,-3.271356,239461,2,flat,Liverpool,L12 2NK,F,2025-08-27
1a92d682-fd83-4857-970a-8d9096e7059f,51.265175,0.119603,534895,2,flat,London,IG11 2UT,E,2025-01-01
37b5bd22-8120-4e7b-b343-c7724f5c8108,52.547605,-1.681583,287032,1,bungalow,Birmingham,B21 0BG,C,2024-09-07
8c783221-fa5c-453e-b2a1-460fe4db2b38,53.292112,-2.262459,239069,2,flat,Manchester,M21 4YB,E,2025-07-01
0ff7fce8-1dfa-46d1-b757-6480a69bdbb9,53.638639,-1.837154,512242,4,semi-detached,Leeds,LS15 3AR,C,2025-08-08
284b1273-3fb5-4db3-975e-1082e149f708,53.503178,-3.060471,334875,3,terraced,Liverpool,L9 0AP,D,2025-08-05
47d37cb5-0b51-49a4-b05c-5f70ce6ab292,53.315322,-3.133138,291043,3,semi-detached,Liverpool,L28 0SB,E,2025-08-11
228d7821-4d4a-4e2c-9dab-2ce3c1f35a0d,53.653708,-2.430831,223351,1,terraced,Manchester,M22 6TT,E,2024-12-08
26f81e1c-d3e3-4775-8323-24ec48fa1ca8,53.315179,-1.57739,253224,3,maisonette,Sheffield,S10 3PG,D,2024-12-03
7f344a62-026f-40ac-8a06-0b7b266f9628,54.97452,-1.544964,313405,3,terraced,Newcastle upon Tyne,NE19 8RY,C,2024-09-27
9340c160-1776-4d32-943c-7e3d9422cc5d,51.91507,-0.273908,656956,2,flat,London,N14 9RN,E,2025-02-21
18ebec27-460f-42c8-b8d7-9f6c37dd00d1,51.401329,-0.276538,942158,4,semi-detached,London,EN11 9KW,F,2024-11-16
2c042a13-a8e5-4ec6-ac13-7adebf6f0c87,51.447325,-2.660546,737189,3,semi-detached,Bristol,BS10 5EP,E,2025-06-10
cc05c694-8911-4b32-86c5-2120ec6d44ca,52.406496,-1.486039,984247,5,detached,Birmingham,B24 1YM,D,2025-08-27
bf96234e-919b-421a-a491-7203910ca09c,55.634468,-4.189826,399196,3,flat,Glasgow,G18 7XW,B,2025-03-19
088efe10-bc8a-484d-95fc-542f4ae2590f,53.673903,-2.281446,211254,2,flat,Manchester,M17 8TN,C,2025-05-05
1a2c3e2d-3bbd-486f-af3e-87b3f14b581c,51.159391,-0.454619,1378119,6,flat,London,EN25 9EK,E,2025-08-10
58006b71-b495-46d9-bda0-151c2c8764f7,51.93492,-0.840038,712388,4,semi-detached,Milton Keynes,MK5 0NA,C,2024-09-08
36935201-992d-4743-82d1-210532faa184,52.237436,0.108747,1230889,5,flat,Cambridge,CB33 4SC,D,2025-01-12
a73eb5eb-ea82-4176-bf6b-38c6a2b31491,51.606646,-0.186261,523001,1,maisonette,London,HA15 3HY,E,2025-06-12
72d69df9-365b-4029-b19b-44bf93024fd2,51.42363,-0.180097,425800,1,flat,London,W25 6MG,E,2025-07-11
de22d7cb-04aa-4958-ad00-f86be636173c,56.075268,-4.228559,269089,1,semi-detached,Glasgow,G34 6LY,C,2025-01-13
fd8541f6-bcdf-47d0-8133-24f17d002b87,52.588667,-2.135929,494575,1,detached,Birmingham,B26 4NG,F,2025-08-26
389e72dd-0091-479b-8ec7-cbb4c136a0b1,51.764028,-0.081863,1005809,2,detached,London,KT7 8NN,G,2025-03-22
5750bbe0-be23-4a0f-ab55-ec056ad76478,51.773248,-0.546616,687809,2,semi-detached,London,DA20 6UW,B,2025-06-29
c1251c24-dec9-46fc-9933-5ffc2285d7df,51.440641,-0.194628,728280,3,flat,London,EC27 5LO,B,2025-08-23
13539b3a-03cb-4e46-a6b2-661beb2974e6,53.94377,-1.584426,185112,1,flat,Leeds,LS10 3OJ,E,2025-01-29
e7cb4103-cec4-4132-9c23-1a6ccfc0cb31,51.275265,-0.437697,969618,1,detached,London,EC12 5ET,C,2024-10-29
068600bf-99c7-4aae-891c-36be974322c0,50.849118,-0.1124,344418,1,flat,Brighton,BN17 4YS,C,2024-09-07
2baf8a18-e835-47a4-96af-cd7e4783ef7c,51.60771,0.049622,985493,2,terraced,London,UB32 7CL,D,2024-12-30
81ffcc4b-88b9-440b-974c-33c71bd20c5f,54.92141,-1.798446,228203,1,flat,Newcastle upon Tyne,NE11 1OF,F,2025-05-15
79c33ae9-0736-4dff-af76-f64e3dcfd55d,51.798944,0.449257,861273,3,flat,London,SM15 7UG,E,2024-11-18
c516eada-70cc-42b1-ae5c-022531734733,53.935641,-1.475003,412111,4,flat,Leeds,LS10 5NX,D,2024-11-22
806309ed-b71a-4022-be7a-12bcb4801444,51.44233,-3.163107,323026,2,terraced,Cardiff,CF11 4XT,C,2025-07-08
9707581d-cfe5-4d48-b444-9acbfea2caf5,53.343955,-1.523805,215588,2,terraced,Sheffield,S21 1FW,E,2025-08-24
a72988a0-e09d-481e-a456-9992ae134ada,53.44974,-2.307369,526566,5,terraced,Manchester,M14 0AG,D,2025-05-02
05d3986b-7cd8-43f5-8828-3757b09f1566,54.995885,-1.593697,528942,6,flat,Newcastle upon Tyne,NE13 7LG,E,2024-11-20
dce51bc8-f06d-4a93-9ec0-66b509667cf6,51.646751,-0.433576,808293,2,terraced,London,HA4 4RN,C,2024-11-01
899be0b2-a223-4663-acd1-2cd808c781fd,54.597667,-5.740112,118232,1,flat,Belfast,BT26 0HC,G,2025-04-25
ce8951a1-61a8-477b-85de-878dca33bcf5,55.910896,-3.18665,257603,1,maisonette,Edinburgh,EH2 4LP,D,2025-07-20
8a37780d-53de-4770-828d-eeeef19406ca,56.050132,-3.268591,424448,2,terraced,Edinburgh,EH18 6DD,E,2024-11-11
eca25d56-9d55-4b22-8afb-a2f27fdd5696,51.238943,-0.493673,996052,2,semi-detached,London,SW33 5XT,F,2024-11-12
a74143e0-6fe1-4bb8-81db-8ef2b513b47d,51.609392,-0.267762,609214,2,flat,London,IG18 5PY,F,2025-01-14
f8e59b8c-a2b1-4838-888b-80f27e3d0913,51.385665,-2.625549,590270,4,bungalow,Bristol,BS7 6AJ,C,2024-10-25
69f9f89d-d129-4b45-a268-36f83cbed32c,51.434888,-3.400332,266495,2,maisonette,Cardiff,CF32 5OY,G,2025-03-28
dfb13882-48d8-4f73-a76a-7770be3d52e9,53.995772,-1.187881,264682,2,semi-detached,York,YO7 3LY,A,2025-06-14
080aae03-2a8c-48f7-9921-286f73b0fde6,51.700929,-1.243291,369376,1,flat,Oxford,OX3 2HC,E,2025-03-25
f9fbd666-5196-413a-837b-4c173b8d78a2,51.215937,0.002386,1504595,4,terraced,London,SW16 4RR,B,2025-05-01
dd9b5358-aa6b-4d0f-aadc-90f7d8e6f42a,51.461417,0.309809,1237624,6,flat,London,IG17 5UJ,E,2025-07-09
2ed01619-d1b8-4be2-8b6d-8b3ca5caae4a,53.519266,-3.076247,222490,1,bungalow,Liverpool,L4 2OG,E,2024-12-21
926545b5-b861-48bd-9d5c-131e6cd35a40,52.620938,-2.09545,161421,1,flat,Birmingham,B28 7AC,G,2025-08-05
d7005617-eeea-410a-a818-cd6ecfa38708,51.61928,0.222343,602060,2,terraced,London,W5 8XG,E,2024-11-01
fcba7bdc-1a52-4119-be1f-03be2f89a688,51.582732,-0.323185,643847,3,flat,London,BR3 0TE,F,2025-01-18
3614d5ce-5330-4b95-9a9e-9850ce88476a,55.903358,-3.114079,663887,3,terraced,Edinburgh,EH4 6GE,C,2025-01-30
df942778-dffd-489d-a29c-09f2263e8ff1,55.889263,-4.226823,209428,1,flat,Glasgow,G2 6JP,C,2025-03-01
68676a9c-4af9-4fd8-a028-5a3c28fce0e8,55.927608,-3.141696,485527,2,terraced,Edinburgh,EH27 5RP,D,2025-06-22
3394c1ad-8b9a-429d-a276-6f7e5153b208,52.347368,-1.990448,547168,4,flat,Birmingham,B5 6JD,D,2024-12-24
dee3c451-7a6e-4719-bed5-0478ab6b0e05,53.44425,-1.350445,226201,3,flat,Sheffield,S25 4RU,F,2025-06-05
3c9eb04f-cd40-4cbb-a7b4-194c07e8efff,54.806544,-1.647881,312845,2,flat,Newcastle upon Tyne,NE17 8AS,D,2024-09-13
63b9ce0d-b174-42e0-89d6-e4c3035a51d6,53.844787,-1.376288,480016,3,semi-detached,Leeds,LS19 3HO,G,2024-11-01
14e7ff88-f3a5-4f6c-8511-bd69ea2d8da0,53.492213,-3.009392,172976,2,flat,Liverpool,L4 7BD,D,2025-08-27
3bd6e516-43fc-4660-9537-ac36972fc028,51.382265,-0.001904,730496,1,detached,London,N6 0YF,E,2024-09-22
e67acb1a-65a1-48c3-9380-1139d49ce845,50.800815,-0.063754,589122,3,maisonette,Brighton,BN10 6YY,E,2025-08-05
a9e40405-8635-4302-828e-301c32e68fff,52.944193,-1.155803,376066,1,detached,Nottingham,NG34 4WN,D,2025-08-04
53d8747a-e3a4-4138-ad4c-b2d920a1c3d5,51.641256,-0.727116,651541,2,flat,London,UB28 3FJ,D,2025-01-20
3b4abdf5-0c0f-40f6-ac6e-53fc55850d29,52.249907,0.164305,925132,4,flat,Cambridge,CB23 9RY,F,2025-06-11
2a177394-e4db-4426-9596-9cdade105097,50.849752,-0.096418,638345,1,detached,Brighton,BN29 4NA,D,2024-11-26
bdb4e599-57ca-45fb-b5c2-9ee171b29af7,51.756666,0.009184,499908,2,flat,London,SW12 6PO,E,2024-11-05
9042fcd8-e4c0-4597-99f2-fa15cff7942f,51.639955,-0.292863,906703,3,terraced,London,SE9 9ZG,D,2024-10-29
5536faa0-6dbb-45bd-ad9e-dd2ab38ca47b,51.449085,-0.193425,1324443,3,detached,London,HA34 4KR,E,2025-02-06
e78aaef3-4698-4cad-89ed-c6d8836db2c6,54.62277,-5.855499,377131,4,maisonette,Belfast,BT5 8OX,E,2025-05-29
f645a409-f2b6-44cd-a3a5-0fc03fe1dc51,55.718123,-4.372249,340718,3,flat,Glasgow,G26 6CL,E,2024-12-14
5662024f-f687-4f0f-8b96-06cf887fb37e,56.028163,-3.347689,822935,3,semi-detached,Edinburgh,EH35 4PB,D,2024-09-25
9eb66492-58b8-4bdf-bdeb-958f4384f777,52.430698,-1.853805,245424,2,flat,Birmingham,B29 8HJ,D,2025-02-06
50b6b85b-6a33-4ec2-b36c-eb28f64698fa,51.308361,0.02726,467377,1,maisonette,London,BR32 3GF,E,2024-10-29
d7b4d8cb-707a-49ea-a8a0-0d51352c98c6,53.469758,-3.029954,482057,4,terraced,Liverpool,L18 2OJ,B,2025-07-21
c87b7c88-681b-4547-9c66-7856fe46a60a,55.784551,-4.276489,310022,2,semi-detached,Glasgow,G10 8HH,D,2025-07-26
92d0ac8d-8b9b-4dbe-a004-b56db2755615,52.029222,-0.699282,437618,2,flat,Milton Keynes,MK22 5XH,E,2025-04-02
9bc4f310-945b-47c3-b323-8f53cdb7df3f,51.494221,-2.698903,425603,1,bungalow,Bristol,BS10 0PY,E,2025-02-13
79a377bf-4a20-4729-aa50-10a8153dd495,53.482222,-2.303831,202723,1,bungalow,Manchester,M14 0YE,D,2025-08-20
3b11ee2d-d623-4211-ab74-ee9ddb73ee9b,53.929404,-1.543871,298909,3,flat,Leeds,LS17 1EX,C,2025-07-20
7fad7048-fbe9-437e-ad4a-529aee885bac,51.954428,-0.713421,654888,3,maisonette,Milton Keynes,MK13 3WY,E,2024-11-27
7245f7bd-275a-40f5-a391-9546a207ac92,51.466984,-0.147906,608955,2,flat,London,WC33 1HB,B,2025-06-11
8c1712be-1794-4e1f-ad1b-4c1369a5f388,53.349719,-3.060525,356808,4,flat,Liverpool,L3 8EC,E,2024-11-19
6795e49e-a962-4d34-a3d2-580f54417a5b,52.645441,-2.142548,269102,3,flat,Birmingham,B31 1AX,C,2024-12-31
15d2245b-8860-4eb8-bd57-2b2f8352d65f,50.830426,-0.0865,719123,3,terraced,Brighton,BN8 6AG,E,2025-03-25
ab3c7a93-b7f0-401e-b941-a539b9be410f,52.362249,-2.008842,542898,2,detached,Birmingham,B23 9WJ,D,2024-09-16
0abecb74-be92-4a07-b9f5-486dae3de60b,53.719031,-1.785652,235680,2,flat,Leeds,LS2 9RC,C,2025-06-01
9bd0a040-a941-412f-a917-3bcaa30005a6,51.456734,-0.202801,1022255,4,flat,London,SM31 6BD,C,2024-12-14
bd1b9ea9-2c6b-40c7-9225-dc4edc0f83c8,52.474488,-1.985353,413648,3,terraced,Birmingham,B5 6TN,C,2025-07-26
276cb660-c7ac-41cc-8d96-806c7ba7d4a2,53.514703,-2.150794,484141,3,semi-detached,Manchester,M26 8HN,D,2025-01-14
b867eab9-b574-4813-aa27-da0b2decc9be,51.573062,0.355424,714164,2,semi-detached,London,BR28 0AH,G,2024-10-08
276fed72-a09b-48a1-897d-9239356769a9,51.503807,-3.188032,449975,3,terraced,Cardiff,CF14 6SH,D,2024-09-20
27346daf-aaf1-4f38-96cf-d94ca0e25a0e,51.516242,-2.565459,792598,6,flat,Bristol,BS5 3OZ,E,2025-04-16
95b27d78-5723-4c01-9193-9e13dbc16dca,55.016906,-1.756206,246432,3,flat,Newcastle upon Tyne,NE8 4FW,G,2025-03-18
66a7cf62-71c6-4eee-9613-ca5bc15c63ed,51.398062,-0.203357,906523,3,flat,London,NW29 3JK,D,2024-11-07
a3ef1b40-6a8c-4b80-94f6-b398b5dae2fd,51.562771,0.403243,966106,3,flat,London,NW3 0CP,A,2025-01-16
214c74b2-8d61-4d90-836a-cc15e5aa72bc,53.681932,-1.549118,703945,5,maisonette,Leeds,LS21 6JX,D,2025-03-12
0ccd1a64-6a15-4534-8523-f5397c541c25,53.415779,-3.067754,178044,2,terraced,Liverpool,L32 9DD,G,2025-02-09
1809c4b8-a1f3-4627-ae6a-0497da687e92,51.33117,-0.106848,776765,3,detached,London,IG32 3YS,F,2024-09-25
21fdd3b4-80a6-41c4-a9a9-dd89a5f0d8b9,55.828816,-4.49291,273585,2,flat,Glasgow,G30 1OK,D,2025-09-02
82bf27bb-bd60-4f19-a205-0450ba4772bd,53.6759,-1.496076,451584,2,detached,Leeds,LS28 9HF,B,2025-04-17
9150e926-b65a-4a01-8279-4c1cf6207fd5,52.460058,-1.726344,154678,1,flat,Birmingham,B19 4LN,D,2024-09-21
e191ce43-b09c-4503-8ec9-1cfdcf11d5ce,51.358957,-0.229558,564839,2,maisonette,London,N13 4LE,E,2025-06-03
864578dc-1914-4202-9651-7870dac2547a,52.68219,-2.05721,310208,2,bungalow,Birmingham,B15 3AW,F,2025-08-13
8a953da7-ff20-439d-bd48-2fc3d4f7b6ae,51.715944,0.204958,610388,3,flat,London,SW22 8GR,E,2025-05-18
6000ac44-7fe5-4c7b-8786-64d81df1161a,51.228376,0.102348,811846,2,terraced,London,TW26 2SH,D,2025-05-30
1b3f1543-3948-4d31-951f-4723da1b5274,53.500137,-1.484632,293182,1,detached,Sheffield,S10 3JB,C,2025-05-06
04758890-320b-477b-b474-cdd025ab4a36,52.475693,-1.886981,611278,2,detached,Birmingham,B18 7HP,C,2024-09-16
fd1ea1c6-029d-40ea-890e-995869300585,51.357175,-0.221877,627002,2,maisonette,London,TW20 4ZE,B,2025-01-08
02546a1b-c567-4fe8-9526-1f9646f675cc,51.834364,-0.098619,1442070,5,semi-detached,London,TW27 5MC,E,2025-08-28
71f52763-637b-4e80-9ed6-b898441aea97,53.265046,-2.878437,479446,4,flat,Liverpool,L31 1KU,E,2025-06-22
966e2f5d-e5a5-4989-bec7-847d0aafab9c,51.309575,-0.052329,554950,2,semi-detached,London,E29 3EO,D,2024-09-27
691a9668-5272-47fe-b939-38620740c787,51.81116,-0.223169,557301,1,terraced,London,SM4 5ES,F,2025-02-15
6ec37967-4dd1-4194-be0e-1ba1f37fbed2,51.415047,-3.443154,208803,1,flat,Cardiff,CF29 4HJ,D,2024-10-21
4f815717-6b5e-4d67-bd9c-6f549e0346aa,51.525206,-0.355845,557262,2,flat,London,WC22 4OW,D,2024-11-06
ca0d7ba9-ae40-48b7-b42c-456e5ac9a7bd,52.177413,-1.941794,401793,3,bungalow,Birmingham,B12 2DL,B,2024-11-24
0600af04-6a9c-4d6b-88f6-460df07ac721,51.506108,-0.846462,2015118,5,detached,London,WC14 5ET,D,2025-05-11
20ee8180-e159-471a-beec-445deccb9d3e,55.846794,-3.361441,504298,3,terraced,Edinburgh,EH3 5LD,E,2024-12-04
a680b0e6-dcf9-4418-8fb9-4c9bb4e39174,51.740541,-0.07583,1135736,5,flat,London,WC11 8ZM,A,2024-11-04
cfff82ba-1fca-4065-a31d-0297cded096e,53.610494,-2.354903,317422,2,maisonette,Manchester,M3 0GR,F,2024-11-22
8009635b-face-47b9-90d3-431bfc805d7a,51.584488,-0.351693,697669,3,flat,London,W27 2BX,C,2025-03-24
e76d4663-2c68-4ce3-8bf1-0d3108e53c87,51.512727,-0.183869,1502856,6,semi-detached,London,SW15 9WH,C,2025-06-25
e0b54c7a-6e3f-4b81-8581-c4d8d07d9f51,53.477318,-2.239999,579843,3,terraced,Manchester,M2 9ZN,E,2025-04-08
0080bc25-d877-41a7-8203-5c8106b29f9d,53.473322,-2.907688,247339,1,terraced,Liverpool,L2 4WM,D,2025-03-25
83c2345d-24f4-4117-a8d4-a13c716919bb,53.320876,-1.328261,353156,1,detached,Sheffield,S9 3CZ,F,2025-06-03
1d78cb8f-6393-4a5a-80d8-08f81b6c8152,55.80529,-4.448342,424796,1,detached,Glasgow,G29 2DM,G,2025-05-09
a7e3648a-4582-4252-ab80-19ea57262d3b,51.350191,-0.314376,1201523,3,bungalow,London,EC19 2HE,C,2025-04-17
cdde253f-0489-4927-8b6d-b4208dcd80d1,51.519279,-0.89641,448046,1,flat,London,DA6 8DX,A,2025-06-11
9ecb8649-0108-4298-999a-5272225628c5,53.479722,-3.059213,293192,3,flat,Liverpool,L9 6GZ,D,2025-05-25
7589fc39-a3a0-4152-8cf3-c51e9834af1f,52.922982,-1.051227,296413,3,flat,Nottingham,NG34 8FT,A,2025-03-14
35fbe497-b81b-4f57-b075-b93a5d756e38,51.491497,-0.186786,423098,1,flat,London,N35 2TT,G,2025-07-24
54fb38a0-6f6f-4687-960a-b3508272dcd4,51.299605,0.217443,289980,1,flat,London,IG23 7KJ,F,2024-09-18
ba95b3fa-3aae-4bde-bd0f-90cc699b4b02,51.773367,-0.555148,997083,3,terraced,London,N14 4HK,D,2024-09-03
74a915ec-1a91-41c3-8fd7-7a731bc6a6b7,55.86733,-4.54032,695936,5,detached,Glasgow,G8 5UU,C,2025-01-12
569d06e7-5125-449f-8b6f-ac371ced528a,51.792163,-1.269677,1098187,3,semi-detached,Oxford,OX11 2HW,D,2025-01-15
8da01629-c9d8-44da-bc11-3787a207d9a7,55.931083,-3.192411,512720,4,flat,Edinburgh,EH2 3NN,D,2025-02-21
19f9f14b-833a-4fd5-b5ba-aef69508cadb,53.361927,-2.985425,201089,2,flat,Liverpool,L35 2RT,E,2024-10-31
2be0be55-57c4-4376-a690-29af06431fb5,56.088912,-2.952323,391852,1,detached,Edinburgh,EH26 6BJ,D,2024-10-03
fd8d62d9-342a-40ac-983a-c57107b8061f,52.204951,0.294266,933786,4,terraced,Cambridge,CB23 1EJ,C,2025-01-06
c664f74b-2c95-4131-8fa4-f90bbfeeeef1,53.418843,-1.616605,289001,3,flat,Sheffield,S27 5UM,F,2025-07-27
fd9f7a0b-00e1-4ab2-ad7e-922ff2d0ee7a,51.669531,-0.336343,686102,2,semi-detached,London,SM28 8RR,D,2024-11-20
2a2c9785-f6dd-4ff2-977e-da8e08f968ea,54.049343,-0.98713,412190,2,flat,York,YO35 4FO,E,2025-02-07
43ddcdd1-5fc0-4445-b3fc-f37035927bc2,51.319306,0.034258,948071,2,semi-detached,London,IG12 3OJ,D,2024-11-07
1b4804b1-b982-409e-a291-1804d4af52c9,52.047772,-0.807773,853036,4,semi-detached,Milton Keynes,MK30 2OK,C,2024-12-16
c558365d-d1ca-4915-acfa-40a7e5bd85fa,51.369762,-2.592702,508084,2,terraced,Bristol,BS13 2RP,A,2025-07-15
8fc9e9c9-fd8e-43ad-b9e1-19308f9ae55d,54.56641,-5.797144,394565,2,semi-detached,Belfast,BT5 0SL,E,2024-12-20
2b8e3c36-d78d-487a-8893-f9563f1158ef,53.450301,-3.181825,209257,2,flat,Liverpool,L6 5MX,F,2024-10-06
04b08a64-6db6-4f4b-b169-643121eeb7bc,51.314959,-0.04326,1454200,6,terraced,London,DA26 5HX,E,2025-01-20
bde0b532-4136-4527-bafd-fe8e8c5ef736,52.441141,-1.676044,294308,2,terraced,Birmingham,B12 9DH,D,2024-09-11
f8385f2f-9818-4353-9527-2d534ff11bd4,51.404251,0.235859,483034,2,flat,London,UB8 9LD,D,2025-01-02
c0e02b4c-2b0a-4179-8031-8d572f1c19f9,51.46353,-0.363936,467383,1,flat,London,KT34 9GL,A,2025-05-30
16bc8c25-c2dd-48e1-abfc-a1cb94cd89fa,53.045299,-1.225461,410840,4,flat,Nottingham,NG11 9FH,F,2025-05-29
e2f21cbb-35ae-4868-bee5-2a0ac9d2b8bf,52.026394,-0.755461,508129,3,bungalow,Milton Keynes,MK32 6SP,A,2024-10-16
e1ac88b2-c39d-4a11-b01e-f8dfda732269,52.264274,0.143864,840636,3,semi-detached,Cambridge,CB8 7TS,C,2025-07-22
c3460f16-3770-4432-a823-3e702da4b743,51.738259,-0.094937,601505,2,bungalow,London,CR25 3HA,G,2025-02-10
72fbdeb1-3db1-4f1d-9032-e867071a90ee,53.342934,-2.98787,369408,6,flat,Liverpool,L30 3FA,C,2025-03-19
4d980e42-8ae7-441f-8d08-c0634e4cd26a,51.029765,-1.398719,366862,3,flat,Southampton,SO4 4SD,E,2025-08-05
3f2f8d6a-39a6-413d-9a97-e71f4257ecde,53.618642,-2.114396,438342,2,detached,Manchester,M18 5XY,D,2025-07-21
b17b0f3a-b738-4fd5-99fd-0bacacba1677,52.488062,-1.653637,552078,4,flat,Birmingham,B12 5MX,D,2025-03-14
bcd3b819-0780-4cdd-8486-9d1af45aca8d,51.826491,0.286639,486324,2,flat,London,TW23 5WZ,E,2024-12-17
d4b0a66f-34c5-444f-b564-3370b5d70aa9,52.906076,-1.072842,260707,2,terraced,Nottingham,NG24 4ZD,C,2025-04-08
5997a654-d1b7-41cd-aeae-7cc337a17b3c,54.977819,-1.525423,238434,3,flat,Newcastle upon Tyne,NE4 5KM,D,2025-03-14
ea4b371c-fa90-44f4-b186-bb347de8cc57,50.879752,-1.38912,700985,4,semi-detached,Southampton,SO27 6SB,E,2025-07-18
287dfbf1-e599-455d-9551-6080e5382f1f,53.935631,-1.668628,408104,4,flat,Leeds,LS6 9PU,C,2025-08-10
7230eca6-786b-4a2e-ab0c-69a016a8d74e,51.617947,-0.459046,711067,2,flat,London,WC28 3RU,B,2025-06-08
e998e2c5-da29-4554-ba4d-efe7f6d8201e,50.915694,-1.232184,375272,2,terraced,Southampton,SO26 3JE,E,2025-04-05
647ba42f-4f02-42cc-b5d0-d12c742dd0e9,51.696027,-0.124555,603786,1,semi-detached,London,SM13 2RW,F,2024-11-02
d33c1aca-cde0-434b-ada7-8836c4487963,54.59703,-5.731336,267959,3,flat,Belfast,BT6 4JN,F,2025-04-28
0b0954a4-8b5e-4cc4-bfad-2013de13376d,53.336534,-2.999436,182690,2,flat,Liverpool,L25 4UN,D,2024-11-11
ef469970-7b8a-4e2e-b066-2a96ba7a4878,53.903105,-1.718973,302052,2,flat,Leeds,LS4 6YZ,B,2025-04-01
c469ca38-08db-4a84-b227-d40da8b162d8,51.476558,-0.078383,560843,2,flat,London,SE17 6MG,F,2025-08-02
04a8bf0f-3110-439a-8edd-8159ae0f8735,53.815513,-1.792377,195410,1,flat,Leeds,LS34 5YY,A,2024-10-16
ea0c5c40-634c-47ea-b32a-86a7b800349d,53.386315,-1.666952,334469,2,terraced,Sheffield,S23 7XK,E,2025-03-16
695ddddb-7f30-4993-9cf2-e7df97df7ddd,55.98336,-3.451365,419105,2,terraced,Edinburgh,EH19 7HE,B,2025-04-28
bbe1e426-ce87-4501-8a15-a03ce1da99d9,50.782972,-0.344387,575050,2,flat,Brighton,BN22 8AO,E,2025-03-17
05848ea7-6e37-4688-b9bf-92c9becb7a8e,51.559527,0.202744,749359,2,semi-detached,London,EN8 0AM,F,2025-08-12
fed31fae-0e12-4d1f-9c8b-e48eff58b20c,50.823104,-0.10087,368100,2,flat,Brighton,BN13 2DZ,D,2025-06-04
b2e6c973-2ba1-46b8-be45-e924398620f4,51.541876,-0.89235,324292,2,flat,Reading,RG5 1LZ,D,2025-07-14
3afefd92-56bb-4b62-9b64-dcab317466fc,53.254305,-1.419432,176221,2,flat,Sheffield,S24 4GP,E,2025-04-21
0e88c79d-dea6-4369-84a4-eb0a817bdcce,53.677278,-1.524344,251504,3,flat,Leeds,LS2 1BY,D,2025-02-21
dab9051d-e6e3-400f-9755-8b6f1fe61d8c,53.936691,-1.23977,455576,3,flat,York,YO20 0NM,E,2025-03-15
21d736de-7cd1-4d30-80d7-c476d8d16923,55.847226,-4.185068,315923,3,bungalow,Glasgow,G12 0RT,F,2024-10-03
d244d9e9-e09c-4798-a55c-24f0abc76933,51.996829,-0.830177,475415,2,detached,Milton Keynes,MK8 8OS,F,2025-05-13
033d7874-2786-41c4-acbf-caa3f95c9394,51.333588,-0.175589,1416556,6,terraced,London,SW32 6YF,D,2025-01-07
e4c93cf3-1a1d-4dde-a68e-84dc6ada530a,55.89895,-3.332081,350181,2,flat,Edinburgh,EH22 6XX,E,2025-01-23
502a5a24-207b-4575-b7d1-696bc8c680d8,53.499712,-2.338344,508043,3,semi-detached,Manchester,M10 0MD,G,2024-11-15
2f046e3e-7478-43c0-aead-d500a5db0eba,53.528738,-2.058531,341275,3,flat,Manchester,M31 3MT,C,2024-12-26
0ce4d1f5-5bcf-4b31-afb6-cdca45add381,52.330212,-2.066412,358009,2,terraced,Birmingham,B27 9UG,C,2025-04-30
741fa1d0-e10c-4ab5-a3be-5b5f01d96b4b,51.480268,-0.283924,905916,3,detached,London,EN22 2OZ,C,2024-11-25
82214b84-f6ca-4ef2-a66c-bc073ca32b84,51.80884,-0.30761,753429,1,semi-detached,London,SE29 3UF,F,2025-07-22
2505b7d6-46a9-4a20-bf20-06eee0bf14d4,55.979578,-2.998013,308183,1,flat,Edinburgh,EH21 5RZ,E,2025-05-21
74aeace3-213b-4b03-8cda-f9b2d2616e16,53.484442,-2.359574,381517,3,flat,Manchester,M32 5BU,C,2025-08-16
42af6876-cbf2-4dee-96ee-60d44c9849e0,51.411559,-1.104355,864100,4,flat,Reading,RG10 7UR,C,2025-09-02
c258d5d5-9765-408f-b72f-1ca8184048b4,54.987578,-1.772941,257824,2,flat,Newcastle upon Tyne,NE29 3YK,C,2025-01-04
23e3583a-dd64-4867-889b-ca7bbb7b06f0,53.036097,-1.019296,189011,2,flat,Nottingham,NG31 8FU,B,2025-07-21
c0424b20-7c94-4f3d-a6b0-7d4b0db741fc,55.847267,-3.216728,563957,2,semi-detached,Edinburgh,EH14 8MZ,E,2024-11-09
306f0602-5de3-41c1-9c2f-004f87b686fc,51.203513,-0.350219,567952,2,flat,London,IG3 2BW,F,2024-12-19
99ccae16-0643-4d94-a979-aa7286f468fb,53.502292,-2.233313,282194,2,flat,Manchester,M16 4FT,C,2025-06-19
d5c2601e-bb4f-4081-bf00-305ba4d40d46,51.190962,0.13422,1155967,3,detached,London,HA11 3TO,D,2025-02-17
40bf4617-ef67-4b3f-9c70-4a413fb353ad,53.405264,-2.180454,255403,2,flat,Manchester,M25 3YX,C,2024-12-12
060eb52d-e31d-45a4-915a-445559908167,53.878358,-1.687903,346643,3,flat,Leeds,LS32 7MA,E,2024-09-30
61ce35d8-89d0-4c96-bc57-d193bc010b88,52.477537,-1.856133,258349,1,bungalow,Birmingham,B21 9MC,E,2025-03-03
7b9fe036-0300-40ed-81db-50541e9c0635,51.25363,-0.272532,833029,3,bungalow,London,SE9 8CP,B,2025-03-06
3f906d33-62b3-4ea9-b488-407310a56b31,51.897471,0.253555,582381,3,flat,London,KT14 1CK,E,2024-12-19
836334fe-9a8c-456b-8ae8-fee10c793185,52.172682,0.256644,614423,1,semi-detached,Cambridge,CB33 0HZ,D,2024-09-21
f1d3adf3-9a13-4cda-bb55-bec0134393f2,53.37284,-2.088616,548298,4,semi-detached,Manchester,M28 1OX,D,2025-05-31
902adc1d-0f7b-40da-ba22-a3316ea1216d,51.601063,-0.325978,512778,2,flat,London,KT17 3GK,D,2025-03-02
b4c9a083-41cb-4d39-bc14-e1b1aaafd3cb,51.456395,-0.049288,1120612,3,semi-detached,London,EN30 9KE,B,2024-09-20
a934d44d-3bf9-4d8a-896e-9dce16e1453a,52.022183,-0.719342,290025,2,flat,Milton Keynes,MK33 7HB,C,2024-12-20
f6a06f58-f00b-46ac-8ad4-14decd292d71,51.348052,0.270684,592859,2,terraced,London,CR20 0HX,E,2025-03-23
463e1d62-73ee-41d2-b57e-4d49467f6a93,53.405891,-3.029754,399571,3,semi-detached,Liverpool,L16 9FP,B,2025-05-09
f0adbdd1-af1a-4d69-91f5-9081784cdd84,53.472203,-1.419634,454198,4,maisonette,Sheffield,S12 0YM,D,2025-05-13
244fd5c4-fc41-4701-8cd6-c85085ceaafd,55.960128,-3.138317,592197,6,flat,Edinburgh,EH9 1BB,D,2025-04-14
8abb5b15-19c8-4fca-820f-b739554a2dcd,51.491863,-3.237208,369559,2,flat,Cardiff,CF18 1AZ,G,2024-12-29
dd72d6bc-32a3-4578-bf2c-e44cac94769d,51.437541,-0.221911,1048205,2,detached,London,CR28 8UW,F,2025-05-16
d85f0d7e-9910-4cfb-89fe-238faa8588d4,51.41475,-2.581777,1012864,4,detached,Bristol,BS11 4PA,D,2025-07-17
b25fdd6a-cd46-4d37-be32-9e6b702baefd,51.149467,0.113245,477295,1,flat,London,DA8 2PM,E,2025-04-30
81c07db6-96c8-44a8-b714-c8f88077af60,50.783908,-0.090555,347927,1,flat,Brighton,BN14 6EL,B,2025-04-23
0756f86b-617b-456b-9b59-f38444b973f9,51.425001,-0.082734,620547,2,flat,London,WC4 0ME,C,2024-10-06
8115d428-8ea0-4ae0-9204-6695c9e2a8c2,55.971864,-3.355744,893072,4,semi-detached,Edinburgh,EH7 5YW,E,2025-06-22
50766a61-bb90-485f-9152-c7ba2a6969c6,51.692267,-0.249899,592220,2,flat,London,EN11 8SA,D,2024-12-22
a8cc4997-661d-41d5-aafb-bf71ae7c43e2,52.495026,-1.820356,210376,2,flat,Birmingham,B35 6EY,D,2025-01-09
005c3ef6-0833-4d5c-b260-a4adccbc6fc7,51.461881,-3.159282,302070,2,flat,Cardiff,CF2 7FM,C,2024-10-29
5fe80304-24d7-4eb4-9d0c-c41e5c81d590,50.79078,-0.240211,1631757,6,detached,Brighton,BN29 9EN,G,2025-05-22
d6cb8a36-60dd-433a-851c-8c9b8ceb0708,51.666264,0.036128,892471,2,detached,London,IG16 9SS,C,2024-11-21
fa4efb43-5fd9-457b-bd1c-67004c80b0d6,51.804033,-1.254029,783441,3,terraced,Oxford,OX23 7SD,C,2024-12-24
0348ab3a-4d25-41f3-b7bd-cb532fdb856a,53.446406,-2.927875,232915,2,flat,Liverpool,L2 5AE,E,2025-08-14
ef64f494-b4e3-4c56-83c1-c7e8ea612237,51.502193,-0.670313,2065181,6,bungalow,London,BR32 7JF,C,2024-10-10
b61ef638-723b-488e-bb8c-722cb4bae73d,51.327607,-2.620874,695023,2,detached,Bristol,BS3 0EN,A,2025-04-24
19a56ddb-8fca-454c-a473-e851bde0f4e3,51.509725,-0.216756,633169,2,flat,London,SW31 3JC,E,2024-09-25
c3cb7ec1-1e64-4b47-9fda-d7255c44113e,52.415198,-1.592824,392767,2,semi-detached,Birmingham,B31 1FD,D,2025-04-30
8867a192-2831-48ae-834a-8f004a4d99fa,51.257923,0.433714,736016,3,flat,London,SM23 1PM,D,2025-08-26
d7e7d23a-ed05-4af0-8b4d-8c04fad3e802,52.875808,-1.25417,421949,5,flat,Nottingham,NG16 6OW,D,2025-01-26
b4819f60-843c-4ace-93da-cc344348dad8,53.517201,-1.970341,306315,2,maisonette,Manchester,M3 4NE,C,2025-05-22
a4a8aeb2-a33d-40cf-9f10-cb1eab83f0bb,51.358296,-2.602251,1022807,5,semi-detached,Bristol,BS31 0CF,C,2024-09-21
a37c86a1-7ba9-4655-af48-4585fe3e8ae4,51.954994,0.217406,796810,2,terraced,London,CR23 1SP,D,2024-09-11
30ecf6fe-fa91-402d-96e6-8003be8c1e7d,52.107678,-0.685024,484799,1,detached,Milton Keynes,MK5 2HA,A,2024-11-06
be756b55-34a8-4596-97b4-55ac76c9695e,53.035094,-1.22888,202512,1,flat,Nottingham,NG22 7TG,D,2025-08-18
0a178388-214f-4ec1-91a7-2a233f854ac5,52.524963,-1.962921,363707,2,semi-detached,Birmingham,B29 7AR,F,2024-12-21
e724b396-bd50-4d64-b7c7-1060d0dcc09a,50.783728,-0.080704,484045,2,flat,Brighton,BN20 4GN,D,2025-05-03
1746750c-84c6-458b-b79c-300787d9dfa6,53.924781,-1.395679,407490,4,flat,Leeds,LS28 1SE,D,2025-03-29
fb498755-da37-4839-9134-13c4d41173d3,51.445275,-2.67597,375789,3,flat,Bristol,BS27 3ZJ,E,2024-09-02
89919758-f0a6-4bdc-a25f-e6d613b9d42d,51.540994,-3.144016,264227,2,flat,Cardiff,CF1 4ZJ,F,2025-01-13
4618a932-089e-44a2-982f-76b161948115,54.964094,-1.522598,398510,5,flat,Newcastle upon Tyne,NE6 1NY,F,2024-10-03
63bd5363-c087-4d7d-8d86-9dcc3ce29f4d,51.561802,-0.27417,850383,2,terraced,London,UB33 7EP,D,2025-08-31
0fa67b57-5fd4-4b95-ae3e-bd76c8d7779d,51.745671,-0.648689,1137646,3,terraced,London,EC2 1DD,F,2025-04-27
653a0e60-6434-478f-8900-2b74d2dc1296,51.396175,0.074428,739376,3,flat,London,BR30 4MP,E,2025-07-27
29b14877-7733-47d8-8759-fff09b2226ef,51.334447,-1.041496,560897,3,semi-detached,Reading,RG16 3TZ,F,2024-09-27
42680dc9-237c-4e37-b31b-2e5b8d2034b2,54.950986,-1.516103,164215,1,semi-detached,Newcastle upon Tyne,NE9 4OW,D,2024-11-03
059f0100-b347-40a9-ae87-7aeb21c417d4,50.857844,-0.252782,1087205,3,detached,Brighton,BN4 1AE,E,2025-08-29
02a70dcf-779f-4215-928c-ca785e68a74a,51.557396,0.172532,2472268,5,detached,London,HA23 6FK,F,2025-06-17
b2899a1f-16da-442d-9c9e-c52eb2a3d95c,54.603412,-6.243663,163232,2,flat,Belfast,BT34 4GM,B,2024-10-30
032d1d4b-45c1-4372-88c3-23d175f2af11,53.915664,-1.432277,577028,3,semi-detached,Leeds,LS5 7EP,D,2025-03-28
3d65060e-bbb4-4fb9-bcf8-f663949706b0,52.435331,-2.141197,226140,2,flat,Birmingham,B18 2PZ,B,2025-05-19
e2349b11-1013-4c75-ab67-ebdc406f7963,53.98583,-1.147859,320240,2,flat,York,YO6 4FC,E,2024-09-06
2f44d586-c13a-4dfc-b05a-94fbe0885ab2,51.664189,-0.278282,452788,2,flat,London,CR18 4JG,F,2025-04-26
52cb64d9-2dd8-4fc4-b8d3-527e057e58ed,51.179015,-0.442742,625829,3,flat,London,WC9 5SO,E,2025-02-25
d416b13f-194f-4f9e-b7d2-c27b38f4c142,54.728644,-5.794927,281955,3,terraced,Belfast,BT25 5ZU,D,2025-08-12
cc99e065-b843-4c5e-a755-c21a1e319f4c,56.005225,-3.298826,438310,5,flat,Edinburgh,EH11 2EL,B,2024-12-31
2679f72c-8946-4763-a6d2-43c5e7ffb86f,53.866399,-1.594244,268518,3,flat,Leeds,LS14 0FW,F,2025-05-13
90c53da7-8103-4517-bd5f-7182e8ed0a2c,51.418993,-2.393131,427909,1,bungalow,Bristol,BS32 6PY,E,2025-02-10
2081bf4f-e34b-4da7-ac4c-f70b0914ceae,55.956695,-2.876373,454856,2,terraced,Edinburgh,EH14 8OS,C,2024-12-05
50761b35-7f73-4866-a1a1-f93e95f5663a,55.939914,-3.331547,706698,3,detached,Edinburgh,EH10 5PF,D,2025-08-05
ac3ea016-41be-4842-9f4a-82128eb8acba,51.530921,-0.0656,1542089,2,detached,London,SE20 9NC,D,2025-06-08
e766c3d7-7ab5-4ca5-b514-3a1e1fbdbba8,52.056312,-0.730529,192319,1,flat,Milton Keynes,MK16 9MC,D,2025-05-08
5cdce3c7-c9bd-45ab-88dc-f5932052c6c1,51.281066,-0.140695,427281,1,flat,London,BR5 2XG,D,2024-09-23
1f8a1527-8a8b-4984-acd0-318766067de8,51.636757,0.455258,929372,2,detached,London,SE24 2GC,F,2024-09-20
00842938-2a48-4bec-acde-f510f3af0735,51.786484,0.302423,439734,1,flat,London,KT12 0DF,E,2025-07-14
9e97b114-7e48-4314-a74f-3fb77d0f827a,55.030822,-1.724305,344745,2,semi-detached,Newcastle upon Tyne,NE30 6LG,F,2025-05-14
5154d7d0-5425-4518-8e9d-d61c72a47c1a,53.83861,-1.353842,301604,2,terraced,Leeds,LS1 2RE,D,2025-08-06
0c55dd66-28ee-4d82-b176-86ca27979c7a,51.543184,-2.742692,727873,4,terraced,Bristol,BS1 0MW,F,2025-05-06
f3ade462-6a7f-468d-9eab-acffbd5dd8de,51.53542,-2.511427,320057,2,flat,Bristol,BS2 4YA,D,2024-09-27
6cfe00e0-3e74-44b9-a8a2-0d21bbaba739,51.634807,-0.335506,431596,1,flat,London,N15 7SJ,D,2025-08-30
7d50ee57-3ab8-4880-8b6b-e5d1fa1c1993,53.84835,-1.445985,330995,2,semi-detached,Leeds,LS30 0YN,C,2024-12-15
54a0667d-c5e6-4de9-8a87-b49a448457a9,53.92921,-1.503965,293594,2,semi-detached,Leeds,LS16 8YS,C,2024-09-10
15a9c326-d6a2-44ec-99bb-3ea1bc249963,51.852207,-1.498382,1221823,4,semi-detached,Oxford,OX7 7BU,C,2025-03-30
9f57ff26-8fa1-410e-8824-223bc6491a81,52.214884,0.121706,540582,1,semi-detached,Cambridge,CB20 7SF,D,2025-06-18
5771373e-4599-4aee-aa68-ea9bb411afd4,51.573871,-0.109531,561328,1,terraced,London,KT12 7FW,E,2024-09-09
a6feac48-699f-480a-990b-e5c7b22fbb38,52.233671,0.106725,709472,2,semi-detached,Cambridge,CB25 4TK,C,2025-03-23
211ace3a-8711-4a5e-8904-df567fac14f0,51.558802,-0.034579,427116,1,semi-detached,London,SW31 3LH,F,2024-10-15
a15cdbc1-b5c2-447c-b1de-db019301041c,51.371358,0.421241,523115,2,flat,London,CR13 4ZL,C,2024-11-22
8b6610b8-16ad-4be6-a4c4-b197a8f863c7,51.486932,-0.42047,633127,2,flat,London,IG14 4KE,B,2025-04-20
986151c6-8211-40be-b07e-4abbaa625171,51.419944,-2.706807,415728,3,terraced,Bristol,BS16 8DM,B,2024-12-25
22ffd596-2f5f-44de-a86e-cb33614567e2,55.913377,-3.094408,517757,3,terraced,Edinburgh,EH14 9WS,F,2025-03-02
95ac9682-81bf-4bc0-a78e-7e3e3e052ce7,51.587588,-0.047056,814770,3,maisonette,London,HA31 9FY,F,2025-03-20
f843d2f7-9649-4950-969d-95826073ae1b,51.52083,-3.079728,443965,3,semi-detached,Cardiff,CF10 1SR,E,2025-07-25
dffd82e0-c75d-497a-af41-8b022a80752d,51.47134,-0.489247,525622,2,flat,London,BR3 0JB,C,2025-07-07
f5b4bb97-b3e2-4518-a3f9-714765e55c99,55.931618,-3.267617,295989,2,flat,Edinburgh,EH25 7OA,D,2024-11-06
c51dc2a6-e11a-4925-94d7-89cfb0823a13,54.660595,-6.146784,217548,2,flat,Belfast,BT2 2SM,E,2025-01-28
3b6f7bde-341d-4523-8f2f-4f926aa32165,53.469622,-3.217189,371946,2,bungalow,Liverpool,L11 1BC,D,2025-03-27
7eac3eb7-ff5d-444b-a006-8795e63b6fe5,55.918799,-3.336811,419669,2,flat,Edinburgh,EH26 5HL,C,2024-11-04
434f5c7c-a531-48a1-9b9f-38f2dca091c0,50.884174,-0.098553,699815,2,semi-detached,Brighton,BN21 2GW,D,2025-06-22
15ee800f-29b7-4d36-9dec-844795bdea6f,51.333369,-0.004323,878200,4,flat,London,W2 4BS,D,2025-05-21
2deb80bd-8360-4cc9-ae1c-f20710891acb,55.980574,-4.206755,289342,2,flat,Glasgow,G13 3ZS,B,2024-12-30
f6857dac-45b7-42a2-ad89-4911e46ea6bd,54.01437,-1.120975,380794,2,semi-detached,York,YO19 1SX,D,2025-08-06
3f12d236-7c4f-46cd-ac36-6f895fc715c8,51.709764,-1.197334,763230,2,terraced,Oxford,OX27 7OR,F,2025-01-12
890118b9-3e9c-4dc4-a984-b6ec6e09540c,52.91809,-1.134799,328986,3,flat,Nottingham,NG24 1KX,D,2025-06-21
4d039f13-8528-405f-8749-b532691308bf,52.591183,-2.1396,331782,3,flat,Birmingham,B20 8RO,C,2025-01-13
7ea6b354-262a-4938-8270-8bc11512b931,52.343433,-1.660957,200827,2,flat,Birmingham,B11 3MS,E,2025-06-12
97175939-0a6e-46e9-a6c7-7bc465e424bd,51.552499,-2.538797,587071,3,flat,Bristol,BS23 1NY,E,2025-02-13
bb33b6a8-4fd2-4bf1-ad6a-42de2afa26c9,51.396255,0.117314,1130510,3,semi-detached,London,IG10 8NR,D,2025-08-29
5974e98b-5c87-4b39-9051-7fb91d6a6e68,51.574063,-0.360551,747179,2,semi-detached,London,EC28 7EX,G,2024-09-14
7216c2df-159a-4cb1-b029-ea1b01a43212,51.427936,-0.053778,1306797,3,detached,London,EC20 0RU,E,2025-03-07
bfe9a918-781b-4734-85f4-f9ef14b25467,54.553093,-5.811332,396118,4,semi-detached,Belfast,BT3 9HO,F,2025-02-06
854b2d7c-faef-4606-b8ae-229fa63176fc,52.637221,-1.745271,449881,3,detached,Birmingham,B12 2JM,F,2025-02-12
ff21d23d-e378-4172-a4e9-9c6f1dc7e32f,55.036039,-1.403085,402302,3,bungalow,Newcastle upon Tyne,NE32 8KS,D,2024-11-14
913de4d2-e0c7-4c6a-93e3-83373abe332d,51.532241,-2.454876,246532,1,flat,Bristol,BS12 5UC,D,2024-12-29
a249cd48-46bd-483e-b8b8-bf37ed0fd3d2,51.506634,0.621793,658914,2,flat,London,BR16 7YX,A,2025-08-31
9bb6cd68-bd4f-4448-a0b7-7526df08926d,53.494506,-2.410536,239665,1,terraced,Manchester,M19 2WS,D,2025-08-29
4bd5d635-2b9f-4b77-a6b7-b3b8e7dafdc0,51.114229,-0.469739,1209358,3,detached,London,IG25 3LE,E,2025-07-23
870e3df7-3e77-4bca-9073-bd60e2575d74,52.456795,-2.000836,371023,3,flat,Birmingham,B31 2SC,E,2025-08-28
215daf6b-6387-4fc9-b732-62f541447ca3,53.409197,-1.51399,394439,3,semi-detached,Sheffield,S32 5GM,E,2024-09-30
48bc0e0b-a705-4c04-a6e5-85043e4841ff,53.762091,-1.737787,359590,2,semi-detached,Leeds,LS4 3BM,D,2025-06-30
aaf1a172-3d53-4550-9c65-98218310f9af,51.214075,-2.439405,303461,1,terraced,Bristol,BS33 8FA,F,2025-01-06
3f2dde44-6cfc-4341-b65e-e5e367c73776,50.913536,-0.267383,1062566,5,semi-detached,Brighton,BN21 7RO,F,2024-10-17
c1e2a8d8-ce80-415c-8a86-5f9339762ecb,53.524664,-2.379087,210886,2,flat,Manchester,M24 9GN,F,2025-07-20
8192e007-e173-435a-9a0e-dc88402d98ae,56.113888,-3.209222,422391,2,flat,Edinburgh,EH29 2AY,C,2024-11-25
1eb2509e-6ab5-4e32-a8e5-b754379a3fa8,52.416378,-2.196962,419985,3,detached,Birmingham,B13 7HK,E,2025-03-01
831c71f4-1410-44e9-8bc2-6a881a1d6e31,54.964064,-1.686815,198010,2,flat,Newcastle upon Tyne,NE27 7RB,D,2024-10-30
cc8251cb-188a-42b5-b27b-2b3e3c3bae12,50.891805,-1.285179,306317,2,maisonette,Southampton,SO16 0MS,G,2025-08-04
6985cabd-57dc-4a3f-9192-a15d1a62623b,52.342802,-1.938429,626892,3,detached,Birmingham,B3 9LS,B,2025-02-17
534bf551-9fc0-4aa8-b316-6bd779378ee4,51.567999,-0.335691,987212,2,bungalow,London,SM14 8SL,C,2024-10-15
e5cb8614-3614-4d04-bb2d-3f5cdffe8650,54.543085,-5.802405,525859,6,semi-detached,Belfast,BT34 5UN,D,2025-08-27
2d171c27-1382-4f5e-b0db-b228dea9052a,53.943363,-1.48866,248181,2,flat,Leeds,LS27 3FZ,E,2024-09-06
c6910814-27a2-4165-9a2c-7c8ec8ba6eaa,52.157985,0.128221,1480195,5,terraced,Cambridge,CB8 3HD,B,2025-08-05
42578d9c-4433-4ea4-8304-28bd0a430f17,51.551824,-0.279646,596817,3,flat,London,UB9 0HB,F,2025-08-16
c3c8210d-f352-487a-9e33-8172c2f84b27,52.432256,-1.839473,430845,4,flat,Birmingham,B18 9RY,F,2025-01-07
c049a2b8-22d3-471d-a084-c44304a74e8f,53.790273,-1.659516,266703,2,flat,Leeds,LS29 5FM,D,2025-01-31
39ba15f5-73ad-4ff8-a917-8959252362b8,51.224918,-0.098577,1004769,4,flat,London,N12 7LS,G,2025-03-10
f3a028a2-6eec-42e4-93d0-d6fd2ddff8f1,52.177369,0.101237,1115145,4,bungalow,Cambridge,CB23 6HA,C,2025-05-28
d5a7e10f-bf04-45f1-a6b9-c57b43a850cd,54.453256,-6.033523,430401,3,terraced,Belfast,BT9 1GE,E,2025-06-06
074f6989-00b9-4114-be03-15873c9e9683,51.489662,0.260982,1013974,3,terraced,London,UB12 3AU,C,2024-10-31
8ed6f1b7-d2c4-4e46-a9d0-21bb4050f7f8,54.585968,-5.813553,289361,3,flat,Belfast,BT25 2FU,D,2024-12-15
15aaadf4-5614-444e-b9e2-79fe59d5e00f,53.992033,-1.18558,275105,1,flat,York,YO1 4OU,A,2024-12-15
d358d19f-46c7-43d8-891d-4b6a0091e3eb,51.490472,-0.012126,529795,1,flat,London,EN31 3EC,D,2025-06-16
d585af13-37be-46d7-b6cc-422db5b0396b,51.557573,0.512324,1428028,2,detached,London,E30 2WS,D,2025-01-28
ebab08e1-0814-4e3e-912a-af37dfb65a27,53.544721,-2.955258,397271,2,detached,Liverpool,L23 4CF,E,2025-04-06
d35e2959-ac60-4c60-b1bd-e4f1f6ab7448,53.539777,-2.302655,287054,2,semi-detached,Manchester,M9 1PN,D,2025-03-15
33980207-0229-4ddb-a9ec-c62616078d91,51.66025,-0.150174,832464,2,detached,London,EC4 3ZF,D,2024-10-30
5bf48b03-a642-4d81-bb66-04c76ff4c49a,51.576215,-0.335661,578340,2,flat,London,N33 5AL,G,2024-11-07
10b0514c-21c8-4510-999f-fdf94bb299aa,53.782225,-1.230957,241987,1,flat,Leeds,LS15 9DZ,B,2024-09-02
573da5eb-ab41-40e0-84e4-467e5ca02649,53.402565,-2.869442,202939,2,terraced,Liverpool,L14 7KJ,E,2025-05-13
8703fd96-dbd1-4613-afe0-eff7fd83c732,51.177833,-0.613908,655615,3,flat,London,WC33 2ME,E,2025-08-31
81a94c33-0d31-4ce6-aa78-b5ea55dc3525,51.415292,0.000371,768210,2,semi-detached,London,SW28 6TK,F,2025-01-27
76250de5-d55e-4712-9ed5-49807b17fe43,51.647499,-0.159759,802492,2,semi-detached,London,HA11 9SH,E,2024-10-18
34d23543-f696-4aad-a7ab-3a819b403ef9,53.387398,-3.122952,351827,3,maisonette,Liverpool,L16 4ZA,B,2025-03-18
d1de2c96-0001-4e90-a3f8-3bc96ace6fe9,51.192317,-0.216932,1236594,3,semi-detached,London,UB5 9KM,F,2024-10-25
cd62076d-3adb-41e9-9008-d57ae929948f,55.84721,-4.264471,418254,2,detached,Glasgow,G7 6LS,D,2025-03-29
10528e71-0659-41a8-bdc7-5a8de103f23a,53.939935,-1.005362,417861,2,bungalow,York,YO25 5RZ,C,2024-12-25
d2b607b3-2bd8-41d6-9085-dfb2dfacf38d,56.112347,-3.405408,398236,1,semi-detached,Edinburgh,EH22 5GP,E,2025-02-01
0d696399-2d67-438e-b91c-eb1f3d6b1f0f,51.22898,0.104749,993265,1,detached,London,N29 9RF,E,2024-12-19
8af0ba5b-1719-42af-94ba-73e2ba025d0a,51.069722,0.347658,529497,2,maisonette,London,SW24 1XW,D,2025-01-17
378611bf-4355-4691-b846-4126b6e1ddf9,53.835387,-1.453649,345926,4,flat,Leeds,LS23 9BO,E,2024-09-02
41ddeb31-aaa6-4453-b285-c5f128ee631c,52.148548,0.145547,666577,2,terraced,Cambridge,CB14 5AO,F,2024-10-26
8afaf2e1-bd9e-4bbd-abdd-4cb2cc6b064d,51.46694,-0.434207,758527,2,bungalow,London,W29 0EM,D,2024-11-12
41d6bd9c-741f-4564-8af4-b4d5ded64a80,53.594227,-2.376906,447421,3,flat,Manchester,M3 3OW,A,2025-02-13
1457d809-9638-46fc-9cc7-8953ff67183d,51.513515,-0.000568,515052,2,flat,London,NW30 8YA,D,2025-03-16
d2b3c4a5-f66a-4061-8cdf-d1753a9950c3,52.897273,-1.245705,503057,2,bungalow,Nottingham,NG9 6DL,C,2024-09-27
d57f23ac-2598-40b9-9303-5c02adf234d3,50.925219,-1.476574,309720,2,flat,Southampton,SO6 2GL,F,2024-10-02
79091122-2c16-46b9-847c-6011fd610533,51.335797,-0.222912,772394,2,flat,London,W22 5CM,B,2025-07-26
811ce804-8670-4697-ad9a-1c0221f373ce,51.46237,0.208659,1095956,6,maisonette,London,HA22 8XA,E,2024-09-15
c3ffd4ad-4bfe-4b20-82e6-768847e9aeeb,53.38544,-2.995749,235262,3,flat,Liverpool,L16 2EE,F,2025-07-10
ce0e548b-1a2a-48b7-bfcd-b0d6fdf32a21,53.754673,-1.398651,327608,2,semi-detached,Leeds,LS16 7KT,E,2024-12-13
fb728d4d-61ed-45af-b34a-94ebdb0eb4d8,50.744201,-0.248907,334060,1,flat,Brighton,BN33 0TD,C,2025-08-16
75edc602-fdb3-4239-9091-b2cf5dcc0a8e,51.858156,-0.142035,688865,2,bungalow,London,N12 1HC,B,2025-06-24
9349a43e-0b97-4cc1-be62-6e7db94b45d6,51.456645,-0.20736,826279,3,flat,London,DA13 6FB,D,2025-07-26
af69f044-9179-4ad3-bcb1-725bd59da19f,51.676516,0.124356,552579,1,semi-detached,London,TW32 1ON,D,2025-05-17
944a55a8-b936-4735-a634-9fcb18034d54,51.33315,-0.126125,547689,2,terraced,London,CR18 5BS,D,2025-06-28
385e4331-9c91-4f09-8ce8-1ad1982f973e,53.911519,-1.146154,383035,2,terraced,York,YO7 3YU,D,2025-03-22
fc4fc750-0e8a-4e26-a751-ba3c109e01be,51.408412,-0.341878,853556,2,semi-detached,London,BR11 2HO,D,2025-04-25
8b1400c2-2eca-400e-b71c-96fd01e97ac4,51.441025,-2.750376,331759,2,terraced,Bristol,BS9 8AC,F,2024-11-18
ee1db60a-5107-46ab-89a8-d2b974530df5,53.065083,-0.986346,226382,2,flat,Nottingham,NG7 4ZH,E,2024-09-09
f3defabd-3ab0-4fe3-8e5c-ec8a1e21b09c,51.492018,-2.59247,445455,1,detached,Bristol,BS31 2BZ,F,2025-04-04
f2a53ec2-88bb-4a24-a665-16d1b81a4bb0,51.744562,0.362984,620517,3,flat,London,KT23 3GK,C,2024-10-22
c4e055f6-c477-4c43-8722-95ee377861b0,52.973907,-1.213194,265922,2,terraced,Nottingham,NG7 8SM,C,2025-01-24
9281073a-a63b-4d5d-a2ba-ca7237352dc4,54.99061,-1.641633,351918,3,semi-detached,Newcastle upon Tyne,NE9 0EL,D,2025-01-18
a0ff1879-d2d3-49c3-9381-adaa75325492,51.666198,-3.253076,249344,1,flat,Cardiff,CF19 5UE,E,2025-05-08
45b8134c-42a0-4464-8954-77658afa6e87,53.688376,-1.66121,313302,2,terraced,Leeds,LS23 4UW,F,2024-09-05
f63dd41a-850f-4b0b-8c02-bf350a66d65d,55.942678,-3.198,631678,3,semi-detached,Edinburgh,EH33 6YO,E,2025-07-21
2257b8ea-c563-4cba-93ea-c0c2cc171f68,52.886701,-1.14828,543577,2,detached,Nottingham,NG33 0AZ,C,2025-06-01
f417b284-d956-4994-bfb2-0f7b7985442c,55.004882,-1.520679,272291,2,bungalow,Newcastle upon Tyne,NE34 3BM,C,2025-08-01
bdaf6844-2da9-4b83-8b56-9a3b69d6525b,51.42299,0.00144,615935,2,terraced,London,SM14 4EN,E,2025-03-21
eb423940-00cc-4f3a-b1c1-f7795cd3a575,55.918666,-3.114105,351659,1,flat,Edinburgh,EH33 0OC,F,2024-12-30
01c906bf-89ed-447c-92bf-c5d915c3a868,54.58045,-5.871228,306308,4,flat,Belfast,BT30 1FK,E,2025-05-14
9dec744d-e373-4780-a126-cd5556213323,55.041758,-1.613854,419627,2,detached,Newcastle upon Tyne,NE32 3LA,D,2024-09-29
6061c669-5b51-418c-bf01-a1c5b4582680,54.567092,-6.084025,199425,2,flat,Belfast,BT12 6CJ,E,2024-11-13
6f460671-1217-457b-bd2d-1a00e8df7bb6,51.291714,0.655749,987661,3,terraced,London,N20 8DC,C,2025-02-02
d1e0310e-3097-4e65-8716-e5d2e8d211f7,55.914487,-2.993251,614442,2,terraced,Edinburgh,EH20 8UU,E,2025-06-01
a706406c-2a01-4d5f-8fca-b03265b58249,51.644321,-0.416379,667582,2,flat,London,NW34 4FZ,E,2025-01-03
df03f9de-dc00-4398-a3cf-86193dd6e574,51.754372,-0.322328,924769,3,semi-detached,London,UB32 0OG,A,2024-10-26
91a4a9e6-2e15-4ed1-b1d2-75b3845ac863,51.483691,-2.700007,559612,3,flat,Bristol,BS20 7FO,D,2025-04-19
3ef4c56e-83b7-4e53-bf00-1cfbb67598e4,54.98665,-1.595883,455355,2,detached,Newcastle upon Tyne,NE23 0ST,B,2025-03-07
adf56ff9-dd7c-44af-bd29-5ae62ea31c4e,51.583699,0.02575,1026627,2,terraced,London,BR32 9RJ,C,2024-11-26
f973f305-f23e-4491-a997-40c60721ca8c,51.663828,-0.337934,574719,2,flat,London,BR15 3RU,F,2025-06-07
a6530683-5861-44ca-be15-dd6bc4723211,55.975387,-3.221737,403820,2,flat,Edinburgh,EH16 6NA,E,2024-10-27
151250f9-da97-4246-992c-433d926fd1c4,52.746997,-2.047442,254890,2,flat,Birmingham,B20 8WY,E,2025-04-30
d7e8e7fa-d18d-47c3-a27b-ab68f96728fa,51.410317,0.215153,877821,2,detached,London,EC21 2LR,C,2025-05-04
703a11dd-ff45-4f7d-8c78-f5a2d1e75ccc,55.899527,-4.58793,366768,4,terraced,Glasgow,G34 7LM,D,2025-08-13
7cf8935d-051c-4d0f-872a-558503650cfb,51.448372,-0.027654,914969,2,semi-detached,London,IG3 5UC,E,2025-04-07
e524b27b-c7d7-4b75-a06c-07afb788e339,51.416005,-2.457614,477460,2,terraced,Bristol,BS32 9RS,F,2024-09-16
de72080c-4e75-4a31-8d64-39f70f55033f,53.566525,-2.332168,254784,2,flat,Manchester,M21 3UT,F,2024-10-11
18ed28a2-8d7a-438e-98d6-d5690d828865,53.332038,-3.030949,313845,3,maisonette,Liverpool,L13 8AM,C,2025-06-22
94fd0b38-04af-4f05-889b-f4e36f86eb66,54.946787,-1.707315,289685,2,flat,Newcastle upon Tyne,NE29 2CE,D,2024-11-23
489ab40c-e04d-4a73-b3d4-f9c05c9b03ec,54.660739,-5.650656,348162,3,flat,Belfast,BT9 5AK,B,2025-03-23
f4116e9d-13a6-4e71-89fd-eaa074218b73,53.027787,-1.207049,474731,2,detached,Nottingham,NG6 3XK,A,2025-08-12
810cbf58-80c3-45d0-8234-44c037dd2686,51.279591,-0.055942,803661,2,semi-detached,London,N25 4WK,E,2024-10-02
04f988db-b4b3-4767-9908-adc73fdd7294,50.926713,-0.137194,575077,3,flat,Brighton,BN3 8HH,D,2025-04-22
c312d183-c128-4b3e-af43-b567307d54fd,51.596751,-2.606785,1006470,3,detached,Bristol,BS18 8TO,D,2025-04-01
1b720cc0-919d-43df-81a3-0936e24fbc94,55.99067,-3.135402,402723,3,terraced,Edinburgh,EH26 6TT,C,2025-02-20
3a0c9225-1922-497a-be9f-bd40e461d8aa,52.217465,-1.994348,526961,3,bungalow,Birmingham,B6 6LB,F,2025-04-22
f85d721b-ef19-4aa1-845e-3e4f5c65568c,51.754844,-1.243717,360093,1,flat,Oxford,OX8 3PT,B,2025-08-23
48bc4b6b-fafe-47d8-8de6-d09ec84b509d,52.304494,-1.757676,192924,1,flat,Birmingham,B1 7KY,E,2025-06-07
bc01b1da-5bde-4212-9931-34d4861fff80,51.393022,-0.594779,803050,3,flat,London,BR10 1GT,C,2025-08-29
9befab9f-4a15-4b3c-889f-c701ce8c1d54,53.776987,-1.693952,308812,2,bungalow,Leeds,LS29 3HE,F,2025-01-26
afe71b27-c06c-435e-8ac4-296f94d2696f,55.74009,-4.500703,260563,1,semi-detached,Glasgow,G15 6XO,F,2025-07-26
570fd68a-0e49-411e-8b7f-8eb49f38d020,55.861541,-3.042525,350318,2,flat,Edinburgh,EH13 3DX,D,2025-02-08
81195cc2-33c2-4c03-8d41-a25b70b1c42c,51.369538,-0.004372,1024208,4,flat,London,TW13 1DM,C,2024-12-28
a08c957d-1798-4860-8fcf-b48a3e145b04,53.609186,-2.872893,265220,1,detached,Liverpool,L23 0KN,B,2025-06-21
732d619b-bb1f-44b3-89c7-f8f2ef4923da,51.367832,-0.415499,823274,2,bungalow,London,SW28 1HL,B,2025-04-07
7066794f-e8df-4530-aeb4-ff97d60202f2,51.447262,-0.976674,459737,2,flat,Reading,RG31 5FO,D,2024-11-24
6e736627-c8cd-4ac7-9db3-05a099808649,51.479441,-3.140716,281182,2,flat,Cardiff,CF17 0DK,E,2024-12-26
ab38c1e4-7768-43c0-a3e2-c21fb30f077d,51.429682,-3.34608,343840,3,flat,Cardiff,CF18 6GN,D,2025-01-01
91fba5c8-65ee-4480-847a-062f2f983740,55.806965,-4.406484,202296,1,terraced,Glasgow,G3 9UB,E,2025-07-16
adec7d36-6541-4d72-ad1f-6739814a070d,51.791172,-0.411811,509979,2,flat,London,BR17 0DB,B,2025-03-19
4108ef08-f4df-40ab-b373-a4ee8cd1209e,53.449879,-2.189082,348139,2,terraced,Manchester,M2 8CW,F,2025-02-03
9f787582-db6b-4d35-942d-1bea89baf1f6,53.916817,-1.112383,369535,2,flat,York,YO12 4DH,E,2024-12-07
06bb3c94-eb38-4df8-b44e-0f4a1530ef12,53.571135,-2.214365,282396,2,terraced,Manchester,M29 7PK,B,2025-07-21
e3bb7048-5872-4a29-9354-32bc849276d7,51.526856,0.008477,596216,2,flat,London,TW20 6PG,B,2025-07-17
e8e65644-d242-4dd2-9872-3b9d774fa420,53.280258,-3.018703,289009,2,terraced,Liverpool,L8 1RN,F,2025-05-20
dad360d6-5e55-4f0b-89e4-aed2a5361477,51.380995,-3.062649,661066,3,semi-detached,Cardiff,CF19 1DO,F,2025-07-02
ad7c2e72-211f-4a25-80fa-cf3ce7adec17,52.5028,-2.09884,257500,2,terraced,Birmingham,B4 6KE,E,2025-05-11
5c18631b-adf5-44fd-9d7c-bfb211a082c0,51.523188,0.008866,839206,2,bungalow,London,KT19 6JL,C,2025-04-17
763f9152-a658-46ea-b4e3-dc87f4a8cef8,52.744827,-1.754887,429258,2,detached,Birmingham,B31 5BJ,G,2025-08-24
6e2cd2b1-b3b9-41e6-aa57-522bfdfe5d33,52.46064,-1.744611,357377,3,terraced,Birmingham,B11 9AL,E,2025-06-16
b1a9128f-0df0-4ac2-85a4-a1768c1bdbad,55.89,-3.96835,232430,2,flat,Glasgow,G19 1OX,B,2025-06-04
fe46b618-eb4d-4de0-b647-76d49cfd7e91,53.446882,-1.355153,163301,1,flat,Sheffield,S8 7UL,E,2025-05-18
a013bf48-fe3d-45ce-8085-c851ec4aebf7,55.03011,-1.785516,778837,4,detached,Newcastle upon Tyne,NE10 0WJ,C,2025-07-07
10a7904a-fc8f-4366-bb16-bba7ec25c200,51.565375,-2.6024,502223,2,flat,Bristol,BS22 3XA,F,2024-10-26
f28b2837-1258-4a56-a3e4-a18c9d13de62,56.050865,-2.998462,354319,2,terraced,Edinburgh,EH9 9EC,C,2025-08-08
e7e6cc58-a723-42f8-8798-dd198f3a8b8a,51.375218,-0.337828,1337864,4,detached,London,IG7 2GE,F,2024-11-21
fe8634e0-f51d-4a47-aa0d-32f5865dbacc,53.888737,-1.031682,607873,2,semi-detached,York,YO29 8KJ,E,2024-11-30
92c3501a-5131-43fa-b31a-00d2830ebf67,51.46628,0.164956,663665,3,flat,London,HA26 2KM,D,2025-08-26
0bced19b-91a9-4875-bbfa-6eb884fc3733,51.610393,0.227839,335990,1,flat,London,DA2 8FU,E,2024-12-03
4f4c26e9-2016-463a-9dda-ee2f4ba4d10d,53.825108,-1.310102,247220,2,flat,Leeds,LS7 5HG,E,2025-02-04
fb470ba1-a4b7-47fb-b404-31d0fabc05c4,52.912928,-1.154214,149989,1,flat,Nottingham,NG6 1UL,D,2025-07-06
a000b06c-f894-4346-8592-a818d5e6c487,51.401993,-2.505103,601131,3,maisonette,Bristol,BS2 6DT,E,2025-06-28
266bad4f-8b9d-4fcc-98e0-ef7d246a06b4,53.719256,-1.695242,374788,3,semi-detached,Leeds,LS16 2ML,B,2024-11-12
6944ecc0-93fd-4c86-901a-42c9819f9ad3,53.566619,-2.183887,438895,4,flat,Manchester,M29 4KF,B,2024-10-12
b9ee1282-9156-4d04-9356-540bd15d4e38,51.374207,-3.254808,296544,1,flat,Cardiff,CF32 5WW,E,2025-05-11
c8914d06-636f-4945-b77b-53fac19fc788,53.418792,-1.478741,166293,1,terraced,Sheffield,S18 6MK,D,2025-08-13
0554360a-4ae9-49cc-8f28-affc0c3fcd40,51.339024,0.270295,1067717,5,terraced,London,UB29 5FM,D,2025-04-11
a51fd858-9f14-44be-9baf-a821cc7721ea,52.079964,-0.771892,530719,3,terraced,Milton Keynes,MK33 1FY,F,2024-11-21
fbab6609-4afb-43de-a592-250417f2bf21,51.360806,0.146693,512666,2,flat,London,NW32 4CX,D,2025-07-13
c9f5a3f3-86e4-4f3f-a1c5-d6da21f5db5f,53.847295,-1.42884,473216,3,terraced,Leeds,LS33 4KJ,D,2024-10-08
62744369-eb16-4ecd-b8a1-15ea51d18da9,51.195635,-0.634722,1480169,3,detached,London,EC29 2JY,E,2024-11-10
45b223db-b911-4d39-aea0-496d0ffdce24,52.017614,-0.685773,680409,4,bungalow,Milton Keynes,MK25 5TJ,F,2024-10-08
6e0b3fe9-9fb6-4996-9731-e0e62c0c1885,51.00671,-1.456899,424396,1,detached,Southampton,SO27 4UR,F,2025-04-15
e511c86a-17dc-4b07-a9dc-915ca64de750,52.551012,-1.702117,524876,1,detached,Birmingham,B28 6ZN,E,2024-10-30
b94dc555-68cd-472d-8760-acc0055ea97e,53.431591,-2.321146,388736,2,semi-detached,Manchester,M1 8MO,E,2025-08-20
3f5a9764-78ad-43af-bac8-d6bcd97b22f8,53.429854,-3.017366,217207,2,maisonette,Liverpool,L31 7DJ,B,2025-08-24
82fe5129-6c6b-4137-b110-7499986f5e0a,51.701489,0.282424,2209604,6,detached,London,SM21 2MN,G,2025-04-18
88aa275e-12ae-4ee8-ad39-361bdadd0a3c,52.520769,-1.922835,372016,2,flat,Birmingham,B2 9LG,E,2025-01-05
4f22a8c5-3ff7-4982-9c78-dcef03e5042b,55.939975,-3.29346,361923,2,flat,Edinburgh,EH2 7FL,E,2025-02-16
0315c0b5-4274-4464-ae90-9e87cb0b2f12,51.445912,-2.594704,318052,2,flat,Bristol,BS13 3KU,A,2025-01-24
adc9687b-1d4d-4102-883e-5af8e57d3aff,56.004718,-3.086908,292540,2,flat,Edinburgh,EH8 2UK,D,2024-11-29
4e45d124-13fd-458b-aee7-acdb72bcc82e,55.965747,-3.028089,240770,1,flat,Edinburgh,EH4 5WN,G,2025-06-16
4d21e268-8607-4753-badb-11e863005412,51.481738,-3.186152,784208,4,semi-detached,Cardiff,CF26 2MB,F,2025-06-14
a79ebaaf-f929-49c3-9c4b-b52c653c164f,52.932739,-1.227563,365138,3,terraced,Nottingham,NG32 9HS,F,2024-11-02
dcbce353-7f13-4510-aa2b-deae0e98d308,51.48165,-0.274397,961931,2,semi-detached,London,NW1 7DU,B,2024-09-15
6fbcfe99-b477-45ba-bfed-5f15a2043120,51.531585,-0.927543,528120,2,flat,Reading,RG14 5GC,E,2025-02-12
4e40def7-b6d6-4b30-9bb7-cc9916e2232d,54.927863,-1.649971,309492,2,semi-detached,Newcastle upon Tyne,NE13 1PM,D,2025-08-30
8c57cbf0-687c-472d-8565-304f4eb958dc,55.874964,-3.311158,743547,3,bungalow,Edinburgh,EH18 3LT,E,2024-09-03
2c8fc142-7c60-4394-bf64-13be5f59716d,51.676655,-0.028399,606548,3,flat,London,EN27 0ER,D,2024-12-23
74cbd88c-0cdf-4d1e-adbd-cc43ebda6f65,50.877102,-0.272727,370246,1,flat,Brighton,BN11 2KN,F,2024-09-28
10da3715-f09c-4d56-b2da-bc80baba21aa,55.862758,-3.356267,788016,2,detached,Edinburgh,EH6 4JE,E,2024-12-24
ac140b5e-27b2-475e-92a1-1af91428ed43,53.241225,-2.197594,354029,3,flat,Manchester,M27 8JW,F,2025-06-21
c3a5e7ca-b290-4cf5-9875-7716a7d2d229,52.383176,-1.53475,249227,2,flat,Birmingham,B21 0AR,D,2025-03-08
be010ee9-8c11-4a24-b419-5ae7cee0a023,51.817245,-1.119513,630131,2,terraced,Oxford,OX28 1SX,D,2025-01-24
9a6a1a14-dcab-42f8-80cf-74122c9657b8,55.804289,-3.487933,401481,3,flat,Edinburgh,EH8 5FP,G,2024-12-03
9b249e77-fa1a-4432-86fe-a09796bfef40,53.295049,-3.090709,252605,3,flat,Liverpool,L19 7XN,E,2025-07-18
e912d673-9581-45d8-a168-1a90adb67aa5,51.543463,0.455029,492650,2,flat,London,N10 5RY,B,2025-08-09
b40e65fc-38ca-4ffd-a653-b71c6145acb9,51.432975,-2.719776,430978,1,detached,Bristol,BS5 6ZO,C,2024-11-29
a7d6ed09-33a1-49e2-84ad-fb3266a2957b,52.856124,-1.310614,193927,2,flat,Nottingham,NG1 8WZ,F,2024-09-18
6f3b68bb-7ede-44b1-93ff-7fe965bf95fb,52.169506,0.167325,876631,4,maisonette,Cambridge,CB4 4RA,C,2025-01-28
7cbb3673-ae4c-4911-912b-d2766442e360,55.930458,-4.247045,605576,3,detached,Glasgow,G24 2TM,B,2025-05-29
5b0220cd-7076-47ef-9ced-21ebbca858bd,51.422924,-2.456135,390091,2,flat,Bristol,BS14 3ER,D,2024-11-19
80f5ceb6-2f49-4f0a-88f7-38c0b4e76f62,55.956457,-3.026456,598490,5,flat,Edinburgh,EH4 5OG,D,2025-07-01
f7696118-091e-4b38-9de2-566139ee7103,51.927488,0.371714,524342,2,terraced,London,EC7 8PW,D,2025-05-03
b6920441-2e69-4518-8bc2-fc1b77610d38,54.58262,-6.001623,550633,6,semi-detached,Belfast,BT1 2LA,E,2025-08-21
7daa56f4-f06e-4fa6-80b3-046351785545,53.501061,-2.233747,229132,2,flat,Manchester,M30 5RS,E,2024-12-19
da465cf0-ab23-434e-98f2-102e67633c64,54.979407,-1.792151,291058,2,flat,Newcastle upon Tyne,NE13 6PS,F,2024-11-13
9a4b552d-0e9e-42c2-b7d4-48decf3b9406,53.498206,-2.931173,165853,1,semi-detached,Liverpool,L3 8BS,C,2025-04-24
ce70f35f-578c-4a2e-8c74-fa20b6414636,51.312696,-2.596499,405068,2,terraced,Bristol,BS1 3PS,C,2025-01-21
fa5f01c7-f168-4a72-85ce-d58994b803d2,53.539618,-2.286502,532585,5,bungalow,Manchester,M13 1KF,G,2025-02-16
8cf39337-7750-4345-93ff-92c61063543d,51.336567,0.268804,505219,2,flat,London,EC3 5XW,D,2024-12-06
b761b198-8744-4d56-a6e0-1d71de70600d,51.802724,-1.390722,1265450,3,detached,Oxford,OX9 1WW,E,2025-01-27
fdd52d62-0d7a-4ebe-b4f8-f82b5a99d452,51.496374,0.289807,1044158,4,terraced,London,N30 2EZ,D,2025-01-24
b1dd64ac-74cb-4e03-975a-0e2c0ee78a99,52.691755,-1.892501,426147,2,terraced,Birmingham,B18 8BT,F,2024-09-06
914719bb-caea-4c0a-ac4d-a8cc61c7f755,53.759572,-1.52566,428869,2,semi-detached,Leeds,LS10 6OK,F,2025-07-26
5ab8dc45-6056-4972-903f-05df4fc99a4e,51.525698,-0.205419,616762,2,flat,London,EN20 5KH,B,2024-10-02
09cadf1d-4f8a-4b58-a153-fb73c6406126,53.594782,-2.432663,388458,1,detached,Manchester,M13 0RG,C,2025-07-10
549f6413-f342-438f-8a7b-1d0090d0f6a9,50.690525,-0.187801,973788,2,detached,Brighton,BN23 0AO,C,2025-03-28
a0b9c654-74fa-4a59-96a5-51b4e86597db,53.469334,-3.209785,350023,3,bungalow,Liverpool,L32 4CC,G,2024-09-09
4b391340-67de-4e42-8114-99cd377d01f2,52.083007,-0.679555,500056,3,terraced,Milton Keynes,MK10 9ZK,D,2024-09-05
bd5b232e-a038-476d-a300-7f52bc3dc72c,51.335684,-2.66808,434378,2,detached,Bristol,BS19 1UA,D,2025-04-06
258a9a03-e7f5-424d-8b26-49fea6968f9c,51.610477,0.178729,882595,2,semi-detached,London,TW33 5WR,G,2024-12-12
d919589b-4501-4ae1-bb8d-124aac0601f6,52.439351,-1.789697,421633,3,semi-detached,Birmingham,B16 5PT,E,2024-09-14
a31183ab-4521-4c48-a190-a7ba6fe35155,51.623811,0.012115,651417,3,flat,London,EN17 4RT,D,2025-08-07
8e533275-694a-4dcc-932d-2b769428328a,52.656722,-1.980133,306991,1,semi-detached,Birmingham,B12 7NF,F,2025-03-15
cc898000-0848-4a4a-b34d-06cb5b0b1e5f,50.994152,-0.1496,905279,3,terraced,London,EC29 9SR,D,2025-02-15
b5fb0080-9cd2-4b05-82d9-988befb19229,50.775544,-0.156936,867514,2,detached,Brighton,BN29 9ES,C,2025-07-13
ce3fc422-59bf-4ee2-87b9-a94f37f17c78,53.3666,-1.309702,245086,2,flat,Sheffield,S7 5XL,E,2024-10-06
ceecac4f-bcb5-470e-8c88-08704ac06b0d,51.372784,-0.596795,915848,2,semi-detached,London,W32 4YN,E,2025-07-19
e649d742-670b-4b1c-b739-ddba0d2054ed,53.942231,-1.552728,437177,2,detached,Leeds,LS20 4JX,E,2024-09-30
5969cf4c-70cd-40c4-a78f-8675d54ef83b,52.052656,-0.753342,494339,2,semi-detached,Milton Keynes,MK6 0FN,E,2024-09-12
8fefa451-3679-4a85-9ee0-025b1b185411,53.772464,-1.693964,232986,2,flat,Leeds,LS6 0LA,D,2025-05-01
06a92766-38b1-400e-9652-33e633b50880,53.415195,-2.407977,474985,3,terraced,Manchester,M22 3PH,F,2025-04-04
2abec0c9-9a2e-48d0-ba2f-7ac632672d3c,51.4314,-2.426472,661757,1,detached,Bristol,BS8 5BR,C,2025-07-02
6ed07915-9d84-471e-a8e7-764d43c65840,53.603469,-2.271936,346636,2,flat,Manchester,M29 9OY,C,2025-02-03
545901a8-0366-4e80-9b9d-86e9b737feec,54.988403,-1.505059,216826,3,maisonette,Newcastle upon Tyne,NE1 0UZ,D,2025-03-16
804e44df-5d1e-4602-8b33-c1b9cee906ea,50.836557,-0.060173,742849,1,semi-detached,Brighton,BN18 0TF,F,2024-10-09
0b5cfaf7-e9d6-4c73-813c-4c09f266dbeb,51.777789,-0.265624,592745,3,flat,London,SE24 9OX,C,2025-08-01
142894df-4f94-41bc-bab0-0afbc13d9e27,51.451095,0.460015,1043704,2,detached,London,BR4 6SC,F,2025-01-26
d2fb962e-a0f2-4087-b652-abfa0c511356,55.09878,-1.483312,284708,2,detached,Newcastle upon Tyne,NE4 8AL,E,2025-04-12
4be0d657-9462-4dd6-afcc-40198c454beb,53.431728,-2.047232,273704,2,terraced,Manchester,M6 5CS,F,2024-11-05
9f65cccd-ca06-470e-8771-612baba88ef7,51.418744,-2.578182,399115,2,terraced,Bristol,BS33 3FM,B,2025-08-28
bbdf41da-b61e-400e-96e2-4adbad93a45b,55.76067,-3.958612,216249,2,flat,Glasgow,G22 7NW,C,2024-10-19
2dc20e63-21ec-493b-86c7-ffd208bdb3af,53.488179,-2.391204,834694,6,terraced,Manchester,M11 5EY,G,2025-05-05
bc998c69-ad5c-4ccd-9e7e-ea5327749cec,51.413409,-2.985405,472502,2,terraced,Cardiff,CF1 7GH,D,2024-09-14
3b85b614-8658-4799-8bc0-ec5535e038bf,51.287713,-2.731199,311310,2,flat,Bristol,BS12 5MS,D,2025-01-26
05ad8247-173f-4760-95e6-c86051b21d46,51.893343,-0.325991,549823,2,flat,London,SW27 2GZ,E,2025-08-23
1f466ebd-4d1b-49df-a2a7-8989f0a2734f,51.70749,-0.495347,699597,2,bungalow,London,SW15 9NL,D,2025-02-15
01aee052-45fc-450f-ba57-53706990f5e5,51.331316,-0.157339,817008,3,flat,London,HA27 4YJ,E,2025-07-02
a7d2d573-0102-4d0a-8f02-a180fd04fde4,51.381471,-0.945943,507744,2,terraced,Reading,RG22 1BN,E,2025-02-19
13e5b4cf-9908-402c-be83-7df0398fda03,51.41464,0.259643,568611,2,terraced,London,N16 6XG,E,2025-03-25
f12d602b-7a92-4605-9e5a-d246b3c75a25,51.166324,-0.18032,898717,5,flat,London,E33 8NA,D,2024-11-01
7de73ee1-8567-4608-96b4-6b9033cdcad6,51.517621,-3.013174,415045,3,flat,Cardiff,CF17 4GR,C,2024-12-23
5549c7ff-3746-4a95-be20-16085cdde6d9,53.803928,-1.352639,514970,4,terraced,Leeds,LS7 1FN,D,2025-08-04
a28fb8c6-2a3d-4a75-bc7c-18b7944a0c57,51.59547,-0.397899,472419,1,semi-detached,London,W2 9XT,F,2025-04-14
2f5e9f4f-0925-4171-9086-ffbcb4f83799,50.878934,-1.44283,440760,2,semi-detached,Southampton,SO18 6DR,C,2025-03-13
67ef16c5-b38d-435a-9764-c08cf4c90609,53.85427,-1.322794,412888,3,flat,Leeds,LS1 0TK,C,2025-08-11
3f3eff23-817e-4183-885e-c65f6a1c220b,51.519682,0.078768,726525,3,flat,London,HA24 5SZ,E,2025-07-14
3254a5a1-6f8a-4148-a986-7be92a805061,51.496433,-0.250564,566463,2,flat,London,E26 0WD,F,2024-11-10
e675eb7a-ba24-41c2-8c5a-ea9d10a774ca,52.541974,-1.992071,586695,1,detached,Birmingham,B13 9YO,D,2025-06-22
7e9f0af6-5b0b-42bd-9f6b-fdb38abcae40,54.507775,-5.731905,167168,1,flat,Belfast,BT6 4KE,E,2025-04-04
78401176-db82-4bbd-8145-36e8bb59c308,50.891577,-1.513175,266011,1,semi-detached,Southampton,SO34 1JZ,D,2025-01-31
9d3eef7b-d8a5-445e-ba09-456ebc58359c,51.47095,0.573323,1014968,3,flat,London,NW13 4CP,D,2024-11-12
20549bd2-5b9e-4d7e-98a9-043c200504f2,52.548948,-1.88228,195619,1,semi-detached,Birmingham,B25 4NJ,E,2025-01-08
627d248c-de8c-4e69-861c-27fb25c18b77,51.439705,-0.90779,1082293,5,flat,Reading,RG16 9UU,C,2025-08-29
1876b04e-67cb-44ed-bb77-7702827833fc,55.836196,-4.066193,420837,2,detached,Glasgow,G35 6LU,C,2025-03-08
46a003a5-a244-4c06-91d4-0a4396757bf3,51.756826,-0.277985,1021595,3,maisonette,London,UB15 0HT,F,2025-01-08
e1e3c834-43c7-4811-b17e-68127786c70e,51.138819,0.500413,764471,3,flat,London,SM3 9MR,D,2025-08-21
b645dd14-aa5f-4169-9d13-ff719d76c53f,51.406151,-3.031316,431271,2,terraced,Cardiff,CF24 6RO,E,2024-11-18
930d02ef-14c0-4339-9386-52428aa03af9,53.925784,-1.330389,200826,1,flat,Leeds,LS6 9YB,D,2025-04-20
c87b24ae-a4b6-475f-b175-23a485414182,52.401395,-1.813759,435732,2,semi-detached,Birmingham,B25 8CX,E,2025-07-12
3bcd69f4-62ee-4e3c-88bd-7231ad81381b,52.522803,-1.573821,250810,2,flat,Birmingham,B5 3CS,G,2024-09-22
7aa71ddc-ef52-4f7b-9733-03b969441933,51.723399,-1.27671,558764,2,maisonette,Oxford,OX12 6NH,D,2025-05-11
b65f073d-1e4d-4a43-8d12-ecd51cfef213,55.889528,-4.410671,378674,4,maisonette,Glasgow,G17 1SY,E,2025-02-09
9374720a-b2d9-4640-8652-1a611b77df81,51.615087,0.295111,532904,1,semi-detached,London,WC28 3CJ,E,2025-06-26
2a7ca8a4-0e6d-4299-9cee-f9bfe6c74bef,51.314908,0.172906,1034315,3,semi-detached,London,SE5 5MG,E,2025-07-19
522f4bb1-3a76-429f-962c-27436f8b1931,55.805781,-4.43724,223907,2,flat,Glasgow,G10 8RK,E,2024-12-05
3be5676e-b4cd-4f37-af79-047a1d548236,52.403222,-1.986739,432344,2,terraced,Birmingham,B35 5XU,C,2025-05-31
18c35c54-5906-466e-a3eb-6084179da5d8,56.009337,-3.323355,371212,2,flat,Edinburgh,EH16 2BP,C,2025-03-12
18b490e9-8526-47a2-8e70-ed4e45cdf085,52.413132,-1.860184,276980,2,terraced,Birmingham,B6 4ZC,F,2025-07-11
6e24b2b5-fbc7-4298-a580-9300930b8ab2,51.217503,-0.210349,505568,1,terraced,London,SM35 8OZ,B,2025-01-10
97bded04-eab9-4ea8-8019-e7c430d0462e,51.517846,0.152048,682633,4,flat,London,TW31 4CZ,D,2024-09-05
e92d8b67-f47c-4798-9a84-517b39471e9b,51.660708,-1.252596,669270,3,terraced,Oxford,OX34 5UE,E,2025-02-03
3ecb75d0-2522-43f1-af58-c004591e1140,55.8501,-4.339591,309267,2,terraced,Glasgow,G3 4EJ,C,2024-10-10
0bd51762-d135-4c50-b4fa-0289067d244c,53.370734,-2.196296,235448,1,bungalow,Manchester,M1 3PO,C,2024-12-16
22f3aa03-3a60-4793-95e4-1a217f06c716,51.232741,0.363056,781714,2,terraced,London,N5 6MP,D,2024-12-10
b4054e12-b376-4a07-af62-42bccac90a62,51.947208,-1.153046,788104,3,terraced,Oxford,OX22 5RG,D,2024-11-14
1ae7af32-3d39-4f52-a899-c7e31693cf77,52.520708,-2.027155,303124,1,maisonette,Birmingham,B29 6NA,F,2024-09-12
c079f16f-f380-4afd-817b-9939996973ed,51.354026,0.139017,1201114,2,detached,London,E3 7FL,D,2025-02-19
6ec98ceb-b4d2-42ac-8dd6-d1fc76963c98,54.883184,-1.634326,397123,3,semi-detached,Newcastle upon Tyne,NE16 6RP,D,2024-11-10
f536fc1c-8136-4689-a0d7-2c80bf63b6af,53.621839,-1.44602,312784,1,terraced,Leeds,LS8 2AW,D,2025-06-11
d5acd203-93b7-468f-b0de-5b0814928a99,52.674759,-1.568194,445873,2,semi-detached,Birmingham,B25 7JT,D,2024-10-29
acb70f56-cfd5-4cc6-baf4-1048d65a5de3,51.713991,-0.445857,1124666,3,semi-detached,London,EN17 7XF,D,2025-03-24
1e8857de-87ad-47a0-8ea3-8dac545f3729,51.537845,-3.297777,588175,5,flat,Cardiff,CF15 5OS,F,2024-09-21
e54e06c8-0d71-45f5-b2b5-68cbe0d5a2c8,53.72072,-1.642763,384104,2,detached,Leeds,LS12 5NP,F,2024-09-21
25c14892-2c86-4ca6-9c08-6c10066a0e48,56.013159,-4.354098,256919,2,flat,Glasgow,G5 6HH,E,2025-05-02
8f272492-64f3-499b-9a6d-527e28fb2853,54.920066,-1.490595,296380,2,semi-detached,Newcastle upon Tyne,NE24 4UR,D,2025-04-03
3adc0180-09f9-4a63-9a6f-6d0a41973cb7,53.638916,-2.318722,182753,1,flat,Manchester,M5 2SW,C,2024-12-04
2933ccdd-2934-44ab-86d8-26b3ff050aae,53.542466,-2.433351,439850,2,detached,Manchester,M27 9BB,F,2025-05-29
fdb02e76-30f4-4a0c-82bf-73bdd8b6e1fa,50.845864,-1.561974,548008,2,detached,Southampton,SO10 7OS,D,2024-12-31
6e0e8e40-7573-4112-8889-eafafb494ff6,51.498424,-0.250728,869521,3,terraced,London,KT16 2XO,D,2024-09-09
ca4c6b72-ea07-4d53-8fb4-7dcc5a4c3bb3,53.056501,-1.205491,180497,1,terraced,Nottingham,NG17 4YB,B,2024-09-06
46c89210-5f49-4a6e-b785-f44d6d20ebb1,53.384212,-1.463973,237255,2,flat,Sheffield,S2 5ZT,F,2024-09-24
8f9ace3a-cef7-42de-bd03-24e23162a914,51.307751,0.386283,513345,1,semi-detached,London,TW30 3XP,C,2024-12-03
44eaacc8-f579-476a-a69d-e09fb96d9760,55.976476,-4.29163,234419,1,semi-detached,Glasgow,G14 1UM,F,2025-05-01
d834ab29-14ab-4ce6-81e1-c0fb82cd08b5,50.904486,-0.080905,431548,2,flat,Brighton,BN11 6EA,F,2025-06-19
552fedc8-8e08-46de-99a6-7f14c35e3415,51.47572,-0.893041,716261,3,terraced,Reading,RG19 3CA,E,2025-01-18
e69c5eda-9e00-476f-9b81-5e3ac3746346,50.771643,-0.180611,717363,4,flat,Brighton,BN34 3AY,F,2024-09-19
65149c1f-ce61-4b95-b367-2a658e3e421d,50.883934,-0.022191,764067,3,flat,Brighton,BN14 2PD,F,2025-08-06
5ecbeb61-f7f9-4fc3-b02d-ed05282f1fc0,51.74073,-1.286586,695981,3,flat,Oxford,OX19 3UA,E,2025-05-28
60cc0fbe-22d0-48de-b846-1a1bd7834004,53.440826,-3.091886,342658,3,flat,Liverpool,L8 1FB,E,2024-10-25
cc646b41-2054-4903-a627-0fd549555f06,51.986781,-0.742298,733984,3,detached,Milton Keynes,MK2 7ZU,C,2025-06-25
11740dc6-7ccd-4d3b-ae51-b36d6a0f8da5,51.647748,-0.13525,652749,2,semi-detached,London,NW22 2UB,B,2024-09-03
f624bc3d-a57f-4f37-88af-1ac5d85a5739,51.619998,-0.491163,660253,1,detached,London,SW20 6JJ,D,2025-02-13
ea2aa7a1-681f-4743-b2e6-62781cc92b12,55.848541,-4.328599,294917,2,semi-detached,Glasgow,G30 2WA,D,2025-07-11
3f410918-848a-42b1-b735-013b4c6b5cd9,51.428445,-2.635078,440555,2,semi-detached,Bristol,BS29 9AH,F,2025-03-23
44273771-7313-49b2-8b7e-f547a3285ca1,53.421325,-1.378058,664606,5,semi-detached,Sheffield,S35 6LF,C,2025-05-16
74ab58a3-aa25-40a7-bb24-e32a731587e3,52.034002,-0.911151,775650,4,bungalow,Milton Keynes,MK13 7DC,A,2024-12-07
7e89bac5-f9de-436e-80ca-a6d26b35b409,52.178682,0.102899,743404,3,flat,Cambridge,CB13 7KF,D,2025-02-20
b6146941-383e-485c-885a-c8f9176cd8e4,52.346368,-1.668082,491007,2,bungalow,Birmingham,B31 0DJ,E,2024-10-07
7c2b748c-e38d-4db7-bebb-a9e563099050,53.415104,-1.54315,351886,3,semi-detached,Sheffield,S32 2LZ,E,2025-03-01
797014ba-3f00-486a-909c-f2a834f6e338,51.441155,-0.924139,505055,3,flat,Reading,RG34 7PW,E,2025-06-20
0efad0e8-aeaf-4b80-b500-95765b30c0b6,52.455603,-1.892008,371380,2,flat,Birmingham,B19 7KE,E,2024-12-09
8a1b448a-5261-4caf-b8de-e5cc879ae99d,51.350425,-0.301929,855903,3,semi-detached,London,TW17 8EN,C,2025-03-14
4f6218a8-8917-4fc9-bdde-fd59fce920ec,52.551812,-1.767576,368461,2,semi-detached,Birmingham,B2 5AX,A,2024-09-04
55d48097-cff6-4528-b83a-4fc3fcbc7980,55.750268,-4.10341,197438,1,flat,Glasgow,G3 7TH,C,2024-10-11
e24a4096-2d9d-4970-b115-a31732a25e2f,55.798555,-4.556031,368022,4,flat,Glasgow,G20 1RO,E,2025-07-10
b9bf41df-5733-4aa4-ae34-2342588ac8b4,53.310062,-3.045825,360978,3,terraced,Liverpool,L11 9SX,C,2024-09-04
c28f5f48-7b65-4d1d-b625-f4de9340c608,51.732174,0.206438,588810,2,terraced,London,DA22 3WA,F,2025-04-11
a1fdbc59-08ae-4771-8215-7fd8a8183b73,53.443437,-2.1945,369755,2,terraced,Manchester,M21 6FO,B,2025-02-28
e4c17d1e-02c0-4bd6-b54c-f2c9582308d6,51.561863,-0.28147,726637,2,semi-detached,London,UB10 8NS,E,2025-08-07
7586565d-fbf1-431a-92e1-d424c66e7b84,55.988181,-3.172317,330215,2,flat,Edinburgh,EH26 2DM,C,2025-09-01
15d4fa6b-38af-4f70-85f9-8becf7cd52f3,53.595288,-2.073565,342060,2,terraced,Manchester,M17 6XG,E,2025-08-20
37a4c0a5-86cf-44a9-adf6-d9450e169d6f,51.378096,-0.123784,793831,2,semi-detached,London,N20 1OP,E,2025-05-30
945cded2-f1cc-4738-b5b7-a09facd96af3,50.778046,-0.088516,681689,1,bungalow,Brighton,BN31 2SJ,D,2025-04-17
95dde991-7ac8-48c6-9b8e-f03821d56be4,51.424637,-0.166605,731194,2,bungalow,London,E32 2AB,D,2025-08-23
a8a5cab7-de33-403d-ad46-13417ff3e707,52.470019,-1.856025,351190,2,flat,Birmingham,B31 0AE,G,2025-02-13
ee6b30c9-beb9-47cf-a172-b4a5dde7e818,54.81897,-1.70745,225702,2,flat,Newcastle upon Tyne,NE33 0JE,B,2025-08-26
dd740155-3ab9-48c5-9a18-438a163f32ee,51.564076,-0.321395,740248,1,detached,London,W33 7NM,G,2025-03-17
c9508f57-9af3-4d98-8774-7a1726c8c206,50.905786,-1.318127,746372,3,detached,Southampton,SO26 4SR,C,2025-06-05
792f1b72-fd16-4f0c-925a-c4dfbfb82d90,51.872316,0.047722,467795,1,terraced,London,DA19 4PA,D,2025-02-24
23f14396-7051-4de7-b504-c78233d1839f,51.326479,0.433877,673036,2,semi-detached,London,SE26 1GT,E,2025-03-20
e2f49e94-f695-431e-9c2e-f087e1a09459,52.295609,0.160224,759270,2,semi-detached,Cambridge,CB6 1SA,F,2025-02-20
4c9a48b7-01af-472a-b0c5-57c1fa1ff4ed,52.339757,-2.0751,318761,2,maisonette,Birmingham,B6 9OX,D,2025-03-22
b4704a8b-2ed8-427c-aead-2d18ab4b1e5e,53.375762,-2.346676,552537,2,detached,Manchester,M22 9MT,E,2025-02-23
a0b1d990-24ca-4a1c-83e1-3820a1ebe9c2,51.188364,-0.336091,798517,3,terraced,London,EC23 9KD,C,2025-03-19
03919d7f-fe52-4d07-8d20-63a4e1609cb6,51.380773,0.146325,890734,2,bungalow,London,CR1 7NH,F,2025-04-12
29db77a0-7a4b-436b-8325-8e8985905ae0,53.408246,-1.330623,367986,4,flat,Sheffield,S3 2LE,B,2025-03-07
60cc099b-2e4a-42b4-8053-697fe62d1684,52.135738,-0.753673,564105,3,maisonette,Milton Keynes,MK31 5XF,C,2025-08-15
b1f806e9-1628-4de4-a55e-a6eeb29bd36a,50.884375,-1.472441,419265,2,flat,Southampton,SO17 3WU,E,2025-03-10
bc0d4f2d-5799-48ed-b8a5-a45c79cfa485,54.67808,-5.844971,342981,1,detached,Belfast,BT25 3LU,B,2024-11-26
ceb26ce7-281f-4b78-9123-23ff2e9e080e,51.701611,0.056486,775626,3,flat,London,W17 3LB,E,2025-05-08
e0f2eefb-5b22-49f4-a056-019496a28d8e,56.164731,-3.240504,712750,2,detached,Edinburgh,EH19 0TW,F,2025-05-15
17f666b4-e712-47aa-a0f5-bd35cf20b7dd,51.556932,0.293305,668669,2,terraced,London,EC25 0ER,F,2025-01-29
de998811-7bcf-4b79-a226-4e13c7a3c4ba,51.528482,-1.073785,1387495,6,detached,Reading,RG29 7GT,E,2025-06-15
c6202b60-3496-4632-861a-4cc8891d14ee,51.417716,-0.506692,618331,2,flat,London,NW13 8LF,E,2025-02-17
ec91c977-95d0-4151-8ddc-be80cb2f6fd7,54.927851,-1.518917,257397,2,maisonette,Newcastle upon Tyne,NE12 9EJ,F,2024-12-09
3a233551-aa93-48f7-af06-e8e3ef97f6f7,51.471719,-0.044809,629547,1,flat,London,TW23 0SZ,G,2025-05-10
89e98e3f-1e8a-479a-9d8f-368a9ac3472b,51.612621,-2.407428,529264,3,flat,Bristol,BS12 5EY,E,2025-02-26
0734c846-abd1-4c50-b323-502a566ccb4c,52.490388,-1.816747,299493,2,flat,Birmingham,B4 5UN,D,2025-06-07
e40a6e5e-8b5c-4854-8103-957fa5ddb48c,52.488307,-2.299079,489602,3,flat,Birmingham,B19 3KB,E,2025-03-10
e922f7b9-87de-4f4a-89a6-edb4c2c2fc08,51.469811,-0.425951,562365,2,flat,London,E24 3CF,C,2025-01-18
29617bf4-535c-4c8f-b45e-377142c57bd0,51.426973,-2.504594,431557,3,flat,Bristol,BS3 7YA,D,2025-07-29
1419f405-9fb1-4775-99f7-4f7bfc04490b,52.376265,-1.730459,271391,2,semi-detached,Birmingham,B20 9XA,A,2025-08-06
9ac7f6f9-4915-45f7-a277-db97b8f5db4d,54.563793,-6.09599,200451,1,flat,Belfast,BT2 6KB,F,2025-08-03
89e31207-6eaf-4e31-b7b7-682c34c5d9b0,51.500236,-3.334782,389087,5,flat,Cardiff,CF21 0NO,A,2024-10-06
749143b5-cab1-4952-b3fb-ccd199cd8814,50.851977,-1.457261,412980,3,flat,Southampton,SO30 7BY,C,2025-07-06
e13022bf-1f26-4424-b439-e65714a64991,52.494255,-1.992061,576764,2,detached,Birmingham,B13 4DB,D,2024-10-14
64341aac-8fac-40eb-8ef4-e38de5fbb0b2,51.589678,-0.119483,1740257,6,detached,London,W10 0PE,D,2025-03-22
d53d92f8-f9e0-4cef-892b-cbb4d79e27e1,51.408987,-3.023738,484718,4,semi-detached,Cardiff,CF16 6BD,E,2025-07-14
67bcf774-a86b-459c-a8c8-fda91eacb423,55.937519,-4.285628,354695,3,flat,Glasgow,G9 2SS,D,2025-04-24
bce1e13f-850e-4d18-8fdd-3323fad756b7,53.358082,-2.319797,228783,1,flat,Manchester,M35 6XW,F,2025-07-22
8391d5c0-3984-4c19-ae34-c2c5287580c1,52.211676,0.10509,500665,2,flat,Cambridge,CB32 9SH,E,2025-08-28
807a3bd7-f797-4e9c-84d1-b6238ee5a87a,51.410924,-2.650099,442354,2,flat,Bristol,BS13 1MP,E,2025-02-17
c98af3cf-4d4f-4cec-a16f-71f1c22b3442,53.861991,-1.450402,154950,1,maisonette,Leeds,LS9 6XN,B,2025-08-23
20f0628a-5524-4e66-81c6-f25b6a2ce7e2,56.095597,-3.401958,318982,1,semi-detached,Edinburgh,EH14 6AS,D,2025-08-11
d1dd1990-aaf1-4e4a-8da2-ada72703a138,51.47171,-3.145602,318282,3,flat,Cardiff,CF4 9BT,C,2024-09-13
215b3e1b-0a56-4f18-9b80-6032cf5bb6c1,51.289155,-2.999456,380043,2,semi-detached,Cardiff,CF14 6CN,B,2025-02-10
a8d05d8f-7c92-47d7-b917-6a2062e8b6e0,51.83415,0.024691,1464907,5,terraced,London,NW29 7JU,F,2025-01-23
8439d369-da6f-4a81-af59-bffc69a6d65a,50.771878,-0.218148,789210,2,detached,Brighton,BN5 5HJ,E,2024-10-31
11e3e27d-4f6c-4702-8b9b-55f75996a4d3,55.664359,-4.253655,351201,2,detached,Glasgow,G8 0HX,C,2025-05-03
cd562e16-b8db-444f-a8be-3e0a9abe7522,51.431032,-2.657953,758832,3,terraced,Bristol,BS8 6NC,E,2024-10-31
a1450c87-f460-4f92-abb8-fda5038110e2,52.12743,-0.779215,352856,2,flat,Milton Keynes,MK9 6DA,D,2025-08-24
41386067-60c3-4ae4-8e9a-be4854ddc1c9,53.55237,-2.539774,272562,2,flat,Manchester,M17 9UG,F,2025-03-06
d99a745d-537b-42db-92bf-e4adeb124a66,51.534551,-0.329721,776348,3,flat,London,IG17 3ZH,E,2024-10-08
1ba6380e-1f58-4e45-aebe-6877171a2be0,53.573216,-2.055212,554413,3,detached,Manchester,M7 8ZG,E,2025-08-27
b2dc088b-cb5b-4050-9edd-f4ac88938217,55.965617,-4.120959,265105,2,semi-detached,Glasgow,G27 5TE,E,2025-04-27
8d00222b-91bd-45f0-9f39-c5dd757d3e72,55.027869,-1.352681,678172,2,detached,Newcastle upon Tyne,NE17 6NW,E,2025-04-05
adf2c6a5-d95e-4b1b-ae47-356d5663a213,54.02239,-1.044855,355946,2,flat,York,YO13 0RA,D,2024-09-11
9c7126ce-a590-4cbc-aaba-7bb2738cd882,53.480726,-2.480816,399387,4,flat,Manchester,M4 3NP,C,2025-06-02
8854c72d-90f3-4afa-b9e7-78d6e58ca07b,53.329358,-1.520383,209290,1,flat,Sheffield,S33 2ZJ,E,2025-07-26
8240b80b-82a7-4470-bf08-5d3edd6ce3eb,51.26206,0.038804,1406845,3,detached,London,NW32 4CW,D,2025-06-15
38fd1f61-8b04-485e-962f-39f7c39bc268,51.447231,-0.870636,513465,1,detached,Reading,RG31 7NL,C,2025-01-04
7370d96e-ce9d-4e72-be4e-e4231c88d913,53.396983,-3.099229,245318,2,flat,Liverpool,L28 5FU,C,2025-01-13
a10caf79-b493-4704-80ae-297b70a418b4,50.756057,-0.183231,461093,1,flat,Brighton,BN15 0EU,E,2024-11-25
906a1f7d-016d-475d-a775-f659ecdf74ba,51.461996,-2.351612,357672,2,maisonette,Bristol,BS28 8SN,E,2025-05-23
0e0ca2d6-1ce8-4b8e-866c-7ef353d1b6d7,52.440171,-1.94289,506310,3,terraced,Birmingham,B35 1LO,C,2024-12-26
0a8daee7-5b42-4a7f-80a8-d3b54122dd02,55.768742,-4.087455,230654,1,terraced,Glasgow,G5 9ZD,D,2025-01-28
d7b4dce7-de30-4bf5-acae-d5198d06a82e,53.32692,-1.474766,237156,2,semi-detached,Sheffield,S33 2FK,D,2024-10-04
9cf06a8d-351c-488d-81b1-04495c26a0a6,51.429956,0.024739,481088,2,flat,London,EN30 8MZ,C,2025-08-20
8dc856d7-edf0-4cba-88d9-85e5802fb0bd,53.481054,-2.155055,310664,4,flat,Manchester,M5 5LS,G,2025-01-18
572e3273-66ba-4ca2-a3ae-1e004a80b6f1,55.038759,-1.764323,654403,4,semi-detached,Newcastle upon Tyne,NE7 2LK,E,2025-04-06
2b545181-fde4-4be7-a519-9036840c0ad0,51.640302,0.44544,964524,2,detached,London,SW24 8GF,B,2025-03-30
97157f87-4d0e-4724-ab55-04f3ef503391,52.963193,-1.395287,356262,3,terraced,Nottingham,NG18 2UK,C,2025-07-19
49faea97-d0e4-4ec4-ac33-ab5bb202e367,52.564807,-2.179244,606816,4,semi-detached,Birmingham,B33 7ED,B,2024-11-03
3389bd49-08db-41dd-8d2a-7626e28c7db9,51.333114,-2.598194,519181,2,semi-detached,Bristol,BS7 9NW,E,2025-04-06
e558143e-4ab2-45af-a3a6-8b6dfe643a42,51.357418,0.062116,997959,1,detached,London,WC26 0UA,F,2025-03-12
e7457611-6951-474d-93bd-467dd156c0ae,51.519267,-0.352647,526291,1,flat,London,KT14 2BA,F,2025-02-24
f24d7768-3068-4235-98e6-505e937bafe3,53.470769,-3.062534,355719,3,terraced,Liverpool,L29 4DC,F,2025-07-14
45454d95-b7c0-406b-a46e-7c97fd83b791,53.342692,-2.387353,439281,2,bungalow,Manchester,M35 0GR,A,2025-08-07
dbfbf1de-7003-4224-affe-1f028f50ccff,54.969512,-1.631754,316140,2,terraced,Newcastle upon Tyne,NE5 3JA,E,2025-04-15
eafc2e2d-fbdf-4d3e-9b21-be4f5645b8f4,55.032936,-1.5135,209979,1,semi-detached,Newcastle upon Tyne,NE33 5KY,C,2025-07-11
b341234e-36c1-4fba-aae9-ba2194fc3412,53.655412,-2.170057,247435,3,flat,Manchester,M6 4JD,F,2025-08-02
4b61fe78-3107-432f-8732-331dde3391c4,51.51831,-0.239763,803160,2,flat,London,SE8 1KS,G,2024-10-31
2c4b2dab-fa86-4357-8668-465fcbaecc4a,51.589011,-0.659954,1135747,2,detached,London,NW4 0CC,C,2025-01-13
f7068f29-9d6e-4ea2-9071-4447d95e0c1d,51.243818,-0.115787,715223,3,terraced,London,DA20 1KH,D,2024-12-18
04d68a03-bcbd-466c-9f94-bc7e0e58297e,55.000404,-1.660577,289549,3,terraced,Newcastle upon Tyne,NE24 9CM,E,2025-02-23
211d9179-4e50-4680-a513-7d6bb0770180,51.963569,-0.879805,750530,5,flat,Milton Keynes,MK9 1RG,C,2024-12-08
6b678f59-b124-41bb-8802-cfb7fd5b1da7,53.343817,-2.965743,137949,1,flat,Liverpool,L25 5DX,E,2025-03-27
f45ebe6b-892e-4ce6-82b9-c0212b7ca242,53.407645,-2.342233,471247,2,detached,Manchester,M4 2JC,C,2025-04-11
89d8c2ef-2a0b-4ba2-8027-2e2bbaec805d,51.765319,0.140168,466467,1,semi-detached,London,TW22 9EE,F,2025-03-30
c8bd9166-379a-4e5d-8ecc-7eb178b00ae9,52.047443,-0.825166,439604,1,bungalow,Milton Keynes,MK20 1CG,D,2025-04-07
1107e490-faeb-4dee-996d-767c44af5daa,52.313292,0.254961,1043691,2,detached,Cambridge,CB4 2RJ,E,2025-04-14
d2225b47-f8a4-4c53-a67b-5be1b93823b3,52.61484,-1.724071,367254,3,bungalow,Birmingham,B8 1TS,B,2024-12-26
d5cb5ee8-39c5-44d7-903d-2bbdd6f10916,56.035312,-3.230828,529010,3,terraced,Edinburgh,EH16 3XX,E,2025-03-24
5361b762-f6c3-4578-9715-5395dcedf965,51.58813,0.588697,1057491,2,detached,London,SM2 7WB,D,2025-03-28
89c46ddb-6d1e-4c02-b0c2-63e2e305923a,51.348541,-0.236408,2087130,4,detached,London,TW12 1XF,E,2025-01-16
263c66ba-9020-4cde-a81c-debb4f778d38,50.874537,-0.00538,335471,1,flat,Brighton,BN10 6KE,E,2024-12-18
20e653c9-dc74-42b6-97ec-8c4a2f6d86b5,51.494907,0.073261,1102501,4,flat,London,W25 5FZ,B,2025-08-09
19c73e2f-7a5d-4d69-b5aa-a6a94c358054,51.500683,-0.807514,763871,3,flat,London,CR13 2BM,E,2025-08-12
5769b57d-7235-4129-a3ce-5c718753dad9,55.866066,-4.423377,223156,2,flat,Glasgow,G5 1AB,E,2024-12-25
a71ce8ee-ad9f-467f-b1d0-43107ef6ffc6,51.428448,-0.527392,759858,2,terraced,London,N30 7FF,C,2024-12-17
f9c32a70-590b-4056-993b-376cb9281a78,50.875045,-1.532532,254806,1,terraced,Southampton,SO32 5BJ,D,2024-10-03
5071e992-32dd-4920-8f6f-c3c1847500c9,51.32861,-2.581173,406513,2,terraced,Bristol,BS27 1NM,D,2024-11-07
a5a05ce6-f6a9-4489-9ced-590cd5cbcfaa,52.189705,0.086334,550726,2,flat,Cambridge,CB20 7YN,B,2025-04-05
ac82ba41-39af-433a-8aa2-beb284919901,53.742114,-1.650772,254473,2,flat,Leeds,LS22 0GL,D,2025-05-30
2871027c-207d-4be1-8557-22998b819064,50.791548,-0.063896,680031,5,flat,Brighton,BN31 9MO,D,2024-12-28
96c19592-2869-446a-828f-ca910d1d5fa5,53.826254,-1.513782,227083,2,flat,Leeds,LS6 4EY,C,2025-06-04
10adae01-28a0-454e-a846-ea4be53bc46f,51.484719,-0.065068,696298,3,flat,London,EN17 2RO,E,2025-04-29
ca34f7b8-964f-4d3a-8fc2-cbd1f65a126e,51.418031,-0.086475,688739,3,flat,London,W31 5WJ,C,2024-09-14
c30d0b09-900c-4fab-9429-8067eb38dae2,51.572757,-0.348007,588621,3,flat,London,W29 4MD,B,2024-11-27
2df84c37-b5c1-4c89-a3bc-cfd446caf2b2,51.6391,-0.227116,873442,4,terraced,London,CR22 5BO,F,2025-08-01
36b05912-b883-436d-ac68-dd966499dac8,51.524984,-2.597759,1197372,3,detached,Bristol,BS29 6BF,C,2024-11-14
862d71a1-1065-4deb-ba78-217bb6fb76bc,51.594504,-0.30468,1010189,3,semi-detached,London,NW2 3JP,C,2025-08-17
59154b98-f2a6-44e3-b9d0-44f11a4ef2b6,51.440935,-0.080787,690203,2,semi-detached,London,EN14 5CG,D,2024-09-23
c38723a1-ce12-4ea5-bcc3-387a8100f100,53.29118,-2.941343,184563,1,semi-detached,Liverpool,L23 4PX,B,2025-05-01
6ed62b6b-c695-4993-be7f-d8cbc431f27b,56.009357,-3.047481,361020,3,flat,Edinburgh,EH17 5TZ,B,2025-01-10
60a46b47-5f8d-40e3-a9ce-a24175feaac6,53.403407,-3.030392,197094,1,terraced,Liverpool,L13 1KL,C,2024-12-12
173689bc-417b-483b-8296-9f11c581b4f7,51.26825,-0.468531,607078,2,flat,London,HA16 3PY,A,2025-07-24
6dcf06e7-1992-4d08-9bac-0729b686a191,51.523988,-0.432813,895587,2,detached,London,SM21 8NZ,C,2024-10-26
ff2b53ed-f925-4018-bbdd-b78edec7193e,53.4802,-2.272391,200576,1,flat,Manchester,M35 4BH,E,2025-01-01
6fe20d38-ee64-4f1e-a9a9-d7fe674996ce,51.495821,-0.638237,483591,1,flat,London,N23 6GO,E,2024-10-07
a553f7e8-da54-4353-a146-4cd229330e5f,50.881331,-1.355812,400288,4,flat,Southampton,SO13 5TZ,E,2024-10-27
e4ae456c-df42-438d-9979-69c7e0fbcc72,53.496889,-2.20902,361849,2,bungalow,Manchester,M18 3RZ,D,2025-07-25
0aaf46f8-8e6e-4508-acae-f9309c3416a5,53.389779,-2.325917,796244,3,detached,Manchester,M4 6YU,D,2024-10-27
211fc905-e416-464c-a9b1-cb556a171ffa,53.495073,-1.715599,354378,2,semi-detached,Sheffield,S29 9GZ,F,2025-07-21
26f2f60c-f706-4d68-be64-fb8d565988a0,51.626242,0.411483,712111,2,flat,London,EC4 7YP,E,2025-07-25
a9a81e83-f6b8-4e09-80c7-0c285dcff925,50.778106,0.026268,300250,1,flat,Brighton,BN7 5BJ,C,2025-06-17
2348e3be-aba2-442c-9f5f-9a188d51f9b2,51.559988,-0.143946,689241,3,flat,London,NW20 7JY,F,2025-03-22
f287cf21-1d82-45fc-b28e-0b94d92bee90,51.413751,-2.505177,601286,3,bungalow,Bristol,BS35 4KE,F,2024-11-28
a31239d4-2e94-44f6-b989-9a2c661dfc88,51.388675,-1.174081,441415,2,flat,Reading,RG19 1GB,C,2024-09-29
ab4d92e3-5d4a-4896-a149-67cb40d7bd00,51.534729,-0.00016,646796,2,terraced,London,DA25 7XY,D,2024-11-28
847b1d3b-84c3-4d6f-bd93-0f7d6d398214,52.261632,0.141573,950945,2,maisonette,Cambridge,CB23 7WL,C,2025-07-29
5f0df807-afc5-4069-b7be-9d68eca0755c,51.5246,-0.030661,702388,1,maisonette,London,W15 8ZJ,G,2025-07-28
d2ca6bb8-0190-4a63-8112-63e50060dbf1,51.453825,-2.691253,452443,2,semi-detached,Bristol,BS9 8NW,C,2025-08-21
3a411d99-2481-4c8a-9027-32d077e42f00,51.416257,-0.921669,492199,3,flat,Reading,RG35 0FZ,D,2025-05-05
e8a912d8-2f68-40c9-978c-6b821204ae6d,52.100828,-0.724083,559401,2,semi-detached,Milton Keynes,MK4 2MJ,E,2025-05-19
7818a7ac-9bb3-4b5a-b321-b331085391b8,52.892927,-1.120405,488375,4,bungalow,Nottingham,NG11 5DP,D,2025-07-04
12d973fe-5753-46a8-9cbf-085f35af43c4,52.960931,-1.139201,229408,1,terraced,Nottingham,NG23 6KS,D,2025-01-22
9b87049f-6dfa-45d4-acc1-f6c3736c1976,51.638258,-0.185889,480305,1,flat,London,CR30 9UO,F,2025-02-23
edc1eeb7-2649-49a6-8ceb-fed64025af7e,51.598451,-0.393895,1083653,2,detached,London,TW3 8BK,E,2025-05-13
62a318bb-57f6-44e6-a17b-3cfa67fcb6ec,51.59619,-0.316057,845169,5,terraced,London,E11 2LF,C,2024-09-23
375f48fe-ad78-4aee-9a5f-0e43e12c04b8,51.411609,-0.006969,747744,2,bungalow,London,HA31 1LY,B,2024-10-31
d84332f0-af3f-466c-a994-b7d462f1de25,55.923295,-4.241686,269806,2,semi-detached,Glasgow,G28 9MH,F,2024-11-25
0ac3840a-8905-4244-a9bf-4682693ea135,55.87186,-3.139425,583724,3,flat,Edinburgh,EH16 1DC,D,2025-05-18
9e7d0f17-ed45-44ad-b80e-90e9c8fe0d31,53.398789,-1.470295,289111,2,flat,Sheffield,S35 6LJ,E,2025-03-18
ce26574d-60ef-425f-8788-556ea61da96c,51.436469,-2.656616,436626,1,terraced,Bristol,BS29 9NY,F,2025-05-17
2b7c5901-c2c6-4d71-a3f1-34ea79b3977d,51.539757,0.042281,1522087,3,detached,London,TW35 2RP,E,2024-10-31
73035f40-6ff0-40dc-8ce3-262ae843642c,52.550698,-1.96962,323162,2,flat,Birmingham,B1 2ZH,D,2025-08-20
8aca00b9-2f11-4af6-88c3-e306a63fbfb0,53.469685,-2.111246,442587,2,detached,Manchester,M23 6GG,D,2024-11-03
ae91f5a9-502b-4b88-a483-11b7250586cc,50.811665,-0.158308,685736,3,flat,Brighton,BN8 3HR,E,2025-05-05
119fda0e-af11-4fea-92c0-ba1409854dbc,51.357285,-0.584538,894788,2,detached,London,EC7 3RR,E,2025-03-12
e057960b-7d86-4205-a19f-a84e20f73043,51.554274,-0.195958,702509,2,bungalow,London,W4 1XL,F,2024-10-22
4c32e3a6-d49a-43f3-acc1-46bd6ce1c9d0,52.332145,-1.888184,236663,2,terraced,Birmingham,B7 2JA,D,2024-10-12
430202d8-cbc6-4c36-ba6f-2b80f5589444,51.221139,-0.103337,682473,1,detached,London,SE7 3JJ,F,2025-06-27
143ac630-905b-4d98-9566-aeb2d7dc9dbb,50.881554,-0.215809,1500681,4,detached,Brighton,BN31 8KE,B,2024-10-21
b7101054-9f08-42dd-bf9e-4d0b0471ea26,53.813093,-1.564083,732375,2,detached,Leeds,LS24 4EF,C,2024-09-21
76f8bdc6-9210-4483-970e-78935ee14473,51.444314,0.04703,909896,3,bungalow,London,DA13 7MM,E,2025-05-10
2f7c2da3-a7c5-4877-b31a-a187b475b0a2,53.321494,-1.469621,392713,3,terraced,Sheffield,S34 1DW,E,2024-12-22
3de69388-e77c-46a0-832c-9a73f0e2292f,51.472471,0.026276,1362403,3,bungalow,London,WC20 3GK,E,2024-10-17
6f2f058c-e190-4cd2-a25c-480c6d0173c2,54.56525,-5.893807,321663,2,semi-detached,Belfast,BT12 0PN,E,2024-11-30
a4f00acb-1a80-44a3-bd0a-b0d04dc5d553,53.349397,-2.224525,610819,3,terraced,Manchester,M4 5JK,G,2025-07-05
0c4057bf-6778-4c7f-8c2c-9d388a093e3c,53.314229,-2.108777,477420,4,flat,Manchester,M31 4HU,E,2024-11-26
0a61c409-926c-45ab-bdfb-9936828d0c12,51.520132,-3.18003,246649,1,flat,Cardiff,CF7 2UC,D,2025-01-03
2c4074ba-887b-4189-93e0-814cb0fb7e26,53.359658,-3.295916,419494,3,bungalow,Liverpool,L4 2NE,C,2025-02-18
a956a4e2-353f-4b0b-a79b-3ffe379e9c2c,51.632846,0.322831,766699,2,maisonette,London,SW11 6ZR,D,2024-11-05
6f0afee3-f48f-4f05-a8ed-f10532050e5f,53.223491,-1.491309,153938,1,flat,Sheffield,S24 4WP,D,2024-10-21
c33ece92-e168-4ecc-984b-d36cb7b8b8a2,53.853999,-1.891883,257930,2,bungalow,Leeds,LS22 3UW,D,2025-04-12
11039239-7c5a-4c1e-83e4-7290eb6426e2,53.417613,-1.424086,293215,3,flat,Sheffield,S2 8SH,D,2025-03-22
61fdc10a-cb30-40c1-b047-8bc889205ad4,55.925052,-3.28314,658712,3,detached,Edinburgh,EH11 9XB,E,2024-12-05
6f6d6bb7-5517-4c65-b4ed-eac595c76249,55.87669,-3.223813,381554,2,terraced,Edinburgh,EH34 6RF,E,2025-03-16
c2048701-7efc-492b-8aef-3aba52ac0d63,52.966604,-1.151553,426141,2,detached,Nottingham,NG11 4OR,B,2025-01-08
f88e906a-a97e-47bf-a3bb-d35463883714,53.489204,-1.636001,502858,3,semi-detached,Sheffield,S13 5CT,F,2025-06-02
6e219378-1926-40d8-b84f-fd549add7f3e,53.378774,-2.904529,236426,2,flat,Liverpool,L31 2ZU,F,2024-12-24
cecd1ace-791d-428a-a1f8-8bd4a8097e13,54.010577,-1.36625,386052,2,detached,Leeds,LS10 7MW,C,2025-07-21
b1cfbaaf-b526-4621-ad1b-71d807cad403,51.586023,-0.158921,799481,5,flat,London,SW24 6NC,D,2024-12-07
c6e2de08-9c76-4468-97aa-7131d4832df6,51.264457,-0.069102,753384,3,flat,London,SE11 6TG,F,2025-07-15
b4f5e11f-2ae4-4d8b-abc9-994920a0b1d4,52.545647,-2.006825,296668,2,flat,Birmingham,B30 6WS,F,2025-03-30
c5239d94-ce34-4953-9219-9422b1cb87ee,51.437909,-0.006914,615618,2,flat,London,EN33 6DO,D,2025-08-23
086b2094-af56-4f64-8558-4e5388a644cb,53.54697,-2.223106,323486,2,maisonette,Manchester,M34 2LJ,E,2025-03-18
3d196778-0c84-41dd-878d-fe087da7df49,53.414001,-3.006429,256076,3,flat,Liverpool,L30 5KS,D,2025-06-16
a3752eef-f9a9-420b-80e5-9ffb5c893cca,51.519044,-3.209693,374990,3,flat,Cardiff,CF30 4KS,F,2025-05-26
3310c19d-6530-4735-bb11-c065c0168fb9,51.551957,-0.348083,720048,2,terraced,London,BR12 9NB,E,2024-10-25
61728e07-f27a-4f21-8d16-42065848a897,55.831452,-3.970459,259698,2,semi-detached,Glasgow,G14 2FP,E,2024-12-03
6c785d74-565f-4a59-b446-5db5b6f2a099,54.884429,-1.625193,225501,2,flat,Newcastle upon Tyne,NE2 2XD,F,2025-03-19
6af8c546-6f00-4703-bd3c-536ef3b58768,51.460684,-2.74392,278957,1,flat,Bristol,BS5 9CM,E,2025-07-06
cd504513-724e-4511-9de6-e410b73dedc6,51.360348,-0.48251,483172,2,flat,London,UB30 6LB,E,2024-10-30
349b9a49-feec-47d9-b6ec-4f9facf8e01d,51.44634,-2.508437,1153268,3,detached,Bristol,BS6 0AX,E,2025-06-23
474626ad-7053-4175-8abe-1a3f810581dd,52.61943,-2.150019,295046,3,flat,Birmingham,B34 2NG,F,2025-05-10
639978d6-cbc4-4a22-9033-7a0a3da821b5,53.425171,-2.234796,509272,2,detached,Manchester,M18 1JF,D,2024-09-24
502c91b2-90ff-46a8-b823-fa8c0e13362c,53.424811,-1.461657,359968,1,detached,Sheffield,S20 2ZT,E,2025-04-10
7c7e0f26-aad6-4128-a936-9d46aff661f3,51.546801,-3.233415,551963,4,bungalow,Cardiff,CF30 9TU,D,2025-08-20
c7f03796-c06b-4e14-9160-b61352ce7112,51.353455,-2.633082,771206,4,semi-detached,Bristol,BS34 5JM,C,2024-11-27
071b3803-1cf3-43b7-9bff-5b97f4cf6fb3,50.788714,-0.295613,755591,2,flat,Brighton,BN3 2XM,E,2025-02-10
e7d47ff3-dddb-44da-ae93-95db764d7a81,54.513991,-5.963399,276715,2,flat,Belfast,BT8 3DD,B,2025-02-28
25f4ba8a-84ee-4010-8f89-c231cf819a91,53.375378,-2.220367,323892,2,flat,Manchester,M5 7CH,D,2024-09-11
9ff2a338-d87a-46c7-a3ba-edd4a64cc080,51.570991,-0.431369,377870,1,flat,London,SM23 0NN,E,2024-12-11
1ac3b76a-de6c-45fe-a5cc-0948ac23402f,54.596364,-5.970879,280710,2,flat,Belfast,BT35 5KA,C,2025-04-30
7bddd5de-4841-48ad-81e9-09a434b713d7,53.524244,-2.30505,279176,2,flat,Manchester,M6 3ZB,F,2025-07-24
4231177e-9546-4a1c-8197-db6be2dc0d31,51.446072,-0.955117,487264,2,flat,Reading,RG32 7KD,E,2025-05-18
8b254b0b-0c58-4e19-a3ca-04b96c1f7d7e,50.855555,-0.122027,1059739,4,bungalow,Brighton,BN23 7ZS,F,2025-08-04
b3307fee-051a-4f19-bc73-d78276367aad,54.010401,-0.96142,527794,2,terraced,York,YO2 8MZ,C,2024-12-14
6bc9e746-d648-41df-9e36-acf21ba331c7,55.749073,-4.49257,278566,2,detached,Glasgow,G1 4GU,D,2025-03-24
c1c777b5-a92f-4c96-aaf0-96490b365959,54.956819,-1.492881,193259,2,flat,Newcastle upon Tyne,NE14 9XX,C,2024-12-17
2e1b8147-09b3-40d0-aa21-33fd48720ae6,52.134591,0.055314,861054,4,flat,Cambridge,CB30 5PO,E,2024-12-10
0afe10b8-949b-4b7a-8d51-71ee9d5eaf8d,51.679684,0.255877,707780,2,semi-detached,London,EC11 8DN,F,2024-12-27
c602ff33-916b-4e7c-b2a2-e6d0e06955e0,55.963567,-3.064433,370450,3,flat,Edinburgh,EH28 2ML,E,2024-12-11
a7e76baf-1b64-471f-8d2b-7ec5639e50a5,51.509116,-0.060085,481000,2,flat,London,UB13 6FT,B,2025-05-06
7e2a1a6c-3838-4eda-90df-f4fd19fb23f3,53.678556,-1.599394,460802,3,maisonette,Leeds,LS29 4XK,D,2024-12-13
aa34aec0-138d-4a9e-a44e-c23c1e7dfb36,54.913935,-1.680136,215522,3,flat,Newcastle upon Tyne,NE6 3KC,C,2025-04-21
9f98c7b3-5813-4a93-afa8-b0ea20c67fbb,53.439293,-1.721011,329818,3,maisonette,Sheffield,S27 2ZB,F,2025-05-05
6d9fc0bd-b470-4f17-a25c-1f2405457a20,51.426243,-0.083311,774906,2,detached,London,UB17 3UR,F,2025-05-14
7cd8cf1f-ed15-47dd-8c7f-c64c74721499,55.886612,-4.072436,432328,3,bungalow,Glasgow,G23 8XZ,E,2025-01-07
3a2218cf-854f-422d-bea1-f30fcb73d0be,51.480112,-1.027831,651444,2,semi-detached,Reading,RG25 9ZF,E,2025-08-23
86706aa5-9e7b-4165-986c-da473cd640ed,52.917211,-1.253887,359529,5,flat,Nottingham,NG14 5FU,D,2025-08-06
fb83c541-3fc8-46c3-92ef-640101ea8900,51.612983,-0.198149,1053913,5,maisonette,London,KT4 4LG,D,2025-06-21
8e9693b3-f9ed-4d85-acf3-172513711db3,55.954183,-3.243803,389321,2,flat,Edinburgh,EH7 7BG,D,2025-05-14
d1c5ae78-b1ea-4deb-95d9-3eb9e8de7300,51.452297,-0.320022,322866,1,flat,London,UB28 8OF,F,2024-09-11
582fb5a7-3889-453c-acb6-0b496da962ca,55.927949,-3.346881,588763,2,terraced,Edinburgh,EH32 6RA,E,2025-06-07
b549200a-6536-445d-badc-ed012af9b017,53.334709,-3.122937,578764,4,detached,Liverpool,L13 2AG,E,2025-01-04
2234e020-a875-4a8e-9610-9bbb15216c36,52.003158,-0.717685,459806,2,semi-detached,Milton Keynes,MK31 6LG,A,2025-04-08
32f3d752-7506-4d63-a3e9-f937d85cbff8,51.534156,-0.018091,972427,2,maisonette,London,BR26 4HZ,E,2025-03-25
8bb6408d-1505-44d2-af8c-3d3152064f02,51.418152,-0.086943,973519,2,terraced,London,HA32 7OA,C,2024-12-30
11c47a43-b8af-407d-b55c-2618b09c9450,55.610122,-4.347797,257223,1,detached,Glasgow,G25 9RW,C,2025-05-25
77f54085-a0d0-43f5-b397-bee171573d6f,56.028132,-3.293839,707464,2,detached,Edinburgh,EH29 3TO,G,2025-04-28
8b5be02b-5383-4393-80a7-d192191fd94e,51.744326,-0.380432,1027796,2,semi-detached,London,CR34 4WN,B,2024-10-22
98e1852c-b743-480c-844c-91a9c0fa8a20,53.502425,-2.837242,406564,4,terraced,Liverpool,L30 7TO,G,2025-07-30
ecfc2245-78a2-422d-bb20-3f34dd03e585,50.853515,-1.400973,395056,3,terraced,Southampton,SO18 0YO,C,2025-07-04
692f8385-7328-4d65-89d6-93dfd986eb44,54.910758,-1.609801,197581,1,terraced,Newcastle upon Tyne,NE35 6NC,C,2025-02-10
2089f742-6fb8-46c5-ab06-4cb0efb7c942,52.428636,-1.722605,294702,2,flat,Birmingham,B34 5BA,D,2025-05-09
f095931e-8e80-400b-9ccb-011d5010102a,54.572614,-6.215979,250856,2,bungalow,Belfast,BT18 5ZA,F,2025-01-06
d941b85f-de70-40f4-93e5-967169734aa3,54.616588,-5.953088,257124,1,bungalow,Belfast,BT7 0RR,E,2025-01-12
3d3d9064-c134-4710-938c-dbbc68c2b733,51.436221,-2.653478,622266,1,detached,Bristol,BS13 3BH,D,2025-08-27
6d115965-2740-46b0-a355-a9c10debae2b,54.531903,-5.937842,301661,3,flat,Belfast,BT9 8UH,A,2025-08-05
1b739d53-ef32-412e-a1da-1a40f4ae36c7,50.868022,0.008287,531155,1,terraced,Brighton,BN4 4ZT,D,2025-03-20
ab8f12a8-a2a3-402c-a46f-44299d8d7e32,52.0767,-0.813443,525029,2,semi-detached,Milton Keynes,MK20 7CW,E,2024-12-15
2648444a-3022-45af-adf2-b8588d26c6d7,54.918834,-1.400997,211792,1,flat,Newcastle upon Tyne,NE30 2UU,B,2025-02-16
5ea1568d-84dc-4c3e-8f8b-31f40371e019,51.698624,-1.214194,495959,2,flat,Oxford,OX17 3FC,C,2024-09-23
8f8511b3-95d0-43af-9d7f-9e9981a75f65,51.50068,-2.625543,1127514,4,detached,Bristol,BS27 8BY,G,2025-08-08
1a90134c-01e0-4106-a61b-a0c07cb1a916,50.812316,-0.23456,821933,3,bungalow,Brighton,BN22 3XY,D,2025-01-24
9647b0bd-6059-4d12-a4d3-a6a38e64426e,51.517338,-0.150528,703900,2,flat,London,UB7 6FF,D,2024-10-06
6750e915-65f8-4142-ba93-2a5d046d59b0,52.412836,-1.781825,297692,1,semi-detached,Birmingham,B13 1YM,B,2025-03-10
9e8197ec-cd82-4ac2-b225-9b50841b80c4,53.683725,-1.446033,191991,1,flat,Leeds,LS29 2FH,E,2025-07-26
21864faf-5fea-44a2-b8d5-ebd5f42c3a3c,55.879573,-2.9815,443088,3,flat,Edinburgh,EH4 6DS,F,2025-03-18
969e2f61-2423-4b8d-8380-6fc256af571b,51.550996,0.123526,344872,2,flat,London,SE24 6WD,C,2025-07-25
090813cc-276f-4b71-9074-878da80ae8bb,51.661124,-0.111445,1198511,6,semi-detached,London,DA5 0WA,D,2024-10-09
a23d6069-020c-4f4e-8582-b46853f3f427,54.615787,-5.863478,187657,2,flat,Belfast,BT2 9WB,D,2025-04-14
a098c40a-18fe-430e-ac03-fb8b58db2f7e,53.499725,-3.160117,167662,1,flat,Liverpool,L33 1SR,C,2024-12-24
c6ace6e3-10e2-4214-bc41-f1e696757745,54.93997,-1.695255,274269,2,flat,Newcastle upon Tyne,NE16 1NK,B,2024-09-08
c537c20f-7476-403f-a9fe-a7e85a092944,52.033167,-0.855538,254549,1,flat,Milton Keynes,MK3 0OE,D,2025-06-09
6358ebe9-dcfb-4861-aadc-7f536f641ffd,51.712831,-1.241906,685000,2,flat,Oxford,OX11 2LC,E,2025-06-04
9ec10462-b49b-45c8-a19a-2ec1492fc901,51.999771,-0.827302,806990,6,terraced,Milton Keynes,MK3 9GL,E,2025-03-06
baa45611-97a9-41df-916e-36e010622fb3,50.82581,-1.400212,540815,2,terraced,Southampton,SO17 7DM,D,2025-08-10
58f2aed1-bbfd-45c0-aa4a-c1fd2e214496,52.177637,0.172686,1276680,5,semi-detached,Cambridge,CB7 6WS,C,2025-04-23
85c67445-09d7-4405-8b60-0974666aa176,53.51052,-2.160293,492196,4,semi-detached,Manchester,M12 6GL,D,2025-05-19
c6051c91-f524-4389-a088-377ebb8d5935,51.326513,-0.023866,1323039,2,detached,London,W13 8DM,D,2024-11-20
f875cd6c-2946-4ca6-809d-cfaceebf985f,52.175627,0.226098,535262,3,flat,Cambridge,CB35 6SW,G,2025-08-27
f2770743-2472-42a8-9a3e-c14c63a2983f,55.945979,-3.302021,515331,3,semi-detached,Edinburgh,EH19 8YP,C,2024-09-30
aea20c26-3571-45fd-b92c-a8c5d11470b9,51.733036,-0.375169,451941,1,flat,London,CR14 7GL,C,2024-11-03
8190295b-29c1-4282-b5e1-550a098d775a,54.628143,-5.909116,401077,2,detached,Belfast,BT4 6MC,D,2025-05-20
76728c19-5ce2-483f-b362-8f0ffa718262,53.551379,-2.21584,226693,2,terraced,Manchester,M10 7LU,D,2024-11-26
03f0c26d-8240-46cf-b90f-dcebfbdec352,53.609692,-2.068961,276810,3,flat,Manchester,M11 1FM,E,2025-01-28
ebda1d70-6694-4cc4-80d1-f4f0a8aa6d3a,55.92445,-3.266431,946155,6,semi-detached,Edinburgh,EH21 1KD,D,2024-09-07
a1df7583-cd70-440f-8820-e5afb3e544eb,51.591995,-0.257977,419386,1,terraced,London,SW24 3UZ,E,2024-10-17
7325312f-9a36-4d53-af4f-582e5d9dc572,55.909387,-3.018858,326150,2,terraced,Edinburgh,EH25 1JF,E,2025-09-02
7decfbcd-fe70-4044-9924-c974403fd0cf,51.474556,-0.103772,767826,4,flat,London,KT23 8PF,E,2025-08-15
183cd514-d1ed-4bc6-a18c-92ddc086f78f,53.393428,-3.169693,193638,1,flat,Liverpool,L14 4ZU,C,2024-09-04
159edb7d-37fe-45c4-9af3-ad49edffa885,52.56789,-1.839836,384775,2,bungalow,Birmingham,B11 2SX,C,2025-03-28
40c3d52f-fd12-47cb-ae91-6476247db19e,55.867694,-3.089558,269894,2,semi-detached,Edinburgh,EH21 8HX,C,2025-09-02
d50c5003-361b-4945-9aa7-eb4bb23f2eb2,51.581446,0.207468,1036312,2,detached,London,CR13 6KF,D,2025-05-30
48471f43-4523-4037-843c-e2f67574cbc3,52.415916,-1.749191,342820,3,flat,Birmingham,B31 4NR,E,2025-07-19
c2dd7e02-4b67-4c78-b1cf-157512b7b91c,53.497303,-1.455593,265907,2,bungalow,Sheffield,S1 2XO,E,2025-07-28
62371b44-2928-477e-ade1-5f6c54568a8c,53.37439,-2.314239,171441,1,flat,Manchester,M3 3TK,E,2025-02-11
dea93b7b-6869-41bb-badf-2b9ba76bb4fc,53.733058,-1.915803,546330,6,flat,Leeds,LS25 6CY,F,2025-06-14
f2c8c7e3-1428-4d84-a47f-92c59b9058d7,54.584571,-5.831477,238114,3,flat,Belfast,BT9 9XE,G,2025-06-19
5f865481-86e0-4e7c-bd36-cee81fd6e1b8,55.967549,-3.101471,516788,3,flat,Edinburgh,EH8 3XW,E,2024-11-24
ad7e22df-9e25-4913-83e9-38ea8bd6cf5e,52.506009,-1.846075,587229,3,semi-detached,Birmingham,B27 5DK,C,2025-03-13
bce22e84-624c-4376-be03-85784aaf578c,52.718847,-1.987365,334155,4,flat,Birmingham,B8 9SZ,D,2025-08-01
68c63ed4-569b-49ca-b8de-4e0fc97f3a5a,51.474741,-0.966283,465576,1,flat,Reading,RG5 7UO,C,2025-09-02
160006e4-64f8-4750-aea8-dc284008fc4a,55.866137,-4.486617,298962,2,terraced,Glasgow,G15 2HS,C,2025-07-25
66f9b4c0-1aa4-4df6-bef5-22d8eb9900aa,50.899311,-0.030822,499293,2,flat,Brighton,BN34 5CO,C,2025-04-11
a7e1336c-b2cf-4132-b2a6-bd1b4534e716,51.681744,0.407066,575549,2,flat,London,SE4 2WX,C,2024-11-24
890666ee-9baa-44cc-b1cb-9a4ef22060dd,51.238943,-0.154612,611549,3,flat,London,CR33 2SU,A,2025-06-23
f063de83-bcff-48d6-bb6e-a5ae608c46c2,52.532951,-1.796203,194070,1,flat,Birmingham,B30 8YP,G,2024-12-21
03af6a9e-e2ab-4cf6-bf13-44f6c135cfb8,54.621136,-6.168053,494152,4,detached,Belfast,BT12 8FD,C,2024-12-15
68cefa96-3e79-42ad-a528-c9d7cebeed09,51.203625,-0.557186,473104,2,flat,London,IG10 5UO,C,2025-07-18
0f9a8c6e-6071-4672-9de3-05ac4e177771,51.522036,-0.421042,536399,2,flat,London,NW13 0GA,D,2025-02-16
a9afdf7e-2d67-4a89-9635-1f97f1cb4e4d,53.566964,-2.485264,345472,2,semi-detached,Manchester,M34 7ES,D,2024-12-03
e6395a8e-c8e7-42a6-b787-4a464496b76b,51.869928,0.112221,896297,3,flat,London,IG32 7FC,E,2024-10-05
80f92c84-6ea3-4850-8d55-e510c887c8e4,50.991432,-1.353578,520264,3,maisonette,Southampton,SO11 3CW,A,2025-02-22
12eac709-2d6a-4c60-ab94-73dc820e1556,52.776503,-1.814648,275028,2,flat,Birmingham,B6 1EB,F,2024-09-13
ba12341f-d3f0-43b0-b9a1-f8da94f8ec84,52.416335,-2.070534,420201,2,detached,Birmingham,B17 3JE,C,2024-11-30
31d64718-cb35-4b34-969c-7473c489eb2f,51.260452,-0.330756,928549,2,bungalow,London,E18 0BH,D,2025-03-31
9822a9f1-c28b-4207-b8ca-0031ee0bf5c6,53.856183,-1.683459,213126,1,terraced,Leeds,LS4 2YP,E,2025-02-12
d3e72ca8-1c33-471f-88a8-b713381e0707,53.446872,-2.255832,526850,3,semi-detached,Manchester,M35 9PT,D,2025-07-15
1a580d82-95ef-4958-a58a-2cae4327c397,51.554585,-0.859225,554359,4,flat,Reading,RG20 2AD,C,2025-05-17
81a86014-f69a-45bf-8759-eb99a5e5c9b6,52.346263,-2.075119,299398,2,flat,Birmingham,B29 2GO,E,2024-09-29
fa445d9a-5fde-438e-bb27-69e2ec34e262,51.47229,-0.971035,1155160,4,terraced,Reading,RG26 7OC,D,2025-08-13
de4f9c5f-de91-4324-b9f7-af7f40607464,53.820292,-1.678885,247975,2,flat,Leeds,LS10 8AM,D,2025-02-23
78dcf606-a755-4377-be16-bb1559982d64,51.847937,-0.07182,541434,2,flat,London,E30 2AY,F,2025-05-09
ab093d39-2610-47ef-be40-9eb7ac984790,51.496032,-2.50977,317965,1,flat,Bristol,BS18 1KS,D,2025-03-03
cc2af48b-1dcc-48a2-afd2-95a6cef0ad1d,53.514602,-2.19045,702833,4,detached,Manchester,M12 4EP,E,2024-10-03
7abdb46a-4236-4cab-9f4e-f1b1c05ffb34,55.753762,-3.994588,437943,5,maisonette,Glasgow,G34 6HJ,G,2024-11-20
61877072-f9a6-4042-941b-7e61720c3025,52.963016,-1.239003,381881,2,semi-detached,Nottingham,NG13 1ST,D,2024-11-15
55d2cdb7-9b7a-4970-81da-3fcd277834ad,53.399442,-2.820614,222424,1,terraced,Liverpool,L22 0YL,D,2025-06-21
c0cfd404-7ced-43f4-94f3-de59e028a670,55.843096,-4.209628,272348,2,flat,Glasgow,G5 4CY,F,2024-10-18
00f05830-46b2-4820-b6ae-9aa24f3fc78b,51.60937,-3.245701,474052,3,bungalow,Cardiff,CF32 0MU,C,2025-02-25
c64e2664-b30a-4960-9165-8512ef4719a1,54.0178,-1.121563,555090,2,bungalow,York,YO32 8PG,F,2025-06-23
bf91a1b5-101b-458b-9a6a-f409c197d96a,51.361099,-0.489899,536624,1,flat,London,HA34 0BT,C,2025-01-17
88edb8b3-1554-4f60-8655-aee775041e2c,51.622334,-0.075643,1120321,2,detached,London,NW16 6NU,F,2025-03-03
85461a4d-9c4e-4652-98b8-0e1c1ecb58fc,51.617565,-0.157966,832249,3,maisonette,London,EN28 2RD,F,2024-10-17
33d93a1f-56f1-41c2-a396-eda09cd6cc18,53.531831,-2.238827,370285,3,terraced,Manchester,M2 9KP,D,2025-01-28
9bda7114-1e14-4104-9a49-9861420f4205,55.038286,-1.623739,247471,2,flat,Newcastle upon Tyne,NE9 8MC,C,2025-03-20
6b1e9a27-6ca2-4012-a56c-ba83d021a455,53.827412,-1.645204,289802,4,flat,Leeds,LS5 9BB,C,2025-05-02
52194a89-0972-4eda-9f2b-e0c11ba4c8b6,51.534742,-0.313605,709402,2,terraced,London,EC5 0GE,C,2025-04-24
4774f10d-c982-4180-9e60-5be4937475a4,53.385985,-2.219282,444101,4,flat,Manchester,M22 9WO,D,2024-09-19
7740d273-45a2-4130-bb60-a52b2c64e042,55.817489,-4.330956,253304,1,semi-detached,Glasgow,G18 1EL,D,2025-01-11
523c8c4d-5c13-49db-b9eb-10a5f256c4e0,53.412036,-2.900676,290542,2,semi-detached,Liverpool,L10 6KF,C,2024-11-25
0139c867-7e6d-49f1-bff2-dc8e163ad2bb,53.92487,-1.118588,485016,5,flat,York,YO29 1AC,D,2025-01-07
c826a31c-ba0e-4815-a064-3a2fc7c631a6,55.930405,-3.174161,450625,2,detached,Edinburgh,EH30 6BF,D,2025-08-23
e0aa9e51-f333-441e-bb3e-e4d565b91964,53.478288,-2.408079,485165,2,detached,Manchester,M30 0ZZ,E,2025-04-24
6b4f6baa-8729-4410-8c89-e9abd22fe139,52.695012,-1.865668,211431,1,flat,Birmingham,B8 4FZ,D,2025-05-17
6a45a2c5-755c-4e24-9a1d-5a33fb893bcd,53.358926,-1.380103,238539,2,flat,Sheffield,S10 5YY,D,2025-01-27
55e3ab7d-9a8a-48b3-adff-5f0709c673cc,53.604165,-2.195907,341916,4,flat,Manchester,M35 6OC,B,2025-03-07
cd452e5f-b01c-4680-9c62-976d6256deb6,53.323784,-2.931929,202547,2,flat,Liverpool,L20 8YU,B,2024-11-05
f577210a-ed5c-48f4-add5-d27041692554,53.400809,-2.096525,197219,1,flat,Manchester,M32 5PL,B,2024-12-25
4ca1a8bb-a43f-4f73-ab02-efe698904806,52.470682,-1.391954,458035,2,bungalow,Birmingham,B16 8MZ,G,2025-06-04
1a9444c8-3af9-455b-9029-7b87c2711fe4,51.332876,-0.471347,600983,2,flat,London,EN27 9WZ,E,2024-12-18
06b4d33c-0028-4619-a9cd-9c5d55e83a16,52.550507,-1.924226,454305,1,detached,Birmingham,B6 0RL,D,2024-11-07
3500921d-bb22-42f6-8afb-17e8811e361e,53.442541,-2.930322,277083,4,flat,Liverpool,L22 5SH,B,2025-02-07
46c41172-b598-487f-a270-1464270aa623,50.85049,0.027756,786183,3,flat,Brighton,BN6 9FP,E,2025-08-09
a8a62923-ca4c-429c-8d10-6d8b18d4b9f6,50.969773,-1.317333,324799,3,flat,Southampton,SO7 1AH,D,2025-05-13
e3ffd02c-8d08-4eb6-ba3d-38f25f187ee7,51.14882,-0.384117,506722,1,semi-detached,London,E4 0AC,C,2025-07-04
176e2f7a-c59c-41cd-b6f3-3b5214a6119d,51.513473,0.144433,830992,1,detached,London,W7 5YX,D,2025-06-19
2ca243b9-a382-4f54-81f6-fb9943632fc2,54.977838,-1.61312,348477,2,semi-detached,Newcastle upon Tyne,NE25 5OD,E,2024-11-28
b23701ed-4cb3-42a4-bf55-0761051751aa,51.634713,-0.142504,629961,1,semi-detached,London,SM29 0YS,F,2025-04-04
552474d2-b18b-4bed-9ea9-0662c9672590,51.762052,-1.072407,1105601,4,terraced,Oxford,OX3 7LB,E,2025-05-27
63e1d6ea-1a07-47f5-9416-df627e28c423,51.392585,-0.290578,1172884,3,detached,London,BR32 8SN,F,2025-02-26
03244dc0-dc84-4d5c-a284-d1945617fe9b,51.565041,-2.465534,389534,3,flat,Bristol,BS29 9UC,F,2025-02-01
dff6c093-dcfa-45e0-92c4-9ad4a4fd1985,52.957705,-1.251575,156997,1,flat,Nottingham,NG1 8KT,E,2025-04-05
08598ba2-cff1-4111-b58c-b2ad24ccd9c3,51.285843,0.378234,1144548,2,detached,London,UB2 2FC,C,2025-08-17
26421892-284f-4f50-b5bb-2c3e10f7c424,53.39186,-3.102678,422815,4,flat,Liverpool,L20 8NL,A,2025-05-19
81acf8c2-5e53-48eb-9f32-198aabb9b6b2,51.159741,-0.474808,659340,3,flat,London,BR28 7RS,E,2025-03-28
79c64e12-c792-490f-95a1-9ee789490d1f,54.026916,-0.982742,588679,1,detached,York,YO26 2LU,G,2025-07-03
eed65ea7-0264-48ef-b138-4b5493b82020,51.642681,-0.271334,1123437,3,terraced,London,E28 2HT,C,2025-07-05
285cf52f-b73d-47e9-a2bb-590c06a8ef45,53.447476,-3.198492,210183,2,terraced,Liverpool,L10 9EH,C,2025-03-01
2c1553b9-6de8-4f6a-b90d-11ff58a83de5,53.359525,-3.26131,185233,2,flat,Liverpool,L13 6EW,D,2024-10-09
4272bc21-daab-4ed4-8af8-08370f1ce5db,53.801307,-1.542737,278064,2,semi-detached,Leeds,LS28 4GJ,C,2024-11-06
322a3ac2-ddbf-473c-ad47-d36f13bc4da9,53.036428,-1.066578,468924,3,flat,Nottingham,NG35 3JM,C,2024-10-04
b9ec7583-e38a-4770-94fa-61b7e32e9196,55.924869,-4.389302,307766,3,flat,Glasgow,G12 5ZA,C,2025-08-20
47db2827-c302-46c8-b2cb-bfc4b8623ca3,51.735419,-0.710347,2168087,5,detached,London,E11 5CA,A,2025-01-08
91d8ee42-ca31-468a-824f-9c33d2be5633,52.407444,-2.055477,322536,2,flat,Birmingham,B30 7XB,A,2024-12-25
2d7a431e-eb45-43c3-8311-3ff72eb45428,51.264291,-0.451449,1048891,2,flat,London,TW11 0TL,C,2025-02-01
929737af-d9d2-438b-9056-894c3067b048,53.703992,-1.654274,517618,4,semi-detached,Leeds,LS8 5UB,C,2025-06-30
02a0a0bb-cf1b-4d1d-9034-370a3d72e624,51.482248,-2.638451,1079022,4,terraced,Bristol,BS9 9YZ,D,2025-03-27
60d28cf8-46cd-4b52-88fb-6a69064362bc,51.44765,-3.026737,282163,2,flat,Cardiff,CF4 0PC,E,2025-05-07
81cbef6f-a947-4c33-8b76-5d218113623a,51.355148,0.044891,457170,1,semi-detached,London,EN6 5LT,G,2025-01-30
a07b5409-5a72-41bc-a904-be5ca094fbc5,53.723302,-1.749291,239634,2,flat,Leeds,LS8 8SW,F,2024-10-18
3ff09d89-334c-4ed1-840d-b0adca69ee67,51.595074,-0.24354,733599,3,flat,London,SE18 3CG,E,2024-09-09
ea98f3a7-0159-4dfc-b2c5-3fa09074fc71,51.84801,-0.176664,585517,2,flat,London,TW17 9LC,E,2024-10-09
f50106cd-104c-4f13-89aa-84a655485ec7,50.952018,-1.406224,323510,2,flat,Southampton,SO13 3CN,D,2024-09-09
0d12602b-c16b-417e-ab01-ac4467b414d6,56.013922,-3.207672,394919,2,terraced,Edinburgh,EH4 6PD,B,2025-08-24
28e0582c-dbf0-4803-ba91-d7e55ac0de3a,51.703214,0.130517,689012,2,terraced,London,UB13 9GC,D,2025-04-24
7b4f6d18-5f86-4508-ae73-86cd5be2ae21,55.960377,-4.140481,198912,1,terraced,Glasgow,G16 2BC,E,2025-08-22
a458e3c7-dfcf-40f3-b44c-b064ee08d15f,51.594148,0.326157,491525,2,semi-detached,London,NW8 2PP,D,2025-04-19
ae47cea3-dfb6-4c67-97db-6ba247c4f2b3,51.438981,-0.464996,499853,1,semi-detached,London,BR21 7CF,D,2025-01-20
d7f13dcb-2b3e-47a5-a7a0-cb3e4c282a9c,52.043621,-0.762979,481992,2,detached,Milton Keynes,MK32 5ZE,F,2025-05-02
27cd13d7-85db-41b3-beb5-eb330c1e9cd2,53.015949,-1.198907,518624,6,flat,Nottingham,NG23 2OA,B,2024-12-18
0dec2325-b02f-4636-8ac6-0f72d1e4d828,51.607958,-0.417312,678047,2,semi-detached,London,E6 8EG,C,2025-08-07
5944d73f-1b56-4e0d-a5f4-1c33c7ac57ef,52.447229,-2.233822,556424,3,semi-detached,Birmingham,B15 3DC,D,2025-03-21
e8855e77-0280-49ed-9efa-b26766374008,51.338285,-0.822523,1016393,6,flat,London,EC16 6KU,C,2025-04-26
70260eed-6d08-48dc-a0ed-942c01ffdbc2,53.34834,-2.90157,240638,3,flat,Liverpool,L33 0PA,B,2025-03-14
64ff2010-1e67-478e-90ce-0fedf629dff2,51.595193,-0.03883,457284,1,terraced,London,E5 7UZ,B,2025-01-22
efe2b20f-977d-46ac-959d-ae07780c737f,51.640649,-0.538719,617660,2,terraced,London,N15 4MZ,G,2025-03-12
c4207b7b-a917-4a3a-8d23-cdefb6785f29,51.446534,0.051397,390345,1,flat,London,SM6 6NK,C,2024-09-12
66fe5695-fa29-45c2-9e3d-613ed295aef2,51.446799,-2.697927,402895,3,flat,Bristol,BS29 0WY,E,2025-01-26
4daf6ee6-5e83-46c5-afb0-f2eea4a82ba1,50.898381,-0.179275,474398,2,flat,Brighton,BN17 6BB,F,2025-03-27
80bcf2b1-abc1-4e9c-a714-9583f68d24e7,53.320982,-2.363082,242865,1,flat,Manchester,M9 7ZS,C,2025-05-16
e41776c0-5663-4ea5-ada7-9f8e71fb3720,53.863585,-1.66035,349270,2,maisonette,Leeds,LS31 6LK,C,2025-01-29
38e24137-29c2-4358-b252-fd6437d475c9,51.521866,-0.245578,1110306,4,terraced,London,NW5 6BS,C,2025-06-11
81a90671-bc4e-4465-ac22-2f3a2c04cd84,51.329164,-0.084717,1821117,3,detached,London,TW26 9KK,G,2025-06-04
ae20bdc9-4ba6-418a-b658-8fa9f5b005b8,51.329832,-0.421568,709932,2,flat,London,NW18 3TE,D,2025-07-05
ca018c2d-561c-4a6b-b6cf-0947af6e80b3,52.354764,-2.004298,267262,1,flat,Birmingham,B6 9GT,F,2024-12-15
27ec57db-cde6-4302-9a59-fd16698f6711,51.833285,-0.299194,947039,3,terraced,London,TW3 6SD,D,2024-12-19
086ad62a-9f42-4a65-92b0-1b2e539e3c07,51.539749,-1.004606,871918,3,semi-detached,Reading,RG20 3SD,G,2025-02-05
df7cd881-361c-44bd-8fec-160d943bcabc,53.406854,-2.07869,258979,2,semi-detached,Manchester,M35 4LL,D,2024-10-02
320666d4-7dd3-4487-9b56-79489c38ad5f,55.920883,-3.331571,292977,1,flat,Edinburgh,EH4 8US,E,2024-10-03
7ce92bbf-38d2-45c7-9810-bcdf187192b9,54.998822,-1.799868,415244,4,flat,Newcastle upon Tyne,NE2 1EC,C,2025-07-04
3d9714fc-51ec-45fe-a51f-b9089c140787,51.710668,0.174946,895351,3,terraced,London,EN28 4KA,C,2025-06-01
ef5cfb8d-6a76-4872-a319-f10c74934d2a,51.432131,-0.340986,2194743,6,detached,London,CR21 5LA,C,2025-08-26
97fdb570-d2bc-4f4d-afb1-9021c6327375,51.451065,0.172583,400628,1,maisonette,London,SW35 8ZZ,D,2025-02-10
02f6e444-cda9-40c7-b1d1-0f3bac2ecf17,50.953293,-1.584686,296562,1,semi-detached,Southampton,SO7 4DO,F,2025-08-24
847daea8-90cc-4b9b-9c50-0fb4d5fd3707,51.54402,0.082594,1143501,2,detached,London,N20 1KR,G,2024-12-27
b6640a31-d1ec-4ec3-a111-2b89f8c30c98,54.520843,-5.765636,261306,2,flat,Belfast,BT5 6TS,D,2025-05-08
a64ba0b1-a528-4bc2-9f97-2746c2502797,53.304095,-2.423469,325809,2,bungalow,Manchester,M9 7NR,F,2025-05-02
19a8d683-3428-4b6c-adf5-0fa243bd2ca9,53.40411,-2.092849,251989,2,flat,Manchester,M5 1DN,F,2025-06-24
c64705f0-7b9c-4dfc-bc88-f8abde5e6f6c,53.765828,-1.604939,246588,2,terraced,Leeds,LS12 5CA,C,2024-10-01
e846bd6b-613a-442c-8d68-30b3bdd40ebb,51.450426,0.072384,350832,1,flat,London,SM20 7JZ,E,2024-11-15
52f8d577-6ec2-43e2-8ae8-6c0686bab32a,51.326642,-0.277988,695053,2,semi-detached,London,SW17 7AS,G,2025-01-09
f9883107-6410-4469-9527-a3a2fe97a44f,53.724879,-2.143814,292665,2,flat,Manchester,M7 5YK,D,2025-09-02
7f1e0e0b-c5c6-4297-9ba8-6248686d22b2,51.665099,0.481851,1993470,3,detached,London,SM2 8OZ,C,2025-03-07
c165ad57-ac29-4d87-a710-ae8a1b6f63d5,52.13877,0.096706,570562,2,flat,Cambridge,CB33 0ET,D,2024-12-12
353a6686-2052-4af5-bebc-1242012bfa64,51.699591,-1.222962,854988,2,semi-detached,Oxford,OX30 9BJ,D,2024-10-13
e84c7b5e-fcc8-41d0-a450-df59d6331f6a,52.877045,-1.164683,450035,2,detached,Nottingham,NG1 2WR,D,2024-11-24
10e4e0a4-918f-4a87-bb56-5c2dfc9a8e63,51.108099,-0.751465,523847,2,flat,London,UB7 6WA,C,2025-06-05
91fed8d3-6dce-493c-bb8d-45edff39b24d,51.636714,-0.153607,1046142,3,semi-detached,London,DA26 3ED,C,2024-09-19
9942e09e-9ef4-4be5-94a4-613d61c55861,53.894529,-1.494512,280762,3,flat,Leeds,LS17 4FF,E,2025-05-23
08c1360a-8d08-47a8-908b-9fd69889c578,52.352235,-2.091578,315668,2,terraced,Birmingham,B15 3HL,G,2025-04-29
218dd820-976b-45ce-bbef-2d265d55e832,53.41491,-1.454348,391256,3,semi-detached,Sheffield,S30 8DE,E,2024-11-30
b14076a0-5e1e-4a82-9475-c0fdb75602c5,53.405005,-3.09508,697198,4,detached,Liverpool,L29 2BC,D,2025-01-17
d918557b-8ce0-438e-8a76-f2367b7b7565,50.945013,-0.011423,555754,3,terraced,Brighton,BN20 4ZW,E,2024-09-04
99293655-8e17-469f-8d2c-053565f97058,51.654398,-1.324706,1139491,3,semi-detached,Oxford,OX9 3YY,E,2025-05-11
ba8c450c-90d3-4cab-84ad-ae6df25afb1e,51.298563,0.06229,558421,1,detached,London,UB7 9TR,E,2025-05-09
eb658e89-99a7-44da-a72c-3b9569552317,53.414899,-2.349403,392496,2,semi-detached,Manchester,M15 0DS,E,2025-03-14
76f5186c-f728-4853-8d4b-547503504c22,55.883311,-4.380171,294985,4,flat,Glasgow,G30 7PD,E,2025-02-06
be93b04b-96ff-4188-aedd-2d0a542025df,52.476076,-1.927522,260991,1,flat,Birmingham,B6 0AB,D,2025-06-14
a2d2e7f2-f7c9-4638-8066-d7ba17f620a9,55.956059,-4.277634,278641,2,semi-detached,Glasgow,G33 1WG,C,2025-02-25
c024105e-a5f5-4ea6-9bb3-258e8ce34226,53.076172,-1.20958,690618,6,flat,Nottingham,NG13 7NC,F,2024-12-24
9bb1e61e-1102-4620-83ad-c235b60fdecd,51.414688,-0.449268,894080,3,flat,London,UB8 5OR,B,2025-06-07
4278639f-e485-48b8-94e9-1dfd5edeb558,51.580337,0.026837,1011582,3,semi-detached,London,EC33 5CU,C,2025-05-16
dd4ca1cb-5445-49be-a6bc-de5034ddf65a,51.574132,-2.268163,524170,3,flat,Bristol,BS17 6RP,C,2025-05-28
1a03e46b-f801-458e-b333-ce7534f5e7bd,55.7272,-4.134216,208052,2,flat,Glasgow,G1 9ZU,F,2025-06-08
e8214c02-d52a-4ede-a8cf-9d94662dc218,52.443958,-2.112203,438895,3,flat,Birmingham,B6 9MN,D,2024-11-20
d1351f0b-d27c-4b47-ab13-c4e656325916,52.536608,-2.144675,413996,2,flat,Birmingham,B22 1RM,E,2025-08-16
e235b43a-1dea-453c-a9c7-f78d342c2a05,53.404869,-2.842519,147281,1,maisonette,Liverpool,L24 5SL,C,2024-12-01
8634ffff-d78a-4110-9a6b-fb404a734020,52.551144,-2.223135,264340,2,flat,Birmingham,B19 4ZR,C,2024-10-10
59ea3588-3c03-45e8-9361-e7c00a3d3bb6,51.304982,-0.563545,669948,2,terraced,London,EN22 8SY,C,2025-04-10
9fece993-7bb3-4a17-b6e7-d22ea2cc9c4c,51.51285,-0.048795,508386,1,flat,London,BR18 6BN,G,2024-11-18
c3d000ee-0cb0-4ae1-a239-d148f858f377,54.56026,-5.984351,228800,2,flat,Belfast,BT17 9HX,C,2024-10-15
a84814fb-66d3-4a27-a683-30bd93dcb548,51.508758,0.061759,536161,1,terraced,London,E2 2TC,A,2025-02-05
b901866c-1fc2-401c-b7b3-46e20da6fa13,53.366247,-2.222696,324337,2,semi-detached,Manchester,M32 7OM,A,2025-07-21
4251ebad-f42d-4aea-a0d6-124e33a7e7ad,52.240479,0.116087,591576,2,flat,Cambridge,CB26 0TH,D,2025-03-21
a1937dc2-f68d-488b-a3fa-f32bde1f660a,52.527844,-1.890447,466464,2,semi-detached,Birmingham,B13 2PS,D,2025-03-02
6509c400-2c48-4e99-94ca-637d712820ef,53.567392,-3.118933,326375,3,semi-detached,Liverpool,L1 2BX,E,2025-09-02
f7c17c20-9c54-45af-ae1b-737f1d17d890,51.501205,0.514961,904473,2,bungalow,London,BR35 7WR,D,2025-01-25
c0edd155-e031-40f1-95c1-df517b664fe3,55.875186,-4.232768,358113,1,detached,Glasgow,G18 4DP,B,2025-06-21
3d8cc89f-0c3f-4138-b530-d2b0e63e60fc,54.054625,-0.955018,611036,2,detached,York,YO22 8GT,E,2025-07-22
55ff9639-94c0-4be3-9d55-6a91b94a522c,53.802344,-1.386313,196443,1,flat,Leeds,LS26 2PH,F,2025-03-29
0c5c5f34-4c8e-4a62-adac-2d7a15a045e0,53.458406,-2.191546,612903,3,detached,Manchester,M7 0DZ,F,2025-02-28
e0ef7372-d8d7-4bde-b0e5-ee7f532f7ca0,54.537518,-5.876472,232302,2,flat,Belfast,BT26 8KY,D,2025-06-15
e5f43a93-3941-418b-a4f8-0fcfdd3e798a,53.489057,-2.020121,209950,2,flat,Manchester,M10 9FR,D,2025-06-28
e541846b-7aa1-4a6d-8d0e-16c9f60b3e43,50.803116,-0.1574,979227,3,detached,Brighton,BN12 3SD,G,2025-07-26
d26746a6-bbb4-4491-b808-e64acefbdd34,52.167519,-0.028582,488974,1,terraced,Cambridge,CB34 6ZG,D,2025-03-13
d0f7fbe8-5493-4341-8b62-85ae391d447e,54.025637,-1.010853,461738,2,semi-detached,York,YO21 8MS,C,2024-11-06
711d8db4-f211-466f-9705-f65a3ec59210,51.561873,-0.115056,691101,2,terraced,London,SE18 4XE,F,2025-02-05
9514bbfd-68f7-4001-8994-421aeaebb840,53.772296,-1.700032,321037,3,semi-detached,Leeds,LS6 2OS,C,2025-06-08
25699645-bcba-445f-b8e3-be7e6f414852,52.224371,0.133705,349825,1,flat,Cambridge,CB1 5JH,D,2025-04-03
fbbad137-386b-40c1-8d56-81b91559eec0,51.587249,-0.582804,622837,2,bungalow,London,CR14 1CS,E,2025-05-18
a6de2008-5b56-41cf-a3f9-78defe284122,51.635269,0.205134,859306,4,terraced,London,SM1 9UR,C,2024-10-04
7fdf5478-8610-487a-9702-8b1c60cebf58,51.076059,0.397895,1269633,2,detached,London,SW18 3OT,E,2024-10-22
c532c554-cfd6-4ee6-a57c-aab62e89a114,52.836829,-1.150752,382516,2,detached,Nottingham,NG22 8KB,C,2025-02-21
9948b5c7-90c1-4256-ac3d-ff5805b90d08,51.657521,-0.295848,361890,1,flat,London,IG17 4MD,E,2025-04-03
ecd552c9-b0be-4b6e-b856-92dfb764013e,52.626702,-2.020192,271137,2,semi-detached,Birmingham,B34 4FL,D,2025-05-03
b938226f-033d-4833-9fd4-d39731ed5cda,52.038067,-0.679582,363538,2,maisonette,Milton Keynes,MK11 2LH,D,2024-10-04
996d290d-a063-4da3-8c82-ef3b5e5df388,51.345142,0.051212,1278226,3,detached,London,DA32 7LE,C,2025-08-10
71a2c3da-0aa3-461d-a72f-fe42f05cde71,52.42925,-1.698156,358319,2,flat,Birmingham,B33 6WK,E,2025-05-13
66b42960-a9fc-4e96-8ad2-737a23464ca6,51.389449,-0.403273,820357,2,flat,London,IG10 8GC,D,2025-07-09
48410dcb-7e84-42d7-9e87-af5586a7acc6,51.320177,-3.09054,284790,1,detached,Cardiff,CF25 8FK,E,2025-03-04
721df9a4-9a5f-451c-9a89-aaee9520e8d3,50.898776,-1.374602,392735,2,terraced,Southampton,SO12 6RY,E,2025-01-11
700b0a00-fe81-4d68-8c76-8f54d0e1ce02,51.550431,0.151391,616385,1,bungalow,London,IG21 6LD,D,2024-11-02
323a64d3-5526-4712-b8f0-d057eb1de3c5,52.393292,-1.717931,287782,1,semi-detached,Birmingham,B14 3KJ,B,2024-11-06
3567f216-9e1e-45a3-bfaf-00c301371716,53.383924,-3.022161,353191,4,flat,Liverpool,L4 8HC,E,2024-09-15
3275f946-a025-40b6-9292-77b17ea5b5ea,51.787363,-0.316705,558659,2,flat,London,HA2 5JC,E,2025-07-02
775a6a09-120b-461a-9680-9a596cceb882,52.158854,0.180331,447101,2,flat,Cambridge,CB34 5SU,E,2025-08-18
8b483a6b-0473-41d4-b459-da83fe7d55e5,51.631037,-0.394864,687092,1,bungalow,London,IG12 4NB,F,2025-04-23
5526f2b3-34ad-4368-8216-5bb6ff7286e2,55.851717,-4.30981,351723,2,flat,Glasgow,G23 7WA,G,2025-02-16
2921ad2d-f8dd-46fa-a047-b3b9c9164d96,50.778294,-0.266485,478865,2,flat,Brighton,BN35 6KS,E,2025-05-04
4e629630-7edc-490f-877f-a270d4694189,51.155923,-0.392511,629535,2,terraced,London,EN9 6JZ,G,2025-07-08
8be86d34-fc54-4fe8-a60b-3469fe363359,51.366788,0.227135,792789,2,flat,London,UB2 7KN,E,2025-02-03
41ab6696-40ba-477e-b837-cd63e1af79e2,54.890744,-1.709323,441992,3,detached,Newcastle upon Tyne,NE14 9EY,F,2025-04-10
d4688859-fb87-416b-9de2-6d0619cefc3b,55.914935,-3.217815,598383,3,semi-detached,Edinburgh,EH14 7AK,D,2024-09-29
c306d399-a07c-4872-b9f7-74721ffb3792,51.480031,-0.146253,1000827,5,flat,London,WC26 1KB,D,2025-02-28
608a292d-3307-4589-afac-c933b7f7e978,55.815603,-3.990576,398537,3,semi-detached,Glasgow,G10 9FF,F,2024-11-09
efe1820e-e7c8-4a0c-ba93-b16fbede960a,53.375483,-2.492968,421489,2,bungalow,Manchester,M18 9KC,F,2025-01-02
1240660c-8db7-4959-9335-9e79b66b87de,53.439417,-3.037097,220035,1,flat,Liverpool,L6 0KX,C,2025-05-03
75ce55cc-3df8-4e8d-b770-629913884fbf,53.752313,-2.338144,373578,3,flat,Manchester,M11 6TK,D,2025-01-06
b6894bd2-25d4-4a34-92eb-b9f1f6b7e2b1,54.958039,-1.485739,442412,4,bungalow,Newcastle upon Tyne,NE9 0KF,E,2025-08-04
e7e084e3-64d8-48d3-b344-567791902d77,51.44715,-0.11004,640129,2,semi-detached,London,WC4 6MD,C,2025-03-23
3a969018-77f5-4235-ba4c-b568f1058cca,52.126134,0.11369,1155025,2,detached,Cambridge,CB25 3FF,F,2025-05-07
3d858a23-5eec-4e03-bfb0-ff9fe389dfae,51.6566,-0.583908,1051828,3,detached,London,EN35 2GL,F,2025-01-06
9ffb7a4d-f636-4216-be47-5852807cb41d,50.938964,-1.31347,800053,3,detached,Southampton,SO17 1ND,D,2024-09-02
c76481b2-59d9-42b7-9ad7-38c70c1cef8f,54.688351,-6.023339,524892,3,detached,Belfast,BT19 3GH,B,2024-09-26
977e9e57-0e9e-42aa-ac81-6833c75d1713,53.296246,-3.14242,249353,2,maisonette,Liverpool,L10 5TY,B,2024-10-24
a9fa014f-1073-4af4-af69-362b36e9a0de,53.418303,-2.832966,312818,1,detached,Liverpool,L18 6LC,D,2025-07-06
dd3680cd-c631-4902-ac50-59d2d95b2db3,51.698036,-1.186003,880054,2,bungalow,Oxford,OX27 0DA,E,2025-05-02
81d721cb-6491-46aa-b135-f114859ac2e9,54.60543,-5.917716,214516,2,flat,Belfast,BT12 2TR,G,2025-02-24
3bfec833-f4e4-46ae-977a-691756052161,51.705307,-0.278395,882863,3,terraced,London,BR20 2DX,D,2025-05-06
890e7a1e-49b3-4c30-ba4b-0f34ff3ee87f,55.891754,-3.342411,353657,2,flat,Edinburgh,EH34 7KK,C,2025-06-21
176e43f5-d211-4566-ab84-d8b03980e6af,51.453944,-3.451345,628697,2,detached,Cardiff,CF1 7MM,G,2025-06-08
08dbec13-9f9e-4d3c-86d6-72d141935715,53.35458,-1.587737,544708,4,bungalow,Sheffield,S31 5MA,E,2024-12-06
d7295c17-646f-4440-94b6-a01dfd8d0af6,51.815007,0.292547,999929,2,detached,London,KT15 2RD,D,2025-04-05
4c08d058-2714-48f0-963f-71a8995e3a70,54.956328,-1.390484,328750,1,detached,Newcastle upon Tyne,NE13 8HE,E,2024-10-25
eb1c9254-e3bd-4b9c-b662-4e3a46af2c24,51.320825,-0.229027,426675,1,flat,London,UB4 2HH,C,2025-08-21
d7e7c7b4-6c2d-4edd-be0e-641d1c17a1ad,55.867,-4.540643,311506,2,semi-detached,Glasgow,G3 9UJ,E,2025-05-22
1cfb2943-d6cf-43ae-a267-ada66b3b40ed,53.389684,-1.570549,260802,2,maisonette,Sheffield,S16 7BF,F,2024-09-14
48e96f81-ab0b-4a7a-900b-233397e26f64,53.336512,-2.456787,222645,1,maisonette,Manchester,M17 9EE,E,2025-02-02
9e59e761-1c67-447f-8137-5772fea9886c,51.466263,0.336118,713946,2,semi-detached,London,SM18 5YP,C,2024-12-27
5cd5aa0f-8c58-494a-bb0c-f10d6f908e65,50.885174,-0.016475,432173,1,flat,London,IG31 4YK,E,2025-05-09
582c9448-85ee-48ac-a68a-7995070d0ace,51.632437,-3.025563,580143,3,detached,Cardiff,CF30 1ST,E,2025-05-19
b45f9c67-0c9d-414a-9a7e-1d992e509b33,51.567296,-0.635782,728257,1,detached,London,SM23 9JC,D,2025-03-12
a38b4d1a-c499-4a1b-9066-4789f77e5e7b,55.870401,-3.090574,421739,2,semi-detached,Edinburgh,EH16 9OY,F,2025-08-14
645e7f42-bff9-4a8b-b4c6-ebc1480e8414,52.937985,-1.168148,461075,3,semi-detached,Nottingham,NG24 6HW,C,2024-11-23
fb190aad-077e-46f1-979b-4ed41b868b64,53.754853,-1.330706,340224,2,flat,Leeds,LS14 4KO,D,2025-01-16
07ce243d-473b-4dc8-b7ed-1135cb41f102,51.175537,-0.282793,739394,1,detached,London,W20 4NO,B,2025-01-03
4399b6b4-208a-4fb2-8af8-5046e8251377,52.010454,-0.856335,986633,3,detached,Milton Keynes,MK13 9FG,G,2024-10-19
1920d854-7880-42aa-aa5b-3f3a0c58978b,52.361397,-1.737267,332487,3,flat,Birmingham,B11 7GL,E,2025-08-20
30c71a42-4de6-41dc-b2d3-e3d63d2802d6,52.562289,-1.714773,444671,2,detached,Birmingham,B30 9JR,C,2025-02-05
9dcf6b3d-4a57-4db5-a7f6-d33f1a2421df,51.475148,-0.936085,564467,2,bungalow,Reading,RG4 2FA,A,2025-03-29
82023386-1bb3-442a-8a94-ca2c46fb0712,53.4343,-2.232984,284034,3,flat,Manchester,M26 2XX,C,2025-04-23
a42918cf-f59b-47a0-b792-d44f3958c8c0,51.422573,-3.072243,448985,5,flat,Cardiff,CF25 5OZ,E,2024-10-29
48ed0d9f-c676-43f4-9eff-510a5b5471ae,51.541661,-0.928076,795732,3,detached,Reading,RG7 4ZG,F,2025-05-04
1e6ed893-3616-4942-a828-96c92a3c851f,51.449654,-0.5757,682707,2,flat,London,UB8 8UE,C,2024-11-10
d83d6fc4-4d05-4037-a40b-2ccf24e18407,52.571647,-1.740097,275084,1,bungalow,Birmingham,B33 5TA,C,2024-12-29
1a8fdcb2-072a-4a52-8e49-5d6f8d07eec7,51.264983,0.062922,756025,2,semi-detached,London,HA12 9PX,G,2025-05-07
04a3e47c-4574-4dda-b52e-f22d7ecdb781,53.363284,-2.892951,286911,2,bungalow,Liverpool,L20 1AJ,E,2025-02-16
f8864d6e-c750-4bee-b0b9-1c8951cfd7a5,55.927332,-3.306076,499500,3,terraced,Edinburgh,EH5 4PX,D,2025-05-13
01a85deb-3ad5-42fc-8743-ec2e30059ceb,51.691417,-1.254825,405050,1,terraced,Oxford,OX18 0NU,F,2025-06-01
d381ff97-737c-4fc0-9e6c-38abcf25c97a,51.693258,-1.168801,753198,2,terraced,Oxford,OX3 9EE,B,2024-09-26
fdf081b3-3595-40ec-a18b-964e8705b078,52.163099,-0.73812,357316,2,terraced,Milton Keynes,MK13 4LD,C,2024-09-22
12ddb82c-6488-429a-948b-ecb5f78264c5,55.832042,-4.485898,367824,2,semi-detached,Glasgow,G31 8OG,G,2025-02-14
3a88465b-d050-41dc-a4cc-3e445a5c6845,51.491948,-0.938394,757391,2,detached,Reading,RG14 1ND,D,2024-10-23
1862714b-e499-4a04-8874-60c87699baf8,53.933497,-1.10409,513087,2,detached,York,YO1 4FG,D,2024-10-20
a518f32f-1eb9-4210-aa55-3fb6c14948fd,51.453938,-3.275585,261142,2,flat,Cardiff,CF25 9BK,C,2024-10-19
55bd7c39-3e47-4458-8cf4-de1a13b97d41,51.82172,-0.473617,1003852,3,terraced,London,SM29 0ME,E,2025-05-06
48bc1c60-2957-45c0-aaeb-683e4ece905b,51.52003,-0.057903,568223,3,flat,London,TW34 8SJ,E,2024-12-28
7036e2c7-434b-4eb7-9703-1e1d2d606533,54.529163,-5.797133,314089,2,detached,Belfast,BT1 2YK,E,2025-07-17
431ed867-2bb2-43cf-ade2-2cdebc6dd7b4,55.952837,-3.125048,765794,3,detached,Edinburgh,EH7 4XN,A,2025-08-13
a3589d6a-4ab4-4a50-a6d9-c1f499fb0a60,51.372029,-0.890539,507953,3,flat,Reading,RG20 3NC,C,2025-08-25
f84b9419-915c-447f-a94f-42a9babc07bd,50.775419,-0.114295,562530,2,terraced,Brighton,BN25 3GE,B,2025-02-06
fa31e612-af75-4e12-ac4e-a1e97ec44ebc,51.606169,-0.484366,786945,3,flat,London,N11 7ZH,F,2025-01-09
c3ad42fc-4fca-476e-ae60-78342edbf8d7,53.127728,-1.058818,299480,2,terraced,Nottingham,NG13 9OU,D,2024-09-20
ee5a4f6f-5a5d-406a-88b6-70c1c879c310,51.53263,0.024794,845803,2,detached,London,NW16 3EK,F,2024-09-17
698ed81d-35bc-4885-88b4-3e7a45f02107,50.765519,-0.259905,573007,2,flat,Brighton,BN20 0KE,C,2025-03-25
eed72d24-8453-42f9-a156-3df5001f25db,52.595376,-1.818345,532695,2,detached,Birmingham,B12 4FJ,C,2025-06-04
533569ba-d5af-4b2c-90d0-ff7ecda7fc0c,52.508027,-1.835485,438511,3,flat,Birmingham,B29 9UW,F,2024-09-06
70c8df5b-0168-4069-8328-30ea3f2b2635,53.388579,-1.458343,226866,2,flat,Sheffield,S10 5SN,D,2025-08-18
246c072e-26e0-4d2b-abb2-70f3eb35bcc9,53.50334,-2.295866,326982,2,flat,Manchester,M21 1FA,D,2024-12-20
2261f51b-d936-4dde-8213-63ec07e43134,51.530625,-0.393468,566406,2,bungalow,London,SW16 3NE,D,2025-05-01
57236f13-927f-4438-99b7-5e78ca8b96ab,54.942547,-1.663432,303435,2,bungalow,Newcastle upon Tyne,NE11 9AK,D,2025-02-28
0fc33204-43b0-4973-9c8e-253eacf6fd69,51.592905,0.085128,423263,2,flat,London,CR25 6AM,D,2025-05-17
28ef343f-14e8-4ff7-8863-05e8f7c90dcb,51.567308,-0.42698,738211,3,flat,London,UB25 6YB,C,2024-12-08
4cdc2913-105a-4bd8-8610-ed34863de58c,51.440035,0.029995,939610,2,terraced,London,SW28 7TJ,F,2025-07-09
a0016777-7ddc-4c56-9436-6bed3985b0a6,56.031574,-3.175271,309893,2,flat,Edinburgh,EH27 0CR,F,2025-07-15
51bfa41f-81d1-436a-aff9-7b86cd8db865,51.306987,-0.352654,871176,2,terraced,London,SW32 3AD,F,2025-02-12
9f4b2c84-57d6-4ed2-b14b-ac665c29d848,52.187153,0.210158,820953,3,semi-detached,Cambridge,CB13 8OT,D,2025-04-15
e1fa451c-3ede-4026-983e-49cc73cfeb82,51.489756,-2.934443,683618,2,detached,Cardiff,CF32 3UP,D,2025-02-05
f557f611-026c-489b-b01e-b81ca2937acd,51.833621,0.304323,416169,2,flat,London,N3 6RT,E,2025-02-25
a97831b1-4ba9-4d7c-9dbf-fc2ace120a2e,51.56038,0.11937,1136352,2,detached,London,HA23 4CN,C,2025-03-07
414884f1-0f70-4b15-b313-01ccd2436ae3,55.871026,-3.163884,284691,1,bungalow,Edinburgh,EH35 5WF,C,2025-08-24
cdd7eccb-cb8b-4a04-955b-7c64ae55ac13,53.687371,-1.550981,364849,2,semi-detached,Leeds,LS14 4EA,E,2025-07-30
9e04e801-37c7-4b65-8725-e194590fc707,51.510711,-2.527756,643820,3,flat,Bristol,BS32 9NE,C,2025-08-13
df2792ca-b20a-4d51-b714-4a901ec3ba56,51.335326,-3.073709,372430,2,semi-detached,Cardiff,CF27 6MT,F,2025-06-09
ed5d6e5a-7057-4ac3-8880-05fd22422e88,54.99113,-1.478671,165547,2,flat,Newcastle upon Tyne,NE25 3WU,C,2024-12-05
10239e75-c889-4964-864d-320425d2328f,51.341155,-0.477508,800356,2,terraced,London,IG14 4KK,E,2025-07-19
c6cbe355-70f6-48cd-81f1-ed79f4ff66eb,51.416481,0.336526,751826,3,flat,London,E18 5XS,B,2024-10-30
55dd3d3a-b1d1-4094-9461-eb2c97586cfe,55.938432,-3.116537,485111,1,detached,Edinburgh,EH26 5OR,F,2025-06-14
7593de59-8f38-4307-a2ad-449523c01f27,51.456965,-0.787768,699646,2,flat,London,W11 2JU,C,2025-08-19
b36cfadb-4183-49f7-abf7-79a7ac6adc48,51.268772,-0.262477,992406,2,flat,London,HA35 6CT,C,2025-07-04
2d3aec06-016b-4b97-a679-882cd6183e22,51.445991,-0.003097,375752,2,flat,London,N34 0TO,C,2024-12-07
8ae9a678-6e2a-4b9a-8661-348a931f9295,53.577228,-2.207328,547124,2,detached,Manchester,M30 0HO,D,2025-03-25
86259841-e6ca-4017-801a-31f5be50efe1,53.440213,-1.421321,180061,1,flat,Sheffield,S5 7EC,E,2025-06-02
0ab34652-b1f6-405a-9115-725cf2325cdd,51.578847,-0.019003,449795,1,terraced,London,SM5 3BK,C,2024-09-24
120bd3a9-e50b-4b49-98db-6f026db58610,53.416801,-1.680457,312574,2,terraced,Sheffield,S30 7BW,F,2025-02-23
8c83704c-bf56-4a3f-b296-76accc3c933b,50.78748,-0.104691,501294,1,bungalow,Brighton,BN17 8YX,D,2025-06-07
e9a3df64-a313-4c5f-b655-de2ffc384396,51.810244,0.080419,1561158,3,detached,London,SW22 4RR,G,2024-12-02
c74b11aa-2f86-4470-ada7-f8be0243193f,51.441696,-3.284756,697770,3,semi-detached,Cardiff,CF10 1WS,E,2025-05-22
49963aba-3f93-4519-86ed-402881b9b40a,51.59728,0.096672,440159,1,flat,London,HA22 1WZ,D,2025-08-21
bd903cb9-844d-4801-8fe1-75073b941580,53.880514,-1.704835,226502,2,flat,Leeds,LS21 2JO,F,2025-08-02
dffa8fe5-77ee-4cc7-8ae9-e92774fa152e,55.926099,-3.098627,482515,1,detached,Edinburgh,EH11 4GL,E,2025-05-28
c0c55e05-0a02-4ce2-9491-988d0a70517b,51.647089,-0.223857,478466,1,flat,London,SE27 9RT,D,2025-06-14
21cf2c45-7a0a-40c5-adc1-55902ccce846,56.077603,-3.086131,408845,3,flat,Edinburgh,EH21 6KM,D,2024-12-10
188ec198-fa8f-42bf-933b-5e7000b79038,51.498177,-1.05424,435560,2,flat,Reading,RG1 6NS,G,2025-05-15
c0b3beb7-ff78-47fe-97e6-6f20645e1adf,50.902779,-0.137696,467850,2,bungalow,Brighton,BN12 1XG,E,2025-06-10
7170f2d9-a65b-4252-9f57-ec3511f3d6e8,52.206699,0.080216,552918,2,flat,Cambridge,CB5 8OC,E,2024-09-21
f0b21835-d0d0-41cc-9935-f1e43f3f4fff,51.726027,0.243528,704796,2,maisonette,London,N19 7RH,D,2024-11-06
e1785e01-b1b3-4660-a79b-10ebb936255c,53.994444,-1.072894,382438,2,flat,York,YO28 6YA,G,2024-12-22
10a1fa4d-855e-4a9f-9112-9c8ce7ba05ad,50.945781,-1.386055,430858,2,terraced,Southampton,SO10 7CW,A,2025-01-31
f73ece6a-9948-486e-81d3-f1c47a262120,51.746468,0.162224,1178517,6,flat,London,CR33 8LJ,C,2025-03-21
6ee47c7f-4fb0-4b9f-9658-3a4b94080832,50.830186,-1.412667,299542,2,flat,Southampton,SO10 3KX,C,2025-07-03
d4fcb930-8f75-448c-969a-1e281b7dc905,52.891046,-1.117289,119528,1,flat,Nottingham,NG35 7YK,B,2025-02-01
8ce7ec37-8bf6-4563-a77a-c440b848d769,51.595107,-0.200831,1141181,4,semi-detached,London,NW17 3MH,F,2025-06-30
59a18cd6-63e2-4592-83c7-ff052de521df,51.447464,-0.233891,531223,1,semi-detached,London,E6 2ND,E,2025-04-03
0f924893-0709-4444-ad52-07a03b40b0ee,51.654474,-0.012523,528804,2,flat,London,SW20 1YW,D,2024-12-14
8d983f9d-265f-4912-9c98-c78a52997c26,51.392885,0.339165,1153627,3,semi-detached,London,WC25 1SP,D,2025-05-19
e07a6baf-786c-43ec-88fd-e8f3492b3b06,51.479959,-3.212899,666218,6,flat,Cardiff,CF7 4HO,F,2025-05-05
c24bae81-6528-44b9-8a9c-9507516293e3,51.626815,-0.215263,940734,3,detached,London,SW24 0UY,D,2024-11-13
fa303c8a-d84c-4359-a862-a309b79458f9,50.795284,-0.070465,793292,4,flat,Brighton,BN21 2WN,D,2025-01-03
90e75c1f-7adc-4ab8-854c-0b70dd8a9204,50.872045,-1.423567,590357,3,flat,Southampton,SO18 4AF,D,2024-09-21
710f2f9d-fb89-473d-9bff-f5ee816989f6,51.376236,-0.193013,731044,2,semi-detached,London,IG3 2DD,A,2024-10-16
9be85945-4732-481a-856c-585b8e1a2a2d,56.001772,-3.272551,339202,2,flat,Edinburgh,EH20 9DO,D,2025-05-28
45576259-3fee-47df-b4ae-fed4cc18f932,53.873186,-1.116336,554184,2,detached,York,YO5 2YC,E,2024-11-29
b0d76577-723e-42b4-beb9-a26ecd584f99,55.998673,-4.354427,302104,2,bungalow,Glasgow,G29 0ZO,F,2025-07-19
5889ca4a-a934-4207-98c3-0729cf719dc7,53.864434,-1.023782,590159,2,semi-detached,York,YO24 8KU,D,2025-08-15
b8d1e03a-6062-4113-93b5-534a7513cafd,51.555168,0.170118,499226,1,flat,London,TW23 0MD,E,2024-09-21
8722e085-2d66-4115-bed8-fa27f0cbe394,51.627629,0.063919,886648,3,flat,London,HA6 1AS,B,2025-04-14
9508520a-0503-4366-aeb6-8ef9767b6284,50.806953,-0.278723,460969,2,maisonette,Brighton,BN10 7LG,B,2025-05-07
06dbfa9d-c7a3-4150-964a-98bf0e8c99de,51.796222,-0.191064,1236513,5,flat,London,UB5 9BA,E,2025-04-27
ec6f1d73-b020-4df5-bfa2-65f56889b625,52.935391,-1.364196,192517,1,maisonette,Nottingham,NG19 7TU,F,2024-12-31
d03bfdbc-50dc-4806-a80e-cdd853bceec9,53.480512,-2.901744,249635,2,terraced,Liverpool,L25 3ZS,E,2025-03-07
4503cb4a-2819-44d7-acce-d1b7829743ae,52.203906,0.184761,1106788,5,semi-detached,Cambridge,CB18 2UT,D,2025-04-06
aa0e363d-b94d-42e3-933f-59957feac3aa,50.943223,-1.410548,320345,2,flat,Southampton,SO17 9OL,E,2025-02-24
7bda96df-0d18-47b1-934d-4ea01dc6bd65,51.670407,-0.084105,806360,3,flat,London,SM2 3CR,D,2025-04-13
d3ffd0f5-a80a-4301-96d7-0449f5d7c13a,50.881127,-1.402765,302477,2,bungalow,Southampton,SO19 5GD,E,2025-04-11
ea5e024c-e203-486c-b530-c6a590231b5b,51.600841,-0.076101,906361,3,flat,London,E18 2AP,E,2025-01-08
d469c930-29b3-4fa0-87d1-dfe8aa7cfc56,51.554541,0.449141,1408528,3,detached,London,SM34 1LP,F,2025-07-30
8e37897a-96dc-478d-b7d6-828d3378de28,51.551342,0.097835,773105,2,flat,London,EN6 1TT,E,2024-12-03
4b865037-d7a3-4aef-95e8-fc58c202b31c,54.899623,-1.817614,510025,3,semi-detached,Newcastle upon Tyne,NE25 9LK,A,2025-04-08
1942c26f-ae2c-4418-b49d-2c9a39bc7902,50.816335,-1.288604,381765,3,flat,Southampton,SO4 4AU,D,2025-06-12
fca36140-5006-4e4e-9c2c-cdc4415aa5b1,51.429527,-0.072758,1938531,6,detached,London,W29 2PE,E,2025-01-08
e420d272-f3fc-43c7-b8fa-96fc6923a74b,55.956659,-4.124418,202811,2,maisonette,Glasgow,G24 0SZ,D,2024-11-19
855527ae-1789-4b41-8494-7a697b7ccfbb,50.896898,-1.509453,597099,3,semi-detached,Southampton,SO5 6GP,E,2025-06-20
cb960a2a-043c-462c-88e0-a08d15e0d94e,56.004821,-3.132067,676728,3,detached,Edinburgh,EH31 0CL,E,2025-04-28
89627a84-d598-417b-a459-dd530aaba5e2,52.429092,-1.79869,270290,3,flat,Birmingham,B27 7JT,F,2025-06-10
c06771ef-31ef-4c2c-a118-daa4cd157fc7,51.510416,-0.983969,259558,1,maisonette,Reading,RG24 8TK,F,2025-03-10
ff5a796a-7245-417f-9b66-66895e61ced3,51.472232,-0.009148,640235,2,flat,London,N9 4JG,C,2025-01-22
c8635a1f-3fc9-4503-9cde-f06836c2dbee,51.501389,0.062125,960515,2,semi-detached,London,SW5 4EC,B,2024-09-28
4d13e77f-9b0c-41ec-9210-f1dcd51a5b45,51.26967,-0.160897,1038992,2,terraced,London,SE15 4EK,D,2025-06-29
a4e54d50-bf30-48cf-a3f2-f2d6d173901b,51.549989,-3.277886,275273,2,flat,Cardiff,CF17 1JH,E,2025-02-05
d1e413e4-acd4-4d16-9777-2d710a5f052b,54.927654,-1.545398,474637,2,detached,Newcastle upon Tyne,NE8 4ND,A,2025-03-25
24693f0d-9bf1-43d6-b313-29e17c5e2eb9,50.979108,-1.333323,214938,1,flat,Southampton,SO21 9YC,D,2024-10-20
1d63e510-4fc9-4bbc-a4bd-14b151311711,54.007915,-1.008176,387981,2,flat,York,YO3 9LB,E,2025-02-24
8277bf4e-4b21-4644-a28c-8dddf251e408,53.438111,-1.288934,365189,2,semi-detached,Sheffield,S22 9LA,F,2025-03-02
2402b5f3-4d7b-404e-9e88-a13afa127f60,55.862233,-3.160357,569658,2,semi-detached,Edinburgh,EH5 4JZ,E,2025-07-28
36a4e743-7e31-4ac8-9740-34ac11cd16ef,51.267899,-0.479389,971725,2,bungalow,London,W25 1DR,C,2025-02-23
fd66844c-3822-4e88-a4fa-4a114b6f2d92,53.549764,-2.077117,415424,2,semi-detached,Manchester,M7 2DG,F,2025-04-25
5d1a6a07-048c-4a75-9335-c2bf33bb66c1,51.478989,-0.337607,751661,2,terraced,London,E31 4SD,F,2025-05-17
bcc53c20-9d3b-45bf-82df-ee7476680bb6,51.630708,0.014184,533052,2,flat,London,UB10 5LJ,D,2025-06-22
90e2110e-3d9c-4d61-a18c-1631e84ebb78,51.617469,0.093201,378027,1,flat,London,N31 2UJ,G,2025-04-28
b63c47da-a065-4cc6-a69f-9a905be0c971,53.441693,-1.476857,392267,3,detached,Sheffield,S22 4RA,C,2025-04-08
fa5f6b21-6ff1-4a3e-91d8-557e08ca678b,53.892589,-1.443646,355443,3,flat,Leeds,LS34 2WU,E,2025-06-28
70a925c5-cce4-42a6-b89c-d29048c138bf,53.549554,-2.100305,335265,1,detached,Manchester,M2 6ZE,F,2025-07-08
dce5b249-27dd-44a2-87a8-91455df7dd8a,53.565356,-2.290772,289824,2,flat,Manchester,M13 1XX,F,2025-06-01
cf961e17-a075-46cc-a719-10ca08fa53ac,54.607791,-5.741618,230393,1,flat,Belfast,BT34 2PR,C,2024-10-13
c083bb21-4e31-4627-b74c-fd9741be9d58,53.61067,-2.562728,347220,2,semi-detached,Manchester,M20 0DJ,D,2024-09-17
0f4b54b3-464d-47c5-be4a-4fd131489829,50.796105,-0.189347,383673,1,flat,Brighton,BN29 1XS,F,2024-10-24
1b32fcf5-4343-410b-8a7c-7907e91af09e,51.442512,-2.507322,722932,4,semi-detached,Bristol,BS29 5OH,D,2025-01-05
98cf663b-fc81-419e-8a46-a7e7f2a999e3,52.928853,-1.24193,437500,3,semi-detached,Nottingham,NG8 2AH,G,2025-05-02
7e39de23-6359-41d9-b853-cff772fe50af,52.109096,-0.776691,354391,2,semi-detached,Milton Keynes,MK24 8UP,C,2024-11-16
ca7447da-64eb-4817-b9ae-2f86bd1152e5,51.740782,0.452792,703168,2,semi-detached,London,SM16 3XM,E,2025-06-20
1e126418-bbd3-4d0b-a8a0-bbeb3188f0a2,51.908686,0.091556,1564962,3,detached,London,EN12 2SS,E,2025-01-09
b4ea548f-bd8a-4c62-a7fd-fa3517f678b5,51.951161,0.115207,586136,2,flat,London,DA29 0HM,B,2025-03-13
4eaa6197-e2ee-498a-bf1c-ffecb0b702d3,51.42977,0.134606,1141559,3,semi-detached,London,NW12 5HK,G,2025-06-01
a24a8c61-9d2d-4843-89f5-c91750641aa9,53.422712,-1.408831,165743,1,flat,Sheffield,S33 3WM,C,2024-10-12
5106fa49-07cf-481b-aae4-f2e1faba45d5,53.370245,-2.194745,174559,1,flat,Manchester,M19 4BP,E,2025-07-13
1d6a221d-2b96-41ca-92d7-e8517eaaa7dd,53.456987,-2.309728,266502,1,semi-detached,Manchester,M16 4CK,F,2024-11-25
8525a190-412d-4064-b460-9db88efb71c3,51.340375,-0.576207,1093608,4,bungalow,London,BR33 8LO,A,2025-03-20
f6c6b188-af88-41e4-ba97-0ae1494795f9,50.825943,0.038811,1183730,3,detached,Brighton,BN22 9DF,G,2025-04-24
27e3d96e-ea75-47e7-a691-4bab4f90438b,53.419878,-1.977326,676083,4,detached,Manchester,M11 3BR,F,2024-10-02
36ef314d-c559-4349-a0eb-eeebe9140c53,55.859581,-4.097049,320613,2,semi-detached,Glasgow,G9 5NR,C,2025-08-30
d168b733-5590-4b2f-8a37-b1761deaa4aa,51.383202,-2.545316,550227,3,flat,Bristol,BS12 0AA,D,2024-10-09
252b34f7-2b8f-4169-9f51-20f96c8de7fa,51.669778,-1.202947,463048,2,flat,Oxford,OX13 1JU,C,2025-08-11
e5626fe5-23f2-42cb-afb1-2ae92d436c93,53.366165,-2.831709,310600,2,semi-detached,Liverpool,L6 1AF,F,2025-01-13
46bd98c2-d092-46fc-a654-4b1ac9156dab,53.631185,-2.215776,437232,2,semi-detached,Manchester,M3 0RJ,F,2025-05-09
c99252ec-9790-4d36-a771-0072efde8d35,55.774257,-4.271679,235538,1,terraced,Glasgow,G25 0LY,G,2025-04-27
eb9d12d8-dd6e-4f70-be31-ab9b653e9acb,53.347884,-1.634997,308102,3,flat,Sheffield,S26 6AR,E,2025-05-16
d756e620-e820-4772-9c58-192c3666a6c6,53.817869,-1.440915,409289,3,maisonette,Leeds,LS12 9NY,F,2025-04-20
11fedc43-9be2-41bd-a3c8-8bef967b2e8c,55.859043,-4.586045,428076,2,semi-detached,Glasgow,G33 8UL,F,2025-06-20
a13a071a-ee08-44a1-a03b-53727cd1c5f9,53.378528,-2.214803,319103,2,flat,Manchester,M27 4MA,D,2025-08-21
0b56b1e3-5d26-411e-af1e-2d0f7e3e086d,51.459984,-0.862003,339596,1,flat,Reading,RG7 7BB,B,2025-04-19
11ced901-fdba-41aa-a2f7-47a4b23c4f0e,52.665507,-1.779644,357697,2,semi-detached,Birmingham,B27 9AE,E,2024-12-17
3a0363d2-0a4a-4281-8af1-f2d615bac65c,55.858636,-4.244874,396641,1,detached,Glasgow,G25 5CO,F,2025-06-21
018ffedc-e3a7-4f4b-836e-b612ae5adccc,53.796541,-1.635112,276793,2,terraced,Leeds,LS31 2AC,E,2025-07-24
bc186e41-f18e-4670-93cd-4b807bdf5071,55.901854,-3.097321,307582,2,flat,Edinburgh,EH20 3NE,G,2024-10-08
566b2077-da22-4bf7-a9bf-c5ebd8d8fea2,52.732842,-1.77341,453537,3,bungalow,Birmingham,B5 0OY,F,2025-07-18
98d29cc7-48db-45be-b1d4-61ba7ef22030,51.496964,-0.213261,798624,2,terraced,London,NW5 8RT,D,2025-04-01
0243b92b-81ba-46c0-b234-89522741d157,53.633771,-1.699775,261645,2,maisonette,Leeds,LS32 6JU,D,2025-08-22
df90ede8-7b39-4f78-ad4f-4eedce2320a8,53.4264,-2.148752,289603,1,bungalow,Manchester,M5 4CH,E,2025-03-25
e749d54b-1ea2-417c-8d2d-54acef386292,51.451055,-0.265232,642629,3,flat,London,SE5 1YX,E,2024-09-15
cea15695-219a-49da-ad5d-895b54dacef5,51.525102,-2.405028,617296,2,detached,Bristol,BS14 0SR,E,2024-10-03
22d73dd3-cf54-406f-b43a-0e6360fffe82,54.699711,-6.011748,443823,5,flat,Belfast,BT27 8XD,D,2025-01-30
34292388-38b5-44b4-9f7e-dee6547497aa,55.953624,-3.019725,412500,2,flat,Edinburgh,EH33 0PO,D,2025-04-12
f5272fc1-715b-457b-b870-10aa9d5ae637,53.47118,-2.430551,383611,2,terraced,Manchester,M2 9FY,E,2025-04-25
ad4c0be3-6af6-4a12-b024-70ee6e2d8337,55.876708,-3.057702,322298,2,flat,Edinburgh,EH26 3XY,E,2025-03-04
9a372962-465b-4067-9abb-f9dc2623a59a,54.680758,-6.034143,341979,3,terraced,Belfast,BT27 7UG,E,2025-05-14
a76a0c2e-ac38-4901-a1f6-0e907985336f,51.580017,-0.398586,790466,2,bungalow,London,BR6 4KY,D,2024-09-12
3f1fd90a-54bf-4d02-bf14-821ecec22d82,54.5355,-6.019589,323125,4,flat,Belfast,BT35 1RK,D,2024-10-04
45f38b77-2b96-4e50-93b8-33b01db736e3,53.492488,-2.223877,276431,2,flat,Manchester,M19 3CR,E,2025-07-15
29b34019-7cc9-48a1-9538-db545a940c6e,52.122757,0.03785,1400984,4,detached,Cambridge,CB10 6GF,C,2024-09-08
4fc594c6-67ea-4860-879e-7541fa32e58f,52.456409,-1.580885,214054,2,flat,Birmingham,B26 8FR,C,2024-12-16
5f5c7ced-c54a-4e16-a529-b42c7b06a06e,56.058371,-2.981781,434674,3,flat,Edinburgh,EH7 3DU,C,2024-09-10
5785d729-36d0-476f-9e7d-a17633a8b787,52.207345,-0.030985,739727,2,semi-detached,Cambridge,CB13 6PS,C,2025-03-17
86b37597-5145-43bd-b1ca-eee111d44191,56.065295,-3.044216,661360,2,semi-detached,Edinburgh,EH17 5TT,F,2025-06-17
f9207443-9c02-4b61-a9aa-27f4f3aef1ef,52.174419,0.233941,498755,2,terraced,Cambridge,CB3 0KE,B,2024-11-04
fb1ecd29-cbfa-415c-aa04-58809233d20d,50.969619,-1.432442,709700,3,semi-detached,Southampton,SO26 2JA,D,2025-04-22
2f9ecfde-8a1a-4e5c-aa5c-58412eba0a26,51.616212,0.115241,739006,2,maisonette,London,EC29 1KF,F,2025-07-02
2c7d99e3-f096-482b-bdb9-85308e5d968b,55.896164,-4.369123,346656,2,bungalow,Glasgow,G18 7XB,C,2025-01-08
0e9a4a7c-e9ce-4bda-95b6-2e5e219b7643,52.37063,-1.757826,271695,1,maisonette,Birmingham,B21 5BP,E,2025-06-26
c79c73b9-3663-42e7-9043-44232b39b42a,51.612641,0.496864,700206,2,flat,London,TW4 1AE,C,2025-07-03
507b777a-e82f-48c1-9d12-ccc157d3c30f,51.627368,-0.275447,489256,1,flat,London,IG12 8CK,F,2025-07-03
cb467808-558a-4713-9f9a-ac36fd802b8b,51.437289,-3.339,554553,2,detached,Cardiff,CF7 5JG,E,2025-08-07
6afad870-f140-4083-9e81-ff0efcba8ffc,51.98974,-0.878793,1026650,5,detached,Milton Keynes,MK25 2XX,A,2025-05-28
c35b214b-3da8-4b23-96db-693bd5dd4fb4,53.690884,-1.554332,189462,1,flat,Leeds,LS25 5OZ,E,2025-07-28
d74c4ce4-d2ee-47bf-8131-b1dbcdfeac1a,51.428964,0.008293,586213,2,flat,London,EC11 4XU,D,2025-08-25
795c702f-e1e5-42bb-9ad5-f4e3710e0e0e,54.644345,-5.887903,533549,2,detached,Belfast,BT10 8ZM,D,2025-01-26
78e905a0-640e-4c42-8615-a240ab2366cf,53.531409,-2.478628,484003,3,terraced,Manchester,M34 1WA,D,2024-09-06
b54122c4-062b-4e44-a40c-02a89fdc19a3,53.405568,-3.153812,287463,2,terraced,Liverpool,L10 9DF,D,2025-05-01
21c8c80b-0a79-498f-94a1-0d9351a8d248,53.413058,-2.323081,283888,2,flat,Manchester,M14 1BZ,C,2024-09-15
fb8a2637-b6d5-4019-962d-c109aff9d93a,51.466166,-2.67095,588107,4,flat,Bristol,BS28 5WM,B,2024-09-10
0745c42a-fe70-4e4c-8517-5aca9edf40e1,52.852573,-1.307827,543592,3,maisonette,Nottingham,NG2 9MJ,D,2025-06-01
f4dcfe4d-84aa-4770-b9cd-3b271e8b44c1,55.818381,-3.216884,543931,1,detached,Edinburgh,EH28 6MM,D,2025-08-09
6241db3f-6cca-4663-8114-1850e40f8ac4,50.752287,-0.172123,964442,5,flat,Brighton,BN22 6UK,F,2024-10-21
968065c0-a7c0-4113-8aa7-4028278fc955,52.386483,-1.896205,243131,2,terraced,Birmingham,B28 5OY,D,2025-02-11
a849745f-7d66-4b16-9302-6ba99664acfc,51.484222,0.173757,503327,1,flat,London,CR15 9FJ,F,2025-05-23
79f1df61-2c6b-498d-841b-a364f0dc2b05,52.423669,-1.854096,284330,2,semi-detached,Birmingham,B29 4CR,E,2025-02-02
8f9454e3-00f3-466e-891b-1de8d6c8cb0e,52.541426,-1.971381,269846,2,semi-detached,Birmingham,B14 5TZ,E,2025-03-28
e8143e51-a15f-48fb-bc77-34416de8ee89,51.612279,-0.172582,613481,2,flat,London,BR27 5ZR,E,2025-06-14
c9766d0e-13c6-41e2-93d2-944d7befb527,50.785566,-0.081113,675819,2,semi-detached,Brighton,BN18 4WC,D,2025-04-01
410f7cba-28f7-4d8b-b3ea-53a73d23fa9f,52.027087,-0.759978,327111,2,flat,Milton Keynes,MK15 3DM,D,2025-04-28
5d9f61f4-19f2-408d-8822-21357baf5674,51.409158,-0.003943,924205,2,semi-detached,London,IG24 6UC,B,2025-02-17
07c1ce21-2373-4eb8-a18a-c15ed3ef0e1d,52.956986,-1.120144,434570,4,flat,Nottingham,NG13 0NG,D,2024-11-13
f4f7fde4-3d16-4dff-ada0-da6879343d63,56.011836,-4.282249,279090,2,bungalow,Glasgow,G24 8ZJ,E,2025-01-10
299bd028-8b9b-4b95-aef3-81e5464479a6,54.563614,-5.903167,123227,1,flat,Belfast,BT23 1ES,F,2024-10-21
65d86de5-8d6d-4bca-9ab2-b5f969156bea,51.528073,0.126774,479156,2,flat,London,WC16 5PC,E,2024-10-22
fd4b8df3-0e49-42e0-8722-896e624b072b,52.391073,-2.041072,343574,2,flat,Birmingham,B3 2JM,D,2025-02-11
40d116e4-b469-4376-b742-fbee20fde02b,55.785914,-3.424628,754653,5,terraced,Edinburgh,EH18 5XR,F,2025-03-01
20b73b70-5458-414a-a1db-112fd119a4e8,50.865543,-1.380211,319843,4,flat,Southampton,SO14 1FG,A,2025-01-27
872b400e-4ee3-4185-b619-002a300e2949,55.846322,-3.042728,443271,3,flat,Edinburgh,EH3 6ES,E,2025-04-15
7ee22fd5-fa02-4479-b026-c42efd126a9e,52.553434,-1.694951,432409,2,semi-detached,Birmingham,B20 3XN,D,2024-09-19
3d9f5ce4-cd3b-4ce3-ba68-84d781ae2b72,53.01636,-1.098928,540209,4,detached,Nottingham,NG17 2DB,E,2024-09-16
59c0ac6c-5bc7-4104-ae51-8e079d1913b3,51.401623,-0.22827,1457111,2,detached,London,UB2 7MZ,F,2025-01-29
db529bf6-a6b9-4d64-9a39-8bd636fcc2ed,51.584032,0.071091,772907,2,terraced,London,IG34 9KX,C,2025-02-27
cb2f9487-5283-42f6-b523-0622bbbeb098,51.579481,0.073276,476064,1,maisonette,London,SM4 5XY,F,2025-06-27
c890cd69-9b4f-4986-bceb-29117ad095a8,55.85365,-4.535916,224557,2,terraced,Glasgow,G7 0MS,F,2025-07-31
cf0e6c10-783a-4a30-805d-e6f11c68a7d8,52.353119,-1.948182,736827,3,detached,Birmingham,B14 6AH,F,2024-11-19
361ff647-51db-41f2-a1eb-4750c84d0574,50.916367,-1.351784,591674,2,detached,Southampton,SO5 9WO,D,2025-06-22
03fb0689-0f64-45ca-a778-6b110ddb3988,51.365653,-0.104041,937530,2,semi-detached,London,SE6 8UC,E,2025-06-28
b632ddd7-0422-49f4-9620-e3fee497a289,53.472973,-3.106417,425095,2,detached,Liverpool,L24 4BS,E,2024-10-25
4521bf28-e3aa-41d6-bd29-91af4639d20b,51.420691,-0.903117,407340,1,semi-detached,Reading,RG27 8SC,D,2024-11-04
bc4c8847-fea4-415c-9595-5a1d53249ab4,55.998392,-3.177227,500717,3,flat,Edinburgh,EH18 8FU,F,2025-03-26
144ee332-4e61-43b5-ab89-ed597e14bafd,51.57838,0.166677,422115,1,flat,London,NW23 6WD,E,2024-12-20
8b03bc7e-0eac-4c6f-8056-487c8e4f7e6e,55.962939,-3.16581,299892,2,flat,Edinburgh,EH30 8JB,D,2025-01-01
d50fcc11-d21b-4cd6-a81b-178f7b5cda75,50.863229,-1.422262,1074615,5,detached,Southampton,SO3 6XL,F,2025-08-05
b4270fd0-50fa-4c19-8533-677f7283898f,51.512361,0.276082,709484,3,flat,London,W9 6NU,C,2025-05-07
485f76d3-cca4-4b77-8876-b530d24a88a4,51.652604,-0.382539,608725,2,flat,London,DA8 1TA,C,2025-05-27
1badd966-a039-409e-bb2e-97a1240dfa37,55.982885,-4.370799,680261,4,semi-detached,Glasgow,G21 4CG,F,2025-03-23
c5be3b6d-78de-47bb-8547-be889cdbeb8c,53.431412,-1.908345,281381,2,flat,Manchester,M31 0FX,D,2024-09-22
ceee3d29-28ab-4b98-9ecf-23166f8775ed,53.852384,-1.445196,258840,2,terraced,Leeds,LS1 0JL,E,2024-10-27
ae79a3c0-4305-4f63-b328-3bf91a4b3ee5,53.786717,-1.517555,451621,3,flat,Leeds,LS13 7EJ,D,2025-02-21
f3b34e86-4510-45da-bb70-9c328bb6e8ed,51.612474,0.497056,1081851,2,detached,London,TW33 5HK,E,2025-08-25
5cabaf5a-d11a-49ab-8da0-24248c8a8ec9,50.876799,-1.368557,474916,2,semi-detached,Southampton,SO26 7TE,D,2024-10-26
7384c09a-dc87-48cf-aacc-3e1ddf78d895,51.344811,-1.027284,382346,1,semi-detached,Reading,RG20 7WK,G,2025-07-12
935577bb-1519-407e-89aa-5fbe0ea11981,53.772477,-1.677801,368544,1,detached,Leeds,LS29 5YG,B,2025-01-30
161aeead-8a66-4acf-9bc2-cd34e7df55b2,55.105366,-1.520455,375250,2,flat,Newcastle upon Tyne,NE25 5TJ,C,2024-10-20
9a2d7107-949d-4f51-8f50-67f71ce7eb49,52.4008,-1.810904,265816,2,flat,Birmingham,B27 1UX,D,2025-06-02
187a6e4e-2cf9-408c-ade0-f7d6c73ec9f3,53.343249,-1.38562,334519,3,semi-detached,Sheffield,S8 5SA,D,2025-03-21
32d4216b-f6de-4215-897f-277438860541,53.81344,-1.646337,397701,1,detached,Leeds,LS20 1JN,E,2025-03-24
d11cb6c1-92b1-43f0-8d71-71df172168ab,51.546075,-3.140669,455507,2,detached,Cardiff,CF23 6GX,D,2024-12-06
2de714eb-7803-462d-b40c-f3151b1039ce,53.562224,-2.349664,193826,1,terraced,Manchester,M31 6OE,G,2024-09-04
0aa75931-03e8-4279-af1a-508cce9a242e,53.374218,-2.309882,359250,2,flat,Manchester,M34 1JK,F,2025-04-12
a6c2f9fd-b687-4281-b813-5ca1a125f709,53.788829,-1.84761,475645,4,maisonette,Leeds,LS8 6AB,B,2024-09-23
2fef494d-2bf5-4683-9c34-51c56990f026,51.550743,-2.628624,693744,5,terraced,Bristol,BS4 9BP,G,2024-10-27
65f0b2d3-3648-411d-97b8-5d20aa332301,53.961251,-1.19091,283605,1,flat,York,YO27 8UA,F,2024-12-10
f93bc10b-44d3-4979-92df-1a5f374d63ff,51.150584,0.215224,741596,1,detached,London,SE27 1RP,G,2025-05-08
9b108551-84f9-48ca-bd18-c3037af202dc,51.615626,-0.340738,497921,1,semi-detached,London,BR19 7AJ,D,2025-04-28
ffd5ae67-6187-42e9-b2e4-c8a02e3b3537,50.987445,-0.227355,532234,3,flat,London,SE21 0AR,C,2025-01-22
bd812022-02c7-4211-ae92-aeb2fd7538b3,51.586383,-3.093297,515481,4,terraced,Cardiff,CF17 9ZE,F,2025-07-09
094c1ab9-2044-46a5-86a4-c59f73c49b1b,50.901024,-1.336631,348335,3,flat,Southampton,SO8 7TF,F,2024-11-26
bacc98c9-18e3-49d4-a9e3-632c410a246a,51.3693,0.426782,670714,1,detached,London,NW4 8PP,C,2024-12-26
1f684217-dcff-4f7e-9247-114e80d42635,52.227002,-1.991122,388732,3,terraced,Birmingham,B26 5KH,D,2025-02-13
4103c552-2f0e-4613-9e59-9d1874ff0f16,55.927171,-3.13787,510988,2,terraced,Edinburgh,EH35 7RX,E,2024-09-02
f229c1cd-3562-4657-98ec-8f1718c3aee8,51.658348,-1.219232,807661,2,detached,Oxford,OX9 2PD,E,2025-01-22
be87e96a-0985-4e12-b849-8d36ba6dccf0,52.163693,0.055835,682216,2,flat,Cambridge,CB8 3CZ,G,2024-09-08
31d34304-8b21-4dc5-903c-00621bbe0e13,53.807668,-1.786959,267998,2,flat,Leeds,LS8 9LM,C,2025-01-02
56e0369c-30a4-4ed1-86ee-35e9c4f72783,51.496025,-0.885016,749169,3,flat,Reading,RG25 9UK,C,2024-11-08
3340dbe9-7e56-46bc-bcfd-d354a6092c05,51.702686,-1.251257,726596,3,flat,Oxford,OX18 7DF,B,2025-08-12
63a280ef-a28c-4687-a815-5f2c5680acf9,51.561478,-2.52705,543081,3,semi-detached,Bristol,BS13 2WU,E,2024-11-24
e10dd112-17e6-476e-ab20-bcf0a9442752,51.484777,0.710998,969639,3,detached,London,CR16 7AY,D,2025-08-15
5b0bccb2-0331-43a1-82c0-bf1b5647706d,53.422649,-2.319527,177102,2,flat,Manchester,M8 7MF,F,2025-07-28
87250d8d-dd72-4c3a-b7fd-3c210d4062a3,51.684912,0.636214,1068963,5,terraced,London,KT2 1MH,C,2024-09-29
344f9651-913d-40e1-b908-0f04afa3a2b7,52.063385,-0.803202,465590,3,semi-detached,Milton Keynes,MK9 2OK,F,2024-10-09
05d9d878-1b7e-4d97-b431-be3f44152769,53.006967,-1.233122,300225,2,bungalow,Nottingham,NG22 6DR,E,2025-03-30
880f2341-7c67-4ee8-b84e-3f4b9031fea4,51.472893,-0.384833,628482,2,terraced,London,W15 6PP,D,2025-03-11
d397673a-e48d-456f-8814-011f625eeeef,53.470801,-2.087112,697957,2,detached,Manchester,M10 6TG,C,2024-12-28
2a90ef2d-021c-4849-a5b9-3bf3fec6982f,53.736122,-1.566744,544456,2,detached,Leeds,LS15 3HM,D,2025-07-02
73addf31-5001-4f20-8c30-c715f19638d7,53.457911,-1.396603,264236,1,semi-detached,Sheffield,S2 2EB,B,2025-08-13
e9401bcc-c8d2-48b0-8abb-01b723483100,53.111264,-1.149884,547841,5,flat,Nottingham,NG15 9WS,F,2024-11-12
a9ce78f6-39fb-4d83-af2e-6cbb4b0b4e56,54.911744,-1.554119,335498,3,flat,Newcastle upon Tyne,NE21 3GF,C,2025-02-21
255fc1fa-2aef-4f12-904e-b36d75cc7346,51.537663,0.06983,458832,3,flat,London,UB20 3UC,C,2025-04-30
2fb1e74b-11f0-4241-b95d-7416da3ceb94,55.824517,-4.221827,604619,3,semi-detached,Glasgow,G20 4FS,F,2025-07-01
b67a2627-d39f-4a26-bc11-0c2c13702c4d,51.65496,0.430721,390054,1,maisonette,London,UB11 1EX,B,2025-08-09
be5a5145-cfac-4671-96cd-ea2dd5089998,50.861083,-1.38853,977252,5,semi-detached,Southampton,SO26 6YH,C,2025-07-25
be950e8c-a755-4e1e-870a-4e0d0c25eada,51.369801,-3.261792,312336,3,flat,Cardiff,CF23 0RN,F,2025-08-13
cfeb268d-77f6-46a1-a159-3943eb9a228e,51.415212,0.019996,522367,1,flat,London,SE14 8WT,D,2025-01-19
01d06f4f-3db6-41b0-8077-a3e01b7f10a8,52.554863,-2.047909,439892,3,semi-detached,Birmingham,B32 4HK,C,2024-12-02
134bd6d4-ce56-496a-a0b6-b2df815a01e9,51.223364,0.066651,853820,3,semi-detached,London,SW26 8RK,E,2025-01-17
2c208cc5-ee3d-4567-b4ad-82b05b242280,52.80226,-1.972547,402479,3,terraced,Birmingham,B10 0GB,C,2025-01-08
a2558186-3869-40e6-a048-a0d6cf8401f1,54.646377,-5.958213,417918,2,detached,Belfast,BT24 5AO,F,2025-08-07
e8b84845-af8b-4ae9-b0ca-d5bf640764d9,55.760059,-4.272692,310425,2,terraced,Glasgow,G9 9YB,E,2025-07-21
08204444-8b5c-4ac8-b8d6-2e6a277a8c69,55.965902,-3.149246,605755,2,detached,Edinburgh,EH12 3LK,F,2025-01-25
c5986f37-f975-442b-a061-524b4a8a2f75,51.988632,-0.837426,239977,2,flat,Milton Keynes,MK16 7HN,D,2025-07-18
576e3910-2dec-47bf-b057-e46793d6f83f,51.303499,0.156838,1600658,2,detached,London,BR12 2LL,F,2024-10-13
51cb73f5-6071-4738-b7df-f55e95a225c4,51.707505,-0.156473,394810,1,flat,London,CR6 6UG,C,2025-03-21
33b682e4-37a1-44b3-af31-06d44756fab0,53.25336,-1.448099,261669,3,flat,Sheffield,S26 4UJ,D,2025-07-06
619e594a-a061-4a34-991a-ff8d2417ab1e,53.461303,-2.283315,887613,4,detached,Manchester,M29 9ZA,D,2025-08-02
8378b7a6-3749-4904-bc95-e96f663471fc,52.290446,-1.611624,317118,1,detached,Birmingham,B2 1NL,D,2025-03-16
1589a950-94ad-4a65-a6c0-837eee2f4497,51.938612,-0.68264,254083,2,flat,Milton Keynes,MK18 6HL,E,2024-10-25
871ff924-5e8d-4762-8056-50f719abac5b,51.286051,-0.567651,1278934,6,flat,London,DA19 1UG,G,2025-07-18
c6518528-5a02-4133-9a29-07ac1d21f594,53.923474,-1.369685,199048,1,flat,Leeds,LS7 9YH,D,2025-05-14
c9f92cac-1847-42c5-9c5a-dacceeb689a1,51.7574,-0.184539,983459,2,detached,London,SM1 4WX,E,2025-08-25
284dde0e-10af-4e91-b8c6-2333fb357e75,52.416414,-1.818499,427232,3,flat,Birmingham,B4 1TT,F,2025-06-19
37b3b401-c399-45c1-bbb4-18ada8c7ff41,51.472114,-0.473347,822108,3,terraced,London,N30 3FS,C,2024-12-25
c9d113a8-635b-4856-9c48-0ad73462ccad,52.307759,-1.98478,536489,2,detached,Birmingham,B15 4AB,E,2025-07-29
ba4a9088-8728-4047-90a0-cebb5bee11c8,51.480204,-0.844717,684998,2,detached,Reading,RG27 8WP,D,2025-07-01
37e6330c-517a-401e-aa62-1100a3777bef,54.484012,-5.755478,387126,2,detached,Belfast,BT29 8ZO,D,2025-03-14
d9e9d98f-580e-4827-b791-31845c4d5cec,53.708733,-1.772141,515566,2,detached,Leeds,LS17 5YU,C,2024-12-09
f81fc6ed-59c5-413b-a57d-89ed30d05649,51.469553,-0.911559,814567,4,semi-detached,Reading,RG1 3PH,D,2024-12-11
b81ec826-0b53-43fc-a754-fd498b011fbb,51.667122,-0.082008,1757066,3,detached,London,IG26 4MM,D,2025-08-11
4eee0f5c-7599-4f14-82a7-6265b47687dc,53.751197,-1.643479,644281,4,detached,Leeds,LS34 9CF,G,2024-09-20
86b229c4-a5fa-44c6-8a51-27267d65e1af,53.680666,-1.534126,161756,2,flat,Leeds,LS27 8KU,F,2025-06-08
0fd24e1f-6cd6-4a5b-9705-fc982d7354cc,51.275947,0.341696,949862,4,maisonette,London,SW11 9KG,E,2025-08-09
34f5d415-9841-4036-8359-1b8f6ba0610d,53.561592,-2.533246,234928,1,flat,Manchester,M3 1PR,F,2024-11-16
7ecac763-b2ea-499b-89aa-ed86128133f4,52.422875,-1.730604,189436,1,flat,Birmingham,B2 2KW,B,2024-10-08
ba4d501a-ced3-4671-ade6-0c67bc9ae807,53.415962,-1.442654,239552,2,flat,Sheffield,S10 1RT,C,2025-08-19
f24a3ca9-c5b8-4d6f-b62f-5709b3522cfc,55.67796,-4.030198,706442,5,bungalow,Glasgow,G24 8PG,B,2025-06-02
b757f270-6da4-40d7-9e4e-9fb64a065de7,51.61101,-3.17569,357543,1,bungalow,Cardiff,CF24 6CG,D,2024-09-29
04dfa477-a5a2-4270-89ff-2e28aa68d53f,50.906725,-0.279136,663368,3,maisonette,Brighton,BN3 7EK,F,2024-10-19
df23c59f-df83-42b5-91e9-955542a41215,51.454813,-3.113141,291337,2,terraced,Cardiff,CF7 1MF,D,2025-05-03
223c35af-7d13-4c94-900d-e0a2b11f06eb,54.690446,-5.835636,229235,2,flat,Belfast,BT6 1CG,A,2025-07-18
684f3164-047a-431e-a342-dba1ee9fa8ea,52.016577,-0.677776,393356,2,semi-detached,Milton Keynes,MK6 7SJ,A,2024-10-05
5113008c-72cb-4ba3-bdaf-8c745f9a30d1,51.60965,-0.443172,948314,2,semi-detached,London,WC27 8OJ,C,2025-07-30
f9f51198-e803-4214-b5d0-f24cf4d207b8,51.299033,0.135756,604263,2,terraced,London,UB14 7OZ,E,2025-06-12
415193da-53f3-4666-bf5a-9fc38c96963b,51.863338,-0.30783,748758,2,flat,London,E26 6NB,E,2025-06-21
4f7054ef-cde0-453e-9282-f69dc6b4fd5b,51.480492,-2.554997,828828,5,flat,Bristol,BS4 6XL,F,2025-05-14
654eb7fa-6ae8-4321-9dc5-92df6f154e28,53.541972,-2.340472,353133,2,semi-detached,Manchester,M1 2RT,C,2025-04-10
99df1680-c729-481f-a53c-ef9ed83a5537,52.340244,-1.686544,488277,2,semi-detached,Birmingham,B18 1LX,G,2025-03-17
0995e348-231d-4fdf-ae73-2f359653bed9,51.525741,-2.517627,553316,1,detached,Bristol,BS26 4FJ,E,2025-02-09
229decb6-d3f4-43b9-a421-8a17a08f96fb,54.962686,-1.609342,310167,1,detached,Newcastle upon Tyne,NE28 5ZO,D,2025-06-26
625f10d1-da8c-4a76-9b31-8e494f26ba67,53.8505,-1.024873,377937,2,flat,York,YO24 8ND,D,2025-05-12
ed9f383f-ff8a-4719-a8e5-a233fffe76f5,51.633717,-0.339589,445938,1,flat,London,HA18 4RC,D,2025-05-09
bb1bbb63-2c68-453c-b181-f922ac930d3f,51.535039,-2.568458,881455,3,semi-detached,Bristol,BS12 0OT,F,2024-10-23
0707dda0-e723-4dd0-afa2-0e5823efd0dd,54.688191,-5.885492,245531,2,semi-detached,Belfast,BT25 1LM,F,2025-01-08
3b80e630-ba41-4304-b3e4-536d8353e128,53.666789,-2.053147,539640,6,maisonette,Manchester,M22 2OM,F,2025-06-23
484d2afa-5b01-4cf8-8d05-78aef85b4d3e,51.504371,0.216354,1532675,3,bungalow,London,BR12 9YH,E,2025-02-19
3c6963d1-b7a1-4a84-9fd0-f73c29f86545,51.861164,-0.113642,1365447,6,semi-detached,London,E27 9SN,B,2025-01-17
3dc7b729-c8ad-4225-87ed-c4c47e5b3586,51.749251,0.192764,525537,1,semi-detached,London,NW19 5PS,E,2024-11-10
87368e9e-51cc-48a4-b47e-8c76c5a9106b,55.972214,-3.065406,563733,2,detached,Edinburgh,EH25 6EZ,D,2025-07-15
cccb42d6-9be4-4ee3-b52a-ff881f8e44b4,53.350533,-2.93999,607158,5,detached,Liverpool,L34 5MD,D,2025-04-23
d553fb1a-8294-4cb1-82ea-e33c3f0ea1c5,51.672655,-0.195019,727836,2,flat,London,N22 8HX,C,2025-04-30
247922db-0384-4294-87fb-c8641f570eb0,51.819634,-1.099781,614168,1,bungalow,Oxford,OX33 6GN,F,2025-06-24
8b18bf87-126e-4a1a-bbce-a617e9e58271,52.568464,-1.827735,575359,3,detached,Birmingham,B19 0NU,D,2025-02-17
5fdd3b99-3579-45f2-b341-6a0177bea6a1,53.385152,-2.328575,179273,1,flat,Manchester,M28 9HO,A,2024-10-22
9cd5f151-60d0-4149-9152-518301e25d32,51.400836,-2.507762,599612,2,terraced,Bristol,BS13 5WK,C,2025-03-04
c5f3d027-37ec-4bbd-89dc-dd66ec42e2e9,50.945478,-1.410142,375592,2,terraced,Southampton,SO27 3SM,B,2025-06-15
cfc8c0e5-2c63-4735-b34c-c3a73499ac7f,53.511279,-1.506118,275596,3,terraced,Sheffield,S9 7ZJ,C,2025-06-01
6873cd07-90c7-4661-8800-42392a4926d3,51.611598,-1.237694,479921,1,flat,Oxford,OX19 8NF,E,2025-06-27
427a3ce7-3a02-4730-b661-934c44ddf1a1,51.502986,-0.39719,1027119,3,semi-detached,London,E2 9TU,F,2025-08-12
9bf8d8e2-2e29-4b42-a247-a843de3130ab,51.560331,-0.008304,1053480,2,terraced,London,TW3 3SU,F,2024-10-03
a561f012-ee0e-4a46-8470-a51b46af2f85,50.820679,-0.099867,670986,2,flat,Brighton,BN27 7CN,D,2025-03-03
d55e787b-9f82-4e2c-ad68-973403318b76,51.474209,-2.648688,600213,3,detached,Bristol,BS15 0TG,C,2024-10-06
7eff017b-adf8-443b-b23f-fde91f975186,51.560785,-0.139511,1038051,2,semi-detached,London,DA16 3DE,D,2025-09-02
46215d06-182b-4a54-b84f-8ef8af573ae1,51.527917,-0.583099,984797,2,detached,London,WC25 4OU,D,2025-01-25
2145b82c-7d76-4b08-aa0d-2ecb040a848a,55.783524,-4.045292,191749,2,terraced,Glasgow,G6 6FY,E,2024-10-27
58e1d26e-0cea-4f9a-93cd-5e9fbd0d5997,51.566057,-2.507458,351793,2,flat,Bristol,BS3 7AC,C,2025-08-10
0af1949b-47a2-47e0-ae5d-489d6f9b2879,51.663693,-0.383158,421352,1,flat,London,KT33 5SR,D,2025-05-06
1ab1a738-5d85-483d-bda9-c6c8b13fcfdf,50.875933,-1.468964,224144,1,flat,Southampton,SO3 8HK,B,2024-10-18
4bc3e5f0-dbb2-4f3f-9c1f-b2c313034349,53.56431,-1.655321,469590,2,detached,Sheffield,S9 5ZH,E,2025-06-24
34e74d47-f870-48d5-976a-1615d32766d6,51.300935,-0.460235,1078871,2,detached,London,BR30 4HX,D,2025-06-24
97f70df0-b088-497a-a119-24d0c008d956,51.50588,-0.984648,449452,3,flat,Reading,RG35 8SA,E,2025-07-21
b0861b3a-74ac-430e-bbf9-f5e05211765d,53.908481,-1.374379,395100,2,flat,Leeds,LS14 8NK,D,2024-11-26
6fd49080-5f1d-43cb-8df0-5100fee38f56,53.405236,-3.137961,648565,3,detached,Liverpool,L4 7SH,E,2025-04-22
964ea8aa-eaba-48f3-b3cb-0eedc0d5e1f6,51.768322,0.028499,615093,2,flat,London,IG4 2PO,B,2025-06-08
115cc4ac-ef01-49ab-8fd7-cd9646a1679c,53.344754,-2.94601,268950,2,detached,Liverpool,L34 1NF,E,2024-10-04
cc21742e-b9e0-4c1c-83eb-0be6ebe6ccac,51.757489,0.118116,681429,3,flat,London,SW5 4FC,F,2025-07-02
1e34a24f-5281-470c-8604-95aa252b9842,53.353985,-2.270971,337477,2,terraced,Manchester,M9 4JM,C,2025-04-29
eafb5a6e-8d82-46ec-9e3c-1432c241f3b0,56.082339,-4.322993,226212,2,flat,Glasgow,G9 4TU,E,2025-07-01
a7b5ac22-d5af-4621-9a34-52553b2f175a,55.642813,-4.272784,425036,5,flat,Glasgow,G14 4TH,D,2024-11-29
77376bf6-3c2a-4b04-88a8-751818729c24,51.368739,0.21007,339086,1,flat,London,EC10 2ZJ,E,2024-10-13
60ec837c-8697-417e-b6d4-df6db51bba4f,51.784657,0.481253,659257,2,terraced,London,W19 7DL,E,2025-01-02
2bea1387-34e0-45d7-b19c-ff89ea804981,52.978524,-1.054009,727212,6,detached,Nottingham,NG35 4BP,C,2024-11-14
63f90b3e-a8d5-4011-aafa-ad987f91b07f,52.065544,-0.73286,445042,2,semi-detached,Milton Keynes,MK3 0LZ,C,2024-11-23
3e8c6842-2c71-4775-aaf5-a45a9c55a56b,51.51348,0.017085,1020578,3,terraced,London,HA17 1CM,C,2025-06-18
0495adc7-13d8-4d9c-9fb7-f5985cfe915d,51.689981,-0.135121,486902,1,maisonette,London,KT9 4JP,F,2025-02-28
1418591b-3e6c-4fda-b651-611da8afd74c,52.115292,0.09373,690750,2,flat,Cambridge,CB29 5PO,F,2025-06-11
19770c49-911b-4d40-aa49-2ea7cbfb2ba7,53.534023,-2.347652,372756,2,bungalow,Manchester,M13 9GS,D,2025-05-16
b7465909-b869-4d05-910e-3e1a1e2dc5cb,51.219427,-0.392749,570267,1,flat,London,SW35 9AD,E,2025-05-22
d8c35f18-65ce-421f-a63f-abc08dfcd886,55.841756,-4.485167,344949,4,semi-detached,Glasgow,G17 3JX,D,2025-06-26
cdd00f51-46f6-44a9-a121-8077d95b59b3,50.81055,0.015036,715085,2,terraced,Brighton,BN13 1TX,D,2024-11-16
4a7d6d99-5493-4ed3-ab06-ab931e7202c5,53.456395,-2.439921,391269,2,flat,Manchester,M35 3HG,C,2024-12-08
5637dfc1-2bcd-4f5e-bbce-330ef892f7fc,54.629399,-5.787978,430774,4,semi-detached,Belfast,BT19 8TA,D,2025-02-04
957368e5-f857-4fdc-a70e-1d3d584eec7a,51.233401,-0.239543,558731,1,flat,London,DA31 0KE,D,2024-10-28
54b7444b-5ccf-46f8-890a-111c7c76e4cd,51.847384,-0.262852,934185,2,semi-detached,London,DA2 4PB,C,2025-04-17
aaf5271f-1eea-41dd-a02c-7ac54697494a,53.778524,-1.340592,622781,2,detached,Leeds,LS7 0SB,E,2025-06-09
7039c6a0-2bc6-4f51-939e-e53243ee69de,51.407271,-0.026611,950281,5,terraced,London,EC33 8OW,E,2025-01-24
7bc629e5-299f-45bb-be0d-59df4a47f45a,51.416608,0.117412,540203,2,terraced,London,EC15 9NE,D,2025-08-18
59ecb5f6-68d6-4b80-aa36-79ccda799b2b,53.764649,-1.472485,383360,2,detached,Leeds,LS8 7DN,E,2025-03-13
506b2950-9416-4583-9c82-9c9be345baa9,53.260037,-2.025455,470265,4,maisonette,Manchester,M24 4FC,E,2025-01-03
8aa39bca-750c-479f-a642-dcfd2cc436bf,53.446276,-2.189963,333132,3,semi-detached,Manchester,M11 2RZ,G,2024-09-20
77f9d00a-3a80-4a21-851e-927ead057e93,52.640608,-1.970761,813030,3,detached,Birmingham,B28 8NM,E,2025-08-22
294bb401-74da-4223-aba9-9c0bac2991a5,51.895884,0.00443,1183134,2,detached,London,CR20 3DA,C,2025-08-20
f1853194-ce9e-420a-85eb-716500d0330d,51.688473,0.156646,783040,2,terraced,London,SM31 5JP,F,2025-01-31
15f54d1f-c147-4826-bb7e-eae77081bf7b,51.058835,-0.317972,850982,3,maisonette,London,E2 3UA,G,2024-09-24
57c49712-8ad6-4cca-af24-13e1ca8fb332,51.745101,-1.309513,798714,3,terraced,Oxford,OX11 1UG,A,2024-12-10
aeec7e45-727a-4190-a827-e3be255e2d82,51.518057,-0.929439,1005959,2,detached,London,EC9 2DM,E,2024-10-28
f75ba1db-0bbb-432b-827d-61d21d7abce4,56.001784,-4.3638,305922,2,flat,Glasgow,G23 5PM,D,2025-08-18
dc0316f1-dd06-4852-9c14-e5d52fe6c204,54.633665,-6.066073,232484,1,maisonette,Belfast,BT9 9RU,C,2025-06-21
81243861-cadc-4235-b139-e645e073d1b4,51.353348,-2.519886,297048,1,semi-detached,Bristol,BS4 2YO,B,2025-01-29
7e5b6f11-7067-4063-a4c7-f18053120201,52.932906,-1.219744,313368,2,bungalow,Nottingham,NG13 2HT,D,2025-02-08
b7e0fa62-4cf6-4361-b202-bbc4703bc166,53.995507,-1.08688,488742,1,detached,York,YO18 3NW,B,2025-01-22
ce80d9de-6940-4f19-a65d-821b7dfd4ea8,52.176932,0.145945,351962,1,flat,Cambridge,CB21 3RA,F,2025-06-06
38f0bf26-c74b-401b-bfa5-beec5161df75,51.750082,-0.016754,686947,3,flat,London,N16 8WH,E,2024-11-09
3bd0e865-6a91-414e-a691-979dd9126831,52.446733,-2.052251,383914,3,terraced,Birmingham,B5 0CT,D,2025-04-23
caafd61f-21d5-4986-ae69-0275fa0d0c0a,55.044269,-1.777666,284883,2,terraced,Newcastle upon Tyne,NE31 9FH,C,2024-12-29
d5e49f36-31c0-4ae9-87f3-7a1b4282b4fc,51.517083,-2.770517,546797,2,bungalow,Bristol,BS19 2EJ,C,2024-11-04
ee24e360-b28d-4c26-a284-ad33d4893773,52.434541,-2.161433,491553,2,detached,Birmingham,B8 0MK,D,2025-08-28
d9132e41-8a89-4035-8253-f028b367b331,55.976681,-3.231071,463619,2,maisonette,Edinburgh,EH32 3KL,E,2025-01-11
3d33d113-616b-402b-a4ef-5a42c52e177b,52.439059,-2.127063,327893,2,terraced,Birmingham,B10 0EA,F,2024-11-13
5227d33c-46f5-40a5-b1f5-5d50ac3ff343,53.82302,-1.632925,403907,2,detached,Leeds,LS4 4WM,F,2024-10-28
04a6a1b5-6b97-45cc-9ce4-1380414ccd4c,51.485712,-2.661266,626511,4,flat,Bristol,BS17 8AZ,C,2025-05-24
441ea52e-52ba-4e93-a8aa-3134dc0c5bfe,52.396039,-1.523127,370292,2,semi-detached,Birmingham,B17 1HL,E,2025-04-02
e18ab7b3-e269-4042-ad1c-abcc8e7aaca1,52.347898,-1.613107,216217,2,bungalow,Birmingham,B30 4PO,C,2024-11-07
e898adc8-1cf8-41ae-b0e6-3a20aff99df2,55.776311,-4.42259,279536,2,flat,Glasgow,G2 7OO,D,2025-04-07
d9912355-27cf-481f-899c-5b9258ca58dd,53.798321,-1.729169,405567,2,detached,Leeds,LS4 9WY,C,2025-06-15
20032e3b-c86b-4ba7-b6cb-ef19bd715374,52.468984,-2.032357,364065,2,flat,Birmingham,B22 2PT,A,2024-12-16
664298f0-fd1d-435b-8ab3-589400d3bc8a,51.990309,-0.795041,350222,3,flat,Milton Keynes,MK17 7KN,E,2024-09-28
86874b6c-b8ad-4751-b95c-d7fdad2b814d,55.677025,-3.953898,297717,3,semi-detached,Glasgow,G30 3PZ,E,2024-12-03
1167e568-ad45-4eed-b42f-43739add2cc6,53.429426,-2.000377,378992,3,flat,Manchester,M34 7TN,E,2025-07-05
d2e2b124-b5cb-4bee-8b8c-66fb1fb382a7,52.491193,-1.948142,225688,1,maisonette,Birmingham,B10 5AW,B,2025-07-16
76a3c0b9-b50f-4e49-bbbf-f21d9d73464b,53.450164,-3.244266,323394,3,semi-detached,Liverpool,L32 3NZ,D,2025-07-23
73789ab0-272c-4589-92ae-0f86fc4a1ac3,50.822393,-0.276303,1032214,6,flat,Brighton,BN32 4YY,E,2024-11-26
fbdd5eeb-c226-4acc-859e-d20c240a4e91,51.604238,-2.417067,257730,1,flat,Bristol,BS16 2NO,C,2025-02-22
f1334c02-7336-4214-8b08-39e62ef842b7,52.316201,-2.070536,209673,2,flat,Birmingham,B34 0AF,F,2024-09-17
a7fa6c9d-e2ad-44f3-9b47-acd4a58ebb4c,50.815156,-0.205248,345718,2,flat,Brighton,BN17 5XJ,E,2025-06-14
13b2672c-957f-4369-b7a4-5080c96b6f99,51.362637,-2.603556,1030810,4,detached,Bristol,BS25 7UU,B,2024-10-16
4a818a01-8ba0-4ca2-9ebd-3742ceebecbc,53.554979,-2.936552,406593,2,terraced,Liverpool,L14 4BO,D,2024-12-30
39a3ce2b-ac7f-4e64-a01a-0d6f2f3d15ac,55.965165,-3.06847,409383,1,semi-detached,Edinburgh,EH9 1TA,E,2025-07-09
fe20b9cf-6214-4fff-aa81-6228d7891f27,50.950978,-1.265694,382911,1,semi-detached,Southampton,SO22 6NS,A,2025-06-07
21f550d3-e5fc-405a-bc45-79d1d683da93,51.834035,-1.223602,1958054,6,detached,Oxford,OX3 3ND,A,2024-10-14
72fbef73-f7db-48b6-bea5-7f25ac01de18,51.647719,-0.328585,719527,2,terraced,London,UB31 2NJ,F,2025-02-01
e37f4bc6-2d6d-4304-9b9a-6f79f7109b29,53.527464,-2.18649,455020,2,detached,Manchester,M35 4OY,F,2025-02-12
7d6556d0-2804-4460-bc65-ae8446631752,55.89028,-3.262407,317980,2,flat,Edinburgh,EH7 7EO,E,2025-06-12
64768f31-7a1e-4fe6-8136-bdfe2406266c,51.604802,-0.114288,503509,2,flat,London,DA2 4FY,D,2024-11-28
c1ae063d-19be-47e6-abd7-128554a13786,51.387223,-0.545701,813424,2,semi-detached,London,N28 1NC,C,2024-10-07
6f6618ea-b17a-4587-aad2-b02fac9df8c7,53.326516,-3.058575,284257,2,flat,Liverpool,L17 5CY,E,2025-05-08
0b8b230c-8e0f-4c58-af3d-6f725a9d7661,53.918533,-0.818642,401034,3,flat,York,YO19 5DE,D,2024-12-02
afdbc8b4-b44c-46df-a058-638de853d6cc,53.803937,-1.396096,265241,1,semi-detached,Leeds,LS32 4ZT,D,2024-12-21
8edc3993-5f7a-40e4-8c41-17c9d5679b54,53.656659,-1.590329,324644,3,flat,Leeds,LS13 1LJ,D,2025-06-17
1987a255-ca7f-4934-9b62-5a1dc540b377,51.522756,-2.779573,951161,2,detached,Bristol,BS32 2KM,D,2025-07-11
8a6c5ff7-afb2-4b77-b96d-54dfc7572097,53.026567,-1.261707,423856,3,detached,Nottingham,NG5 4JR,C,2024-11-12
186c4f80-d286-4353-89b5-302b5cfacb81,54.030251,-1.075056,286111,1,semi-detached,York,YO30 4CS,D,2025-08-19
577688f3-81cd-485e-801f-7cdf921f020d,56.015899,-3.244927,342150,2,flat,Edinburgh,EH29 9DS,F,2024-12-25
ac9883b6-6e4f-4431-916d-581c261aad94,52.051414,-0.836786,876552,4,detached,Milton Keynes,MK2 5OX,C,2024-11-10
68e646ef-0411-497c-9303-ee254f8e69ee,51.456832,-0.055807,1057343,2,detached,London,BR16 1AU,D,2025-08-10
0ac30b01-a398-4fcb-b939-1e6326304eda,52.020357,-0.800886,460971,1,detached,Milton Keynes,MK18 2PM,D,2024-09-12
aa815a35-0da4-4f0f-998d-ce3b0cb686f6,54.539019,-6.024461,383480,3,bungalow,Belfast,BT29 0MW,F,2025-03-13
a2ed395e-4465-41e7-899c-7f37c003968e,55.857743,-4.165991,271752,3,flat,Glasgow,G10 2SC,E,2024-11-26
a96972e4-3682-4236-856e-77430aba1eaf,51.149589,-0.125963,1018602,4,flat,London,EC14 6PT,C,2025-03-12
6421d37d-91af-4601-954b-c2ef7940002d,50.815659,-0.385432,449286,2,flat,Brighton,BN7 1WO,F,2025-03-25
7ca87fa1-0fa9-4ae9-92ee-bad6e86cef46,52.52727,-1.928622,302630,2,flat,Birmingham,B12 2TX,E,2024-10-10
4caab7b8-460c-4a3f-a18e-a006b6cfbd73,51.597118,0.038612,743143,3,terraced,London,W1 2XG,B,2024-11-15
e616d6f6-1992-438d-af6c-dcafe36fafa7,56.033072,-3.299242,784783,2,detached,Edinburgh,EH15 0WS,B,2024-12-29
84af1bad-bfe7-43f4-8855-415e361b833b,53.517737,-2.427405,329327,4,flat,Manchester,M1 5HO,A,2024-10-17
20c59064-78e8-4716-94eb-6ff66f89e2d1,53.764909,-1.382884,201034,1,terraced,Leeds,LS12 3YK,E,2025-02-01
829c922b-b591-4a17-921e-4b2573d7e379,51.279935,0.095475,718316,2,semi-detached,London,CR29 4XA,F,2025-02-17
036d2359-9148-4d23-8e20-4401a839fdd9,53.775671,-1.557757,446795,1,detached,Leeds,LS5 7SA,D,2024-11-10
046eda2f-afbf-4924-a675-33f30efc9874,53.82534,-1.487428,180923,1,terraced,Leeds,LS20 7NF,F,2025-06-14
cce52db8-e86a-4211-a713-3006b62e5eb1,52.459306,-2.004135,603155,5,terraced,Birmingham,B18 1SD,C,2024-09-29
ea597534-52ce-456c-a865-af10054620be,52.977644,-1.267641,201426,1,flat,Nottingham,NG33 0CG,E,2025-04-30
1a0a9be9-5a69-4454-b0f5-c295b493b87c,52.528073,-2.15953,298822,2,terraced,Birmingham,B31 4WW,B,2024-10-22
ab03f3c0-2c97-44fc-8925-5a9a22ce3696,55.937765,-3.304737,550882,2,semi-detached,Edinburgh,EH7 4OR,F,2024-10-12
da6a68ff-02a4-4854-8dbc-50fd35c192f2,54.691717,-5.7702,195628,2,flat,Belfast,BT13 7JM,D,2024-11-15
875d4fe0-cdcf-48a4-84c4-1513cfdfc0aa,53.538642,-2.262507,369853,1,detached,Manchester,M13 5DP,B,2025-02-01
bcff6e14-63fe-49b2-b896-6178ad05bd36,51.443853,-3.120522,535514,3,maisonette,Cardiff,CF7 6UJ,D,2025-03-11
1ebd16ab-12ed-47e8-a529-c1c7a35a6e17,53.309586,-2.468695,302450,2,flat,Manchester,M22 8NM,B,2025-02-25
2845f8b6-ff6c-4fc2-9a49-12da2352d52e,52.711124,-1.844002,228496,2,flat,Birmingham,B12 1GO,A,2025-01-28
9a7d7898-3a08-4081-99b7-24790352450b,51.494412,-0.096771,1504390,4,bungalow,London,E32 8PF,F,2024-09-25
2785110d-7add-406a-9429-2b24c40de35a,51.339877,-0.624894,828531,2,terraced,London,EN13 5RY,B,2024-12-28
a4416bc4-952f-4f45-bcae-d8c9b3a1f028,53.50661,-2.241084,340791,3,semi-detached,Manchester,M4 5FU,E,2025-06-27
8ff5e00f-c528-4e58-9bab-f64bdd41b203,51.420677,-2.528932,341078,1,semi-detached,Bristol,BS20 3AE,D,2024-10-15
ab6a566a-4f7a-4f27-9f23-c5df4d7b6ae9,53.508199,-2.473928,136684,1,maisonette,Manchester,M23 7SK,C,2025-05-24
03f3b6ba-9045-46da-9efa-27c812d20a7a,54.928234,-1.518143,421624,4,flat,Newcastle upon Tyne,NE7 1NH,E,2025-03-05
2752f4e4-4deb-4256-ac84-5dbfef6d8de6,52.267596,0.070605,675594,2,flat,Cambridge,CB1 2PH,C,2024-10-12
cc6cb11a-9cb0-4442-804b-9f559eda720b,51.745182,-0.477342,704569,3,semi-detached,London,E12 9HW,E,2025-03-06
078598bd-9fd5-476b-a483-2993c32d72b8,52.421232,-1.766136,441650,2,detached,Birmingham,B29 1GB,C,2025-04-03
4ff5771e-a0b2-4181-96c3-a49af35aee72,53.242372,-1.52588,322738,2,flat,Sheffield,S4 0KF,E,2025-08-19
a4ee6425-63ec-4b4b-866d-019a34560258,53.673537,-1.487867,251829,1,flat,Leeds,LS2 2LM,D,2024-09-06
aa476e69-7d4a-4162-94b6-9e656606a7d6,53.752589,-1.561122,185514,1,flat,Leeds,LS27 2RO,C,2025-02-19
cd3f45c5-03ed-44b3-a8de-e32151a77b56,51.493503,-0.474199,442587,1,flat,London,W24 3ZG,E,2025-05-30
9de3f28a-9784-4489-bde7-c9ff7cea4d8d,52.537527,-2.100189,550703,6,flat,Birmingham,B5 2BB,F,2025-02-26
9a4b0b8b-3e21-40f5-a69a-0d4b824b8f88,54.945695,-1.543811,274115,2,bungalow,Newcastle upon Tyne,NE25 2EJ,E,2025-03-16
57430b03-526b-4057-9024-c5fec6cd51e4,54.635513,-5.870936,451078,2,detached,Belfast,BT9 7JZ,D,2025-01-06
a4f0f1ca-88aa-4afa-bce8-439c93134ff2,53.803924,-1.664371,142806,1,flat,Leeds,LS32 0OZ,D,2024-09-17
99ae4051-ed90-432d-baf6-e6d24d3c36ad,55.100172,-1.45015,290345,1,detached,Newcastle upon Tyne,NE10 9OB,D,2025-01-03
bc046a62-ce1d-44ca-90b5-50e841fffc85,55.888591,-3.230535,452570,2,terraced,Edinburgh,EH9 4ZS,F,2025-05-24
7717f60f-b586-4ebd-999c-e142d964a420,54.979021,-1.563999,244459,1,detached,Newcastle upon Tyne,NE15 6CL,G,2025-03-29
108abb5b-a91b-4348-a303-70e27e583f53,51.456304,-0.975115,388792,2,flat,Reading,RG18 2CM,D,2025-05-13
b111973d-9551-47bc-8d02-7640f2c81ef8,51.572197,0.079639,490480,1,flat,London,KT26 4EH,D,2025-06-27
390b0611-2f35-421e-88b0-e89809b4089b,54.649856,-5.835061,183423,2,terraced,Belfast,BT18 3CM,C,2024-12-09
27d75f2a-025d-484f-b257-30fa40f68c83,52.645042,-1.882349,298271,2,terraced,Birmingham,B22 0KL,D,2025-06-13
3cd7d977-6dd3-456a-85ac-d01ed949400f,51.678282,0.424336,987230,2,semi-detached,London,NW5 3ZO,C,2025-05-06
792e6e2a-602d-4afb-891c-06491fb27cce,51.537186,-0.126327,625499,2,semi-detached,London,DA14 9XU,F,2024-10-27
f18c690f-9a1f-4091-b1a4-9ca5bd3a1d5f,55.972707,-3.229245,276632,2,flat,Edinburgh,EH30 6PB,E,2024-11-01
dd0c5ad8-4a90-4c0f-85e3-878c33d06787,50.786427,-0.162806,751182,2,semi-detached,Brighton,BN26 0BM,D,2025-03-09
e533fb9b-55dc-4692-8e8f-2c6608812051,51.279961,-0.386682,589061,2,flat,London,UB9 5TX,C,2025-03-11
00ef3586-1742-4552-ad1e-aa1ade9b1b60,53.883117,-1.289242,247200,1,flat,York,YO19 3TZ,B,2025-05-15
b56e5d65-45db-4bdd-b134-be4b6bc2e9a4,51.340801,-0.260036,686761,3,flat,London,BR4 7HH,D,2025-08-06
15276b1b-70d1-49ae-9d31-10708b7f19ec,51.581061,-0.100666,554121,1,semi-detached,London,DA18 7WG,E,2024-10-29
bfa0e47b-8ebd-46d0-8f77-e63f36bf630b,52.607153,-1.697423,358145,3,flat,Birmingham,B14 8XZ,C,2025-03-20
85181a23-329d-4336-b440-9a7c8fc9483c,51.235465,0.142279,586950,2,semi-detached,London,UB29 2BO,E,2025-02-07
f03e0aef-8cec-41a5-8412-61374074e076,51.529927,0.179297,1559397,4,detached,London,WC32 2AB,D,2024-10-21
599b7fd4-38ad-430c-8a1c-ce743de29c4c,53.5301,-2.256749,218025,2,bungalow,Manchester,M2 6CU,E,2024-12-08
8afb4706-2090-4e79-9256-688f3dde4574,52.242576,0.316607,744365,3,terraced,Cambridge,CB1 5ZT,C,2025-03-17
97a1871d-9b08-40eb-a309-0e2f25a9946e,53.365395,-1.367964,243577,1,detached,Sheffield,S12 5UU,A,2024-11-12
bb24e73f-4bac-498e-9ad2-b34f724b27a8,52.01178,-0.783147,312842,2,terraced,Milton Keynes,MK3 0ZP,C,2024-10-10
c62e1ff5-318f-4e3f-a538-6fbf43d0f4cb,51.661799,-3.301946,228181,1,flat,Cardiff,CF2 2LW,D,2025-03-20
cf0402ec-ad44-4cc2-ac4a-1cfba6d7cdf4,51.592488,-0.069896,510565,1,maisonette,London,CR11 5UW,C,2024-11-14
c26c3c9f-f786-4839-ada2-87d758c45aff,53.757814,-1.399926,303054,3,flat,Leeds,LS33 9GR,C,2025-03-10
be21477f-d254-4886-b750-b6990518804b,53.39082,-1.716726,508796,2,detached,Sheffield,S35 9AM,C,2025-04-07
2b391db4-caf9-4680-9581-41ba18a95b4d,51.397222,-0.991325,421345,2,terraced,Reading,RG14 0FF,F,2025-04-01
b2cda8e8-7d4d-485b-b81c-473c4820d989,53.401818,-3.104677,470106,2,detached,Liverpool,L35 5YB,F,2025-05-24
83066bcc-2f87-480b-a8a8-e833506a6eb4,53.545499,-2.108627,202338,1,flat,Manchester,M21 0KP,E,2025-06-01
a3424088-0c64-48b0-9e3c-0e65f7f51d7c,53.594445,-2.377727,641454,6,flat,Manchester,M12 3UH,D,2025-08-24
48384dfb-2731-486e-a2e3-9a7276f80983,51.59871,-0.48652,958918,4,flat,London,WC16 1DF,E,2024-12-13
db073f6b-2368-4d91-bcfb-6dfe6925b2ae,51.431966,0.011242,1017692,5,flat,London,KT1 3JA,F,2025-07-02
4dd738f1-79dc-4e2e-af73-d1e040f54cd6,55.915354,-3.267516,475809,2,bungalow,Edinburgh,EH23 4LU,D,2025-06-26
bdc4e3e5-dc78-4f03-bfcb-4e4dfc3f3e18,51.509858,-0.118368,1307126,3,detached,London,DA21 7LE,F,2025-02-22
1650a6d0-df3f-4698-a9f1-2788dbc5be15,51.851419,-0.065444,636914,2,flat,London,SW32 4ED,D,2024-12-28
69afb6c3-7a23-41e8-bbe2-d34b792616b0,50.781586,-0.178317,662532,2,terraced,Brighton,BN1 6CT,B,2025-01-24
13586ac6-7e9f-4bf3-9987-65f330d3025a,53.457886,-2.232241,337845,2,semi-detached,Manchester,M11 0GR,E,2025-03-22
28279235-a06e-4acb-98ca-dbe0de1c6918,51.534522,0.037143,655600,2,flat,London,KT14 9LH,D,2025-07-28
f727b2fa-7d30-4b54-b989-c15bc63064e1,53.436487,-2.179156,384100,2,semi-detached,Manchester,M7 3UG,F,2024-09-20
c4961572-4bcd-45b4-947f-abf30d36a481,50.824757,-0.239512,430470,2,flat,Brighton,BN35 2NH,F,2025-07-25
2cffda84-84b9-4359-a91d-8a306fcf0adb,52.94539,-1.265139,265076,2,flat,Nottingham,NG19 7MM,B,2024-10-26
b2e500b5-83ca-4e3c-a02c-901529e965aa,51.436737,-0.05207,864011,3,semi-detached,London,HA20 1MN,D,2024-12-06
23e604dc-2fa0-46df-9ec1-56c1b50c0a62,51.597674,-0.127103,645846,2,semi-detached,London,N23 1CG,F,2025-06-20
e87f0dcd-d532-405f-afdb-981613e2d8e4,53.044426,-1.077142,373065,3,flat,Nottingham,NG19 2FH,C,2025-06-07
2e269dd2-1edb-4ccd-b44e-8ad312cc6f79,51.480908,-2.810684,712884,3,detached,Bristol,BS20 3NE,E,2025-01-08
8da0d13c-ebc4-4c8d-a1a0-c8b61aabca50,51.47775,-2.68767,535381,2,detached,Bristol,BS3 2SC,C,2025-08-23
70ca9e4f-c7ad-469f-8af2-4b24946217e4,53.73237,-1.612991,275525,2,terraced,Leeds,LS9 0RH,E,2025-02-01
78c4a096-ed38-4bdb-923e-a26b8166c63a,55.905894,-4.170225,193752,2,flat,Glasgow,G32 6RJ,B,2024-11-26
8b2a632b-3132-4279-881b-62a6d5b6328d,50.921047,-1.392382,252826,2,flat,Southampton,SO35 3FC,B,2025-02-25
e22e61e5-fe35-46fc-84b8-b83e85e4f12c,52.107184,-0.867372,560760,4,terraced,Milton Keynes,MK5 0KM,E,2025-04-01
c0044bd4-d91e-4001-9e50-dcb3cc354b08,51.726371,0.047911,2445351,5,detached,London,SW23 1GN,C,2025-07-04
8c4336c5-71c3-401e-a076-a48d6047bb2e,52.076443,-0.824673,841751,6,semi-detached,Milton Keynes,MK30 1FC,E,2025-02-23
4e0dff40-da9d-4572-9121-26a6d3ebf362,52.545169,-1.965788,399039,5,flat,Birmingham,B10 9ZY,E,2025-05-07
4d086b7a-5ea7-4fad-9668-2391385faac3,51.571785,0.123855,863332,2,semi-detached,London,E19 2JE,D,2025-02-23
5e844cbf-8a57-4441-85b4-80cee759582d,51.552251,-0.873415,294792,1,terraced,Reading,RG18 0SJ,E,2024-10-23
fb7eead5-0d7b-4164-a7de-adb6be879878,52.028292,-0.713989,871269,3,detached,Milton Keynes,MK25 4BS,D,2025-05-05
6c33f0c6-504e-4f45-903f-d45ccd021b8e,54.914135,-1.416977,204471,1,terraced,Newcastle upon Tyne,NE11 6RD,C,2024-12-23
508f7718-c2e5-4d55-95a0-8d2e22518be8,53.582547,-2.450783,208565,2,flat,Manchester,M4 7OS,D,2025-03-13
8d4cc6b4-86bb-4a77-929d-7bd40b1d7cc3,53.464664,-2.243817,236276,2,flat,Manchester,M28 4NM,C,2024-09-15
95a370fe-6218-41ad-8721-5520752326fc,51.396271,-0.334797,796745,2,semi-detached,London,EC16 2RN,D,2025-07-11
2646abfd-7510-4f96-9756-c2f14bb3f776,51.592828,-3.235948,395209,3,terraced,Cardiff,CF20 6XB,E,2025-03-17
27c31419-9a1f-4487-9e23-ea5e2b165256,51.524017,-2.347124,497784,3,semi-detached,Bristol,BS32 8UJ,E,2024-12-27
b108ae4a-f816-4cb2-9dbc-9c55d9c73264,53.752061,-1.403581,324865,2,flat,Leeds,LS27 8DA,C,2025-07-14
65c3f75b-4f78-4b22-9822-7e49d3884a62,53.834684,-1.689623,414685,4,terraced,Leeds,LS32 1OE,E,2024-09-30
6ef8e9ce-ab0e-414a-a503-899365b8a878,53.51806,-2.201659,300359,2,flat,Manchester,M7 5NB,C,2025-03-30
34c6c7d8-c1d7-4cd6-820a-7a0a3d95489a,50.911262,-1.466483,254862,2,flat,Southampton,SO14 5ZU,D,2024-10-13
0ef306f0-9f78-4562-b74c-2e8f6c2a6bce,55.708087,-4.334657,293203,2,terraced,Glasgow,G7 4XS,C,2025-06-08
7a5856c7-d80e-417c-930f-659d7517a407,53.571957,-2.31207,361005,3,flat,Manchester,M6 5AW,E,2025-02-17
1a1abee9-4ec6-4f74-9efa-6916b2f1ab6b,53.464515,-2.359178,635189,4,detached,Manchester,M9 8XE,E,2024-09-03
3ddb7bd6-6ab6-4e55-9849-e5f02f7b8c33,51.338951,-0.614852,1524215,5,semi-detached,London,IG1 6ZJ,F,2025-01-29
8451ac7c-6fec-472b-b965-429487245264,53.315176,-2.305276,305529,4,flat,Manchester,M21 5OK,C,2025-08-31
80de7ed0-fb4e-4746-831a-bd5f40f14336,53.509856,-2.150688,247900,3,flat,Manchester,M27 4KO,F,2024-09-28
cdce727b-8064-48e2-bf8b-52e3eb54c6b7,55.778338,-4.433032,347160,2,bungalow,Glasgow,G19 5LB,D,2024-11-28
765f0c32-cd97-4b63-8b34-c4d066651f0c,51.834561,-0.470089,493492,2,flat,London,DA31 7WB,C,2025-06-26
5d0a0083-2138-4cdf-bcf1-1a799d4bd6e8,55.953189,-4.357683,932457,6,detached,Glasgow,G15 4SL,E,2025-06-30
dcc73171-b9aa-4c59-b7b5-cc298810efc4,52.93768,-1.196759,393740,3,semi-detached,Nottingham,NG5 5PL,D,2025-03-29
4999701e-1986-45ba-a143-d92904c43897,51.393728,-0.451202,767240,3,semi-detached,London,N10 0YH,C,2025-01-19
00ea6ce6-f4d4-43a9-b8a7-86283fdfbb16,52.186284,0.130382,408808,1,flat,Cambridge,CB24 7HF,C,2025-08-15
e0b8a968-849f-4c9b-90ae-5c0ea4981ce2,51.556564,-2.380283,750346,4,semi-detached,Bristol,BS6 2JE,C,2024-09-07
685b1ec6-4b87-427f-804a-017315f0aad4,55.8766,-4.411504,292029,2,terraced,Glasgow,G19 7ZP,B,2025-08-09
e39997d8-405e-4fd4-81f8-b05fe17cad73,51.509148,-0.18507,526050,2,flat,London,SE28 9KX,F,2024-12-01
09725e2b-96a0-47eb-b4d0-d816dcbd5e85,52.857368,-1.071269,222546,2,bungalow,Nottingham,NG7 8NJ,F,2025-07-20
8d796086-dd1f-4e66-a305-78bc9593a536,56.086245,-4.59757,144591,1,flat,Glasgow,G15 0GE,G,2025-03-18
7b488e0c-7e7a-4eba-a5b7-40416e731f6c,52.973041,-1.004103,274033,3,flat,Nottingham,NG9 0WF,F,2025-04-29
9678d374-b01e-4373-8ec0-ed97435fc2b2,55.011684,-1.682202,252006,2,flat,Newcastle upon Tyne,NE7 2CN,C,2025-03-26
a045dc94-1285-467a-830d-6409b774bfb5,53.578451,-2.879096,318066,2,semi-detached,Liverpool,L35 0BO,C,2024-10-01
ac2d9373-cfff-4f4e-930e-a839950037b2,54.948291,-1.570057,445581,3,semi-detached,Newcastle upon Tyne,NE13 8WX,E,2024-09-04
0c5cd590-4117-4faa-8307-b84a9643c022,53.355373,-2.846394,182487,1,flat,Liverpool,L16 6WZ,A,2024-11-06
2f28af5d-7960-4d6b-91b0-369d6a246857,54.984256,-1.542816,158540,1,flat,Newcastle upon Tyne,NE20 1RO,A,2025-05-23
6cf0a949-3546-436d-94a5-f873652c2b94,51.782632,-0.03128,600754,1,terraced,London,UB28 6KR,E,2025-08-26
30482643-a85f-43fd-ba2e-abc7b71d7709,53.374579,-2.498881,331673,2,semi-detached,Manchester,M23 0WT,F,2025-06-23
dbc38f0c-5619-4359-aa50-3e6c0f555c14,53.567559,-2.276248,502128,2,detached,Manchester,M10 7OA,F,2024-11-18
04d1fa9d-f27c-4103-8fcf-da88488e3524,55.847877,-3.138092,716493,2,detached,Edinburgh,EH32 7HD,D,2025-01-06
27b533b8-d283-4d8f-920f-ae0b11d12d86,54.990466,-1.794273,473476,4,semi-detached,Newcastle upon Tyne,NE13 2XJ,E,2024-11-12
a88e70d0-fadb-49b5-aab0-b20e36740a32,51.338541,0.049364,430311,1,flat,London,W31 8AN,D,2024-11-26
a0ce5353-d8a7-4743-aef6-7505f70cd638,51.378986,-2.694365,1061688,6,detached,Bristol,BS5 4LA,E,2025-06-15
7f69c20e-ffcc-44fa-8c26-3ca8de0d48e9,51.453191,-2.618954,388833,2,maisonette,Bristol,BS20 2YT,C,2024-10-13
c9d4f46a-2181-4270-befd-f44578fa9f7b,53.874237,-1.746553,301252,3,flat,Leeds,LS24 8FK,D,2024-11-05
92141554-eefe-4936-8f1c-b20889b9d71b,55.043781,-1.554666,277566,3,flat,Newcastle upon Tyne,NE31 7RO,E,2025-06-27
5ef7de5f-fd97-4be2-8aac-0af3554b9bf6,54.718735,-6.074518,344352,3,semi-detached,Belfast,BT13 6NP,F,2025-03-15
6c4ca425-018c-44d7-94ba-28ce036c744e,50.795429,-0.231627,540431,2,terraced,Brighton,BN22 9HX,D,2025-07-14
9141d2ac-c3a0-4eaa-b79c-867b647d3348,54.590912,-5.796383,297095,2,semi-detached,Belfast,BT30 2AN,G,2025-08-31
b0eacffc-5cf1-4987-8fe3-e790c23e9133,51.645344,0.203265,1678000,4,detached,London,N18 7SP,E,2025-06-04
30a979f1-a4e6-4001-bb80-1ce3809768fc,52.491425,-2.041305,319170,3,flat,Birmingham,B21 4RC,D,2025-01-29
e726294e-bba6-42b9-908f-e876a8183df5,52.455049,-1.823843,384612,3,flat,Birmingham,B2 0XZ,D,2025-03-02
d56377ac-7926-45af-9529-8b14832513b1,53.438225,-2.277788,655806,4,detached,Manchester,M9 0NE,F,2025-06-12
594f9610-23dd-4ffc-8b58-70cc554613a9,51.132804,0.13287,817210,6,flat,London,N15 0FM,C,2025-08-01
8da94ae9-5166-48ff-9fd3-2137a477d6f2,51.667312,0.696363,937090,4,semi-detached,London,N29 1CG,D,2025-07-30
2371cf89-34cf-4d44-a017-51da986ca507,55.936474,-4.206022,223561,2,terraced,Glasgow,G30 6FA,D,2025-05-17
1159cfb8-f87b-4ae7-b5cc-fd175a756249,56.060391,-3.286195,491783,3,flat,Edinburgh,EH16 9YB,A,2024-11-16
f9e3aa02-799e-4b6d-a1ce-cdddfe1a5422,51.469314,-2.525276,541776,3,terraced,Bristol,BS35 7FW,D,2024-11-27
ef082ef1-eeb2-42aa-b882-60143eb5b289,53.452282,-2.803342,211459,1,semi-detached,Liverpool,L19 2EL,D,2024-10-08
42b7362d-de3a-49ff-b484-1c251deda639,51.470141,-0.974748,379328,2,flat,Reading,RG14 8NX,D,2025-01-07
23b34d1b-f4ee-4a64-969e-c72756c0a017,50.844991,-0.265942,904652,4,flat,Brighton,BN29 8TE,C,2024-12-04
8ff2faa0-ff85-4f61-9dd5-a06524e767ad,53.617561,-2.145623,236866,2,terraced,Manchester,M28 8XS,B,2025-08-04
8dbca49b-7a88-41f3-bafb-586db0ed22a2,52.442185,-1.809686,470981,3,bungalow,Birmingham,B6 4BR,D,2024-09-04
5a606dd6-e335-495f-ab86-2991df52d715,53.901427,-1.680287,205620,1,terraced,Leeds,LS10 2WD,B,2025-02-24
801561e2-7f33-4d28-bde2-53ef6a483e5b,55.86884,-3.292337,480303,3,semi-detached,Edinburgh,EH4 3TH,C,2025-01-29
66df96f5-6339-4599-94b0-26800c443741,55.857093,-4.333394,585782,6,flat,Glasgow,G32 8NC,G,2025-08-22
50c46c2d-904e-4d9a-90ea-ce64f9b32811,53.641372,-1.552773,465312,5,flat,Leeds,LS27 4NE,C,2025-04-22
f836f7d8-b23d-4c03-a998-50adc0ddc454,53.382647,-1.446474,492776,3,bungalow,Sheffield,S1 1NS,E,2025-01-19
3f463001-e572-48f8-9d34-2f2184344543,51.668078,-0.270122,968804,5,terraced,London,WC19 2TP,D,2025-08-09
7b57ac0c-892a-4737-815c-7ea50ba264fe,51.177624,0.323299,775492,2,flat,London,DA24 6WC,A,2024-11-20
d7c2e59e-e944-405c-9076-b434bb660161,52.892153,-1.524989,281781,2,flat,Nottingham,NG28 5US,B,2024-11-17
300d20fc-30ea-4768-96eb-98ff0b971895,53.560787,-3.005415,256703,2,bungalow,Liverpool,L21 9ZM,E,2024-09-11
22536b02-b78f-4c9f-b776-cb12ba21fd2d,52.456192,-1.930867,567891,4,semi-detached,Birmingham,B14 4XG,D,2025-07-28
263cb59b-b968-4a3a-88fc-321c7f5db3e1,52.482636,-1.973943,377437,3,terraced,Birmingham,B8 8RD,E,2025-08-31
55c703ab-dd6c-446e-a0c8-91492742daca,51.688122,-0.278669,1097059,5,semi-detached,London,SW15 6DT,E,2025-04-08
a594d491-192f-4be9-9856-738f5b28e5e9,53.924784,-1.662851,333318,3,terraced,Leeds,LS23 2GA,E,2025-06-03
2e8fd6cb-a6e6-4c0f-b75d-5ff8420e2968,54.897819,-1.813122,364938,1,detached,Newcastle upon Tyne,NE33 2EC,F,2025-07-12
97f09922-1da1-468f-8184-a79a8e6c567b,53.51918,-2.341989,372511,3,flat,Manchester,M22 6DZ,C,2025-04-01
f652ebdd-65cd-4f47-946a-380de3903e19,52.600864,-1.820834,244193,1,flat,Birmingham,B6 6LY,D,2025-03-08
f3a02ff7-3a10-4c12-8ed9-a3d6ef2be6c9,52.928639,-1.177089,279877,2,flat,Nottingham,NG29 8XL,C,2025-02-16
df1032b2-7803-4fa2-b5d6-2a3096eb8b4c,51.390213,-0.948244,879572,2,terraced,Reading,RG14 3LA,G,2025-06-29
858f28c0-bd28-4a2f-b861-b93cf50c5aae,53.352982,-1.426654,255846,3,semi-detached,Sheffield,S27 0LZ,E,2024-11-11
8e819c0c-c1f1-44ab-9c73-48e9a2fcf2c4,51.94941,-0.701282,354888,2,terraced,Milton Keynes,MK26 1ZW,D,2024-11-18
c013ca4e-d643-4bd4-9430-8c911ec13ddd,53.483451,-2.424774,174796,1,flat,Manchester,M2 0YH,B,2024-11-22
2f8439e4-5f9b-4932-b759-8c525cb0e2cc,55.971247,-4.177265,335732,2,semi-detached,Glasgow,G34 6BF,D,2024-09-14
a0abe3bc-3e65-469f-87c4-3c6d56068ad1,50.827134,-0.248968,472271,2,flat,Brighton,BN30 9RJ,D,2024-12-09
a30507a7-76ae-47fa-8267-5be6388dc919,52.035443,-0.796157,297954,1,terraced,Milton Keynes,MK25 5RO,D,2025-01-05
0dfb701c-fcde-4adc-a327-14a044d893c0,55.890154,-4.25319,351106,2,detached,Glasgow,G33 9FL,F,2024-09-14
2cfa49ec-e8c2-44ce-ab88-5c0cd51f24fa,51.344447,-0.841101,579793,2,semi-detached,Reading,RG30 2TU,C,2025-03-16
fc0271f2-bee5-424f-b517-47de795b82d3,55.936413,-3.23799,350155,2,flat,Edinburgh,EH15 2DT,E,2024-09-16
d82b37c9-67de-492d-badc-0f965776e924,51.414653,-0.446739,547230,2,flat,London,SE32 4FM,F,2024-10-18
d81cbccf-f5df-48d7-8663-b8418cb4d3e1,54.633112,-5.988424,329763,2,detached,Belfast,BT30 5SN,C,2025-04-22
c39fd9d9-a647-4077-871f-4ede9377fd92,50.837453,-0.073205,822359,4,terraced,Brighton,BN3 3AR,F,2025-05-03
aff1a5f6-8ffc-4f99-821b-ca2c51a9c654,53.420956,-2.086395,394763,3,terraced,Manchester,M19 0XJ,D,2024-11-29
a706e66d-5aa9-4f09-88d0-a4721274e2f2,53.841538,-1.6021,257051,2,flat,Leeds,LS18 1DS,C,2025-02-16
d04be095-6af7-46d1-bfbb-0b0d4b7a5080,52.579731,-1.846054,336279,3,flat,Birmingham,B35 8RA,E,2025-04-30
c2d60fc6-3ade-47e1-9422-4bc7ffcb1497,51.447544,-0.091873,664371,2,flat,London,N31 9YK,F,2025-06-09
bd2c9f2e-3836-4b09-a185-aea3db492b4b,53.805726,-1.598222,193839,2,flat,Leeds,LS10 5OD,F,2025-03-11
9858fc54-a6f4-46d9-be04-8517026f2c60,51.404523,-2.562313,546890,2,bungalow,Bristol,BS34 4RX,B,2025-01-30
c783f64c-a0b7-485e-94b8-6d91a4f6b21a,53.391886,-3.02933,283769,2,semi-detached,Liverpool,L8 5LY,A,2025-08-26
c29dc2d4-a71b-4fc1-80ee-305cfbd510ba,51.361641,-2.568901,530251,2,terraced,Bristol,BS5 3DS,D,2025-01-16
9bb28b71-52e3-4a80-9cb6-11a116b594a4,53.475543,-3.018266,344500,2,semi-detached,Liverpool,L23 3LE,F,2024-10-24
03ffad71-a014-47b7-a90e-8f889eb29d7d,55.946958,-3.477525,314645,1,flat,Edinburgh,EH21 8WE,E,2024-10-07
07fd4184-15c0-404d-9f56-9a4175185055,51.585057,0.505715,1053136,2,semi-detached,London,EN8 8SH,C,2025-04-01
e1d6597f-fd1d-40df-8c4f-17c4eff2f756,53.446246,-1.571911,284602,2,flat,Sheffield,S1 7LL,D,2025-06-15
7d9c62e5-cf69-4b7e-b644-3df5cd2e6800,52.997679,-1.248959,269454,2,flat,Nottingham,NG11 9WH,C,2024-12-18
bc8fe6a9-259b-4520-b6d8-f8e9997c5e0c,55.885836,-4.310585,637986,3,detached,Glasgow,G7 4MR,D,2025-08-09
a22b5804-631b-4308-a6b4-9db7b289ebcb,51.762846,-0.043749,890206,2,detached,London,DA32 2DR,E,2024-10-27
0a68afbb-f5b0-4952-9456-387fddf8a8a7,53.750069,-1.691956,168659,1,flat,Leeds,LS9 0OF,C,2025-06-12
c74a8a57-8b94-4c5e-8ba4-c71e0b833c51,51.568332,-0.58598,1298461,4,bungalow,London,EC16 1FT,E,2025-01-25
d6f81de7-151e-46bd-aa8c-bc4c06752d34,51.311568,-0.645886,821393,3,bungalow,London,HA26 6ZR,D,2025-03-01
17a42205-f081-4f32-acfc-94c0b019651e,51.688584,-0.717869,843686,3,flat,London,UB24 1CM,D,2024-09-14
38f3fbf8-bc16-40f0-bb6b-7bd99d46624e,51.200775,0.591452,1263564,3,detached,London,DA2 3ZE,D,2025-08-21
d8e45da6-03ba-4aec-8e79-0ee4c7985d03,53.500091,-2.208469,346034,2,semi-detached,Manchester,M30 9DY,D,2024-11-22
30d47721-e47f-4e0a-8367-376f6a2bf059,52.871568,-1.100861,484720,2,detached,Nottingham,NG4 8TA,C,2025-06-06
eebd3faa-88fe-4d25-9908-3be30363955d,51.318597,-0.59217,725096,3,flat,London,BR16 1CA,E,2025-03-12
842f3d33-0a52-49ec-9697-40d0defd063f,51.547365,0.506205,636383,2,flat,London,CR26 4TJ,D,2025-04-02
1ac0eebf-854a-4ecf-a357-d07067d57170,51.431813,0.114087,638394,3,flat,London,NW13 8PL,A,2024-09-02
db4e6120-c7e7-47c6-b12d-e160235fdbb9,53.677265,-1.656691,476061,2,detached,Leeds,LS19 0CN,G,2025-05-25
a4735bdb-0e5f-4e01-bc78-5a941bfcc98e,55.69914,-3.969443,479765,3,detached,Glasgow,G32 2LU,D,2024-09-25
7201af11-ef3a-4509-8548-0ed8c0239a29,51.585988,-0.107479,922893,3,maisonette,London,HA26 5ZR,D,2025-05-28
40cc3f60-279e-4003-8481-b8312a19b86f,53.842767,-1.522422,227690,1,bungalow,Leeds,LS32 4TN,E,2024-12-13
8260bd29-6e95-4830-9b25-491fed64386e,53.968437,-1.142842,284205,1,semi-detached,York,YO19 4JM,A,2025-07-01
ecdc5ef0-2254-4633-adc4-d861aafc8acf,51.513693,-0.123457,710426,1,bungalow,London,CR21 4LY,D,2025-04-23
44ce5cb1-11e9-4391-900b-224bc1ca45fe,51.377132,-0.66136,405890,1,flat,London,DA4 0NA,D,2025-02-10
1f9b1e8a-dd84-488e-805f-bceaa9e24232,51.574207,-2.422608,426346,2,flat,Bristol,BS10 8WF,F,2024-09-02
141cf1ff-d9cb-468a-b9d5-868610ac9789,53.54816,-1.990317,616441,3,bungalow,Manchester,M31 5HN,C,2024-10-02
caeb9d15-9f8c-4514-8008-98df96f96c73,51.519404,-2.710462,376849,2,flat,Bristol,BS14 6UC,E,2025-08-07
4cd34752-9d83-404e-9122-b913344e8233,51.729188,-0.359032,758742,3,terraced,London,IG34 2YT,D,2024-11-27
24e500ee-5d17-4ba0-aef1-3ccea2ae6647,55.011295,-1.809457,214792,2,flat,Newcastle upon Tyne,NE27 1NZ,C,2025-01-04
f0598adf-f45d-43e1-8a8a-a5e524c35bbc,54.534178,-5.823426,222577,3,flat,Belfast,BT13 3OF,D,2024-11-28
9ef091cc-a6e9-4aa2-a342-eef33e9b2c8b,52.343434,-2.025859,254989,2,flat,Birmingham,B34 0GE,E,2024-11-18
193161f7-2afe-45e1-9398-f93f45a4113f,51.420777,-0.418422,885661,3,terraced,London,WC5 7MY,F,2025-06-05
f5e83ec6-94ac-4a8a-a945-cbd5d27150c3,53.443747,-2.898003,437357,2,detached,Liverpool,L29 4SS,C,2025-01-31
30b1982f-c0fe-46fb-9c9f-17db0a70e25b,51.528494,-0.44473,847834,2,semi-detached,London,SM12 2BS,E,2024-10-23
6ff791e8-8c29-40fb-a790-494b6c02851e,55.664262,-4.313097,484588,2,detached,Glasgow,G35 6RH,D,2025-08-01
df34de65-f2b2-463f-9622-b66b15a9376a,53.939117,-1.048412,418665,2,maisonette,York,YO5 6ZN,D,2025-01-08
d266d834-1954-4539-92a1-e9080492934a,53.874434,-1.102632,474248,2,terraced,York,YO28 5XA,C,2025-02-18
714444c6-e7bd-4e61-aa5e-52e04ced0517,51.526178,-3.207967,815930,6,flat,Cardiff,CF30 5ZS,D,2025-06-27
cefc96d9-4aec-49aa-944b-4b87c3dfe815,51.558647,-0.374735,424570,1,terraced,London,NW30 1ON,E,2024-10-05
20e0b474-c444-45bf-91f6-02d11bd68206,51.477396,0.056844,412867,2,flat,London,SM33 4FX,D,2025-05-27
dfdb20f4-0d32-4a88-84d0-988cf00b7b7c,53.460599,-1.560393,382179,3,semi-detached,Sheffield,S16 3EU,C,2025-08-27
ba7812ed-723c-4153-9fe1-c95fd15c6875,51.535688,-0.155552,878614,4,flat,London,SE31 4SN,B,2024-09-14
65bf267c-2ad8-40b1-a2a0-af52e18a76da,51.618814,-0.406456,870917,3,flat,London,HA21 0YT,C,2025-06-10
8f8aa3c3-c91e-4347-808d-875fdeda53a9,51.288841,-0.439314,1137137,3,bungalow,London,NW12 6TJ,E,2025-02-01
1736ff15-011b-49c5-aecb-b54fc5f5eaa8,52.049798,-0.706103,244079,1,flat,Milton Keynes,MK29 9BN,E,2025-01-14
e74dcc42-e51e-4469-a846-66e31690d164,54.646921,-5.778814,321520,4,flat,Belfast,BT24 2HB,F,2024-09-07
19784c6e-65cc-45af-9c68-8134218eb9f1,53.564258,-2.054331,176619,1,flat,Manchester,M32 3SX,E,2025-02-21
d17f88a1-671a-4186-ba65-3394a42cd705,52.340309,-1.695263,306596,2,semi-detached,Birmingham,B2 2EA,E,2025-06-14
dc2c476d-4cd1-4965-bb35-63f880a0730b,54.881188,-1.615662,332711,2,terraced,Newcastle upon Tyne,NE4 0AY,B,2024-11-20
7fd61886-2a74-4571-b60f-ebbcaa695570,52.844574,-0.959493,203570,1,bungalow,Nottingham,NG33 1LD,F,2025-01-28
2d2178e3-1eb3-40db-be1d-3546bb0009f7,53.32645,-1.473288,660827,4,detached,Sheffield,S15 8RB,E,2025-06-05
93f828c8-cdcc-4a01-839b-7238f7d6c7f5,51.183866,-0.090564,866400,3,flat,London,N5 6XB,E,2025-04-25
dfcbf30a-cac1-4153-95ed-c813be15e916,51.424739,-0.410243,1005688,2,semi-detached,London,EC23 7KC,D,2025-04-27
9093b12b-40e3-4d5a-a477-5a08a8487356,52.525375,-1.804311,354893,2,semi-detached,Birmingham,B10 4HX,D,2025-01-08
37b45d89-b21a-4b7c-86bd-3269388ad00b,51.943055,-0.037682,555615,2,flat,London,EN21 4XN,C,2025-08-28
57344a4b-a63d-4dc6-aea0-1f7552dcd476,54.676675,-5.942451,306913,3,flat,Belfast,BT31 6BX,D,2025-02-03
e645e042-dd6e-4031-8616-338aa15ee374,51.353272,-2.691245,501683,2,bungalow,Bristol,BS10 5TS,B,2025-06-09
616f3094-a009-4516-85ac-09f3f5eeac5a,55.039478,-1.510592,486478,2,detached,Newcastle upon Tyne,NE13 1GM,F,2025-07-26
09d199be-7d37-46ad-ad29-b5f0d83222ba,52.637889,-1.942849,267289,2,flat,Birmingham,B7 4MP,C,2025-03-21
f77148f5-31be-44b0-884f-574b3f4c8be3,51.444856,-0.987419,542785,2,bungalow,Reading,RG28 0TD,F,2025-06-13
6d9bead9-6c2a-4e17-bbe3-2f52508c8d5c,51.409017,-0.928974,317129,2,flat,Reading,RG13 0NY,C,2025-08-02
30aae0c3-1a28-44a2-b40e-adfdeb986b1c,53.62018,-1.763587,167607,1,flat,Leeds,LS30 1BB,C,2025-06-17
ac6d9164-274f-4ef9-b36a-5e89e6c910b2,54.928113,-1.442228,329478,2,semi-detached,Newcastle upon Tyne,NE21 9UD,D,2024-09-13
0dbd22ec-f2da-4fc0-8dba-dadd3d6cb31b,51.420467,-0.073091,344914,1,flat,London,HA15 1NF,C,2024-09-22
e2015bc1-f594-4c88-901b-ed7d1cb13548,53.515144,-2.023092,635034,3,detached,Manchester,M5 1KU,D,2025-02-06
a9753886-62a6-499f-a49c-2c197ae854c1,51.385695,-2.738633,394870,2,flat,Bristol,BS33 3UZ,D,2025-08-17
149272c9-b871-4a6e-95e0-2fc996afdb31,51.801982,0.096359,700718,4,flat,London,SW21 6RH,G,2025-07-12
7b6e16d5-ede2-4c1d-bb9a-9aca392a9bcd,52.223322,0.107276,533012,2,flat,Cambridge,CB7 4TB,C,2025-02-11
7a6c7587-9b46-4f4e-8353-b7de2ce19070,55.852939,-4.09441,225939,1,terraced,Glasgow,G25 1HJ,C,2025-04-15
9ba1dd3e-d2be-4c45-88a9-ec8b68758b13,53.398709,-2.251692,588575,4,terraced,Manchester,M23 4DK,E,2024-10-08
05a040f3-0ebb-499d-b353-ef1e6c12c51a,51.429497,-0.943977,1062981,3,detached,Reading,RG16 2XN,E,2025-07-19
b7ae34ab-c823-4404-b31a-514542d52283,51.551182,-2.727094,494021,2,flat,Bristol,BS7 0GJ,D,2025-08-04
d1bb1862-3edd-4e99-8e96-484241050e82,52.971736,-1.120167,389330,3,semi-detached,Nottingham,NG5 2EN,F,2024-10-26
b6f33e3d-6e1d-4529-b9d3-982e17c901fc,53.466874,-2.241321,192141,1,flat,Manchester,M22 7DE,D,2025-05-14
e8364e9a-84a3-41b1-b387-e31896ae6c2a,51.544827,-0.922875,575020,1,terraced,London,IG32 4ZE,C,2025-07-14
f36a43fb-7371-49be-9012-f4ed9b1a88ac,53.523966,-2.381263,228188,2,flat,Manchester,M4 7AB,E,2024-11-15
7b00906d-5aaf-406c-bfb7-b40d0e20eda3,51.782352,-1.253194,557813,1,semi-detached,Oxford,OX34 5UC,F,2025-02-13
260fe8aa-68e0-468f-a3f7-231d0a544a9d,53.345291,-2.830263,252810,2,terraced,Liverpool,L15 2DS,E,2024-10-08
490b8eea-c8a6-43df-9287-68a5308060cf,51.468377,-0.439059,1396172,4,semi-detached,London,IG24 0RX,E,2025-08-20
95a8465c-97bb-419c-87df-993e030bef6a,51.430516,0.1966,1072950,2,detached,London,TW29 8PC,E,2024-12-27
9f02b646-95dd-45a4-a817-0f7b25f84a89,52.437011,-1.859218,355379,2,maisonette,Birmingham,B13 8UE,D,2025-02-23
f076d918-732f-41ac-96b6-98fc4a955ba9,53.227188,-3.023679,143871,1,flat,Liverpool,L19 3CZ,F,2024-11-21
320f572d-b882-4ab2-b3cc-c07ff1acafb8,55.878987,-3.039501,649745,2,detached,Edinburgh,EH14 2NF,C,2024-12-16
30c3e569-a106-4cb6-82a8-e46fd56aea5b,53.333775,-2.214387,277454,2,flat,Manchester,M14 0TC,E,2025-01-25
ce0cef7a-25e7-4d00-95bc-2224e012345c,51.347654,-0.382034,519373,1,flat,London,N31 2RY,F,2025-07-03
e29bd950-02c4-4cda-9608-f6173f88dd1a,51.546313,-0.24321,660014,2,terraced,London,E11 2UL,E,2025-04-03
80982c60-93fd-47a8-97ca-391c68cb7439,51.726277,-1.07844,708505,3,flat,Oxford,OX4 5NL,C,2025-01-31
4efff1aa-c719-4e61-8bed-b79859959a1d,52.528202,-2.110162,282769,2,flat,Birmingham,B12 8WW,D,2025-01-08
aabd7bde-202d-4148-b281-bc0611364242,51.394583,-0.32038,555295,1,terraced,London,E35 9TX,G,2025-06-15
f97e3055-291b-41a7-8052-ae9f86d9a774,53.52142,-2.857232,383433,3,maisonette,Liverpool,L2 3GL,E,2025-08-02
05cd0cc3-b545-4053-90d9-1ee8e5525051,52.575284,-2.08408,237910,2,flat,Birmingham,B35 3BD,D,2025-08-06
0fd49546-9700-4ab9-87fe-5f9d9170a9ff,51.411544,-0.492315,338531,1,flat,London,N3 2SL,D,2024-09-20
573a5aa2-74be-455e-b9e5-4911d6501715,54.566847,-5.963542,383059,2,semi-detached,Belfast,BT28 7EH,E,2025-04-07
3031180f-0042-44a8-a318-084afd5d2b4b,52.518295,-1.802553,624129,2,detached,Birmingham,B8 2RG,F,2025-04-03
ca44f4fa-5d72-4860-a413-90314c2fb47e,52.494826,-2.085297,584451,3,bungalow,Birmingham,B27 1HL,E,2025-03-24
67a2c45d-d6a0-4825-9b20-1973bc585768,51.438565,-3.139533,334174,2,flat,Cardiff,CF31 2US,F,2025-08-11
0036e30f-d29d-4d06-990a-a286c2807ad2,51.453544,-0.173883,759894,3,flat,London,SE26 9LX,D,2024-12-09
b0639e39-062d-4b12-9518-6f1da79e7043,51.468566,-2.503758,1440034,4,detached,Bristol,BS9 5TK,E,2024-12-08
a273c7be-525b-4bf5-962c-569f8d73fc9a,52.162431,-0.109874,1536928,3,detached,Cambridge,CB11 5BU,C,2025-01-05
8204dc9b-6213-4e67-a3d3-9491a56f85d1,53.033468,-1.281849,236418,2,flat,Nottingham,NG26 0LW,D,2025-07-03
67585ae4-446f-4a48-a0b0-11718d88cebd,51.454145,0.216546,822188,2,flat,London,EN24 0MM,G,2025-09-01
e7714e83-e98e-44b4-9574-9367dc677830,51.646071,-0.549673,759474,3,flat,London,IG8 0EH,E,2025-08-07
81ad21ba-d8d4-4453-a0f5-0677b596ce25,55.992686,-3.025249,532273,3,terraced,Edinburgh,EH31 3JS,C,2025-06-08
67d3b103-3b5e-4c25-a805-b0a19d53cecd,51.779712,-1.242133,614334,2,flat,Oxford,OX17 4YN,E,2025-08-26
a8d69dac-5ebf-4f12-8341-f1232753c50e,50.725955,-0.101992,590647,2,flat,Brighton,BN7 8PD,B,2025-04-22
4d2c1522-7e11-4fb4-ac6c-aa00bdd4bf68,51.58497,-0.492058,555716,1,flat,London,KT3 5XR,G,2025-03-16
31220cab-5ad2-41f1-bcd4-250438f0220f,54.652587,-5.805186,350413,2,terraced,Belfast,BT16 9HR,D,2024-09-08
19cb1301-417e-43e0-9f07-91272a2bbf37,51.649708,-2.679158,543824,2,semi-detached,Bristol,BS14 4DB,C,2025-07-04
0e01fd9a-c20b-4be7-a2b7-2bba5e8e10dd,51.665242,-0.071527,1012151,3,terraced,London,KT1 2LZ,D,2025-07-11
885c7871-624e-442f-b80e-8235000250b3,53.466386,-2.222349,511929,3,bungalow,Manchester,M23 2SU,D,2025-05-06
90fd9733-5c4e-4361-8d3e-7f31bf987a99,53.33808,-2.081215,244168,1,terraced,Manchester,M21 4DC,D,2025-07-20
62f36102-63a7-4bcd-93e3-2fad79314d18,55.91856,-3.003953,445586,2,semi-detached,Edinburgh,EH3 3TH,D,2025-02-25
83bd87b2-e113-4979-bd7a-476e0e2344e0,51.846772,-0.221744,775585,2,bungalow,London,E33 2JM,D,2025-06-17
dd0fcac0-3d33-4e7c-9905-02bcaf66f7ef,56.045719,-3.263192,530452,3,semi-detached,Edinburgh,EH6 3GT,C,2024-10-17
5b2ea52b-1718-4834-ad35-a7a8c0fe92e3,51.855199,-1.230896,728890,2,semi-detached,Oxford,OX15 5CL,E,2025-01-24
5d0bb132-631c-445e-a088-1aa34099138c,51.578749,-0.303875,721100,3,flat,London,UB15 4SL,D,2024-11-01
fbfb6347-325b-4e77-b469-5fa058cc2f3c,51.372622,-2.52623,395817,1,terraced,Bristol,BS4 1PW,D,2025-08-13
02688dbf-d256-40e0-9902-7778de69a8d6,53.369293,-1.287019,326105,3,flat,Sheffield,S17 5DC,D,2025-07-18
23850289-ad0c-407c-89bc-044fb48f72d6,53.305423,-1.512805,363154,1,detached,Sheffield,S3 9KS,F,2024-11-02
fedd51de-c137-4c25-a259-54a1ffef6c07,51.488185,-0.713026,725031,3,flat,London,BR7 8PB,A,2025-03-26
dfd62a61-78c3-4e5a-a865-ea765f1486bd,53.730594,-1.774274,398620,3,semi-detached,Leeds,LS23 6TJ,C,2025-06-28
797d9889-56fa-4051-b556-ef69992f74c4,51.398616,-0.346074,767135,2,flat,London,IG31 6WC,D,2025-07-30
1567e95a-4f14-4255-bc98-ad004ac47daa,55.972905,-4.487171,235264,2,terraced,Glasgow,G32 2KC,E,2024-12-01
c60ab3c9-911b-45b9-82ac-e8576ff45bfc,53.360266,-2.066416,492295,4,maisonette,Manchester,M5 3ML,C,2024-10-20
5afa4522-f118-439d-9667-6c5865d5d8f2,51.43649,-0.049586,1108353,4,flat,London,EN5 7FX,E,2025-05-12
2dd49b28-1a92-41da-813c-d01137822dbe,53.474111,-2.2051,259471,2,flat,Manchester,M2 6AX,D,2024-10-27
391a1feb-50f6-46df-ab9b-f536d7af32a2,51.422388,-3.096977,316023,2,flat,Cardiff,CF28 3YO,C,2025-06-12
1ad5a58f-539a-44e9-9015-541f7f1cdf10,50.860953,-0.213319,709310,3,flat,Brighton,BN10 0UJ,B,2025-08-11
79718490-4dc8-4a12-8758-a6d5e32a4de7,55.921914,-4.287504,914464,6,detached,Glasgow,G11 1DX,D,2024-09-27
84722f88-ff38-40bb-9245-3243fd48e145,54.885659,-1.558107,234364,2,flat,Newcastle upon Tyne,NE26 8FL,E,2025-04-12
50d7e0fe-7bf4-4949-9024-7f40a5f09330,51.671434,-1.318698,653676,2,terraced,Oxford,OX13 2EF,D,2025-05-31
e7b3b3d7-ac62-4c15-92c0-b8299af0a417,55.930574,-4.012385,304225,2,flat,Glasgow,G18 6FF,D,2024-12-24
92c97d24-1643-49ad-b53a-f959fb761528,53.913365,-1.679473,504876,6,flat,Leeds,LS19 3RN,F,2024-11-14
62bc3e12-23e3-4a7c-8114-1e2543498f5d,51.42363,-3.054757,263630,2,terraced,Cardiff,CF28 9JD,G,2025-07-17
5af4f4cb-38a3-4c2b-b796-a8fd9b475abc,51.541692,0.290878,1224860,3,detached,London,N27 1EP,E,2024-12-30
1627672e-b1b0-4aa6-8e5e-4680c3c8d661,53.412452,-2.424582,409444,3,terraced,Manchester,M3 5RM,C,2025-04-17
dcf7fc58-b15a-40e2-a25e-1741e455499e,53.43503,-1.402539,281460,3,flat,Sheffield,S25 8CC,D,2024-11-02
a0318eeb-642a-4e18-add0-d2c7be261554,51.660067,-0.137955,553572,2,flat,London,IG33 6UB,D,2024-12-13
b4c5ea68-fb0a-4fcb-9b68-52efe77613f4,51.397305,-0.370788,900433,2,detached,London,IG30 5FF,D,2025-02-07
bc8c2dbb-7a2c-42ee-a3ae-b8b40a7661f6,53.608964,-1.481587,316009,2,semi-detached,Leeds,LS3 4GB,B,2024-12-23
3abca712-6ce0-46c2-a70a-3216b4e4de10,55.881253,-4.309021,292149,1,semi-detached,Glasgow,G18 8JO,E,2024-09-08
cccb6ca1-1271-4ff8-ab5f-4a327f652c3c,51.589508,0.125952,972559,5,flat,London,EN17 2NA,C,2024-12-29
33c696ec-5346-4ba3-b3be-fc9ecf7a9a9d,53.355988,-1.441545,174104,1,flat,Sheffield,S35 5BP,A,2025-05-09
7667fd41-c7a4-467b-9585-fc5925d09017,53.377079,-1.595828,191647,2,flat,Sheffield,S9 0SX,B,2025-08-07
57bba449-40b2-4629-a4db-a57838c20966,55.201954,-1.55783,240557,1,flat,Newcastle upon Tyne,NE3 9FY,B,2025-03-14
3113a61e-9781-4e95-bb49-a7a53fa9ab13,51.456661,0.741142,871186,3,flat,London,SW29 9RN,F,2024-12-04
ee6302ba-5a82-4053-9c3c-36bef7540158,53.449655,-2.927498,231954,2,flat,Liverpool,L3 0GM,E,2025-04-14
7c478569-d645-4a41-80fb-a70b944b7a4f,55.795392,-4.22253,433289,3,semi-detached,Glasgow,G6 6XZ,E,2025-02-15
152f0288-57b3-4324-a0bd-ff11d0154229,51.588845,-0.45459,608388,2,semi-detached,London,SM33 7NT,E,2024-12-10
ce53525a-8aac-4e31-8cfa-e9c2c242e99d,51.444146,-1.015713,628050,3,terraced,Reading,RG22 2KA,F,2025-07-03
1907730e-a30a-41fe-8db3-960571ad72c8,51.516366,-2.479189,783180,6,flat,Bristol,BS10 6YO,B,2025-03-29
aa214d5a-3713-4c2a-9444-48f929fc98fb,50.862221,-0.277355,512268,2,flat,Brighton,BN15 2RW,D,2025-03-22
781159ce-cd63-4741-b790-990a99f8b99e,56.057034,-3.136214,289635,1,flat,Edinburgh,EH2 3BN,D,2024-09-26
4a71d060-e677-46c5-bd4e-772338ade69d,51.5111,-3.180189,338338,2,semi-detached,Cardiff,CF18 0DA,D,2025-08-10
9a423a8e-a769-4b47-83bb-d874733816ff,51.561819,-0.107731,793914,2,terraced,London,WC18 1YX,F,2025-06-05
2d62591d-6ed3-421d-b179-d41483f9323c,51.331478,-0.209019,600705,1,bungalow,London,SM15 9GB,E,2024-09-23
728f6541-df8b-4671-bc3f-4aef87128256,53.470588,-2.969412,223545,3,flat,Liverpool,L17 2LH,F,2025-01-08
c629d205-38d0-4095-8530-14d71500359a,53.294304,-3.034311,408681,2,detached,Liverpool,L25 5AB,F,2025-05-19
bada4903-2eab-49a3-84b9-269284f4aa51,53.547805,-2.383828,487356,2,semi-detached,Manchester,M14 9LG,A,2024-11-15
22550a3c-1f89-4e7b-8bf7-921b041216a7,53.562956,-2.53976,350059,2,semi-detached,Manchester,M35 5BX,D,2025-06-11
95c0fa73-87e0-47e9-930f-90e11c260edc,53.863781,-1.761938,548961,3,terraced,Leeds,LS29 2SB,F,2025-04-06
7cbe7529-ce77-434d-853f-330e253c83e1,53.886659,-1.346459,239325,2,flat,Leeds,LS34 0LL,E,2025-05-13
c53c2609-ef60-4472-b385-ccce5745d675,51.622921,-3.111624,628903,3,detached,Cardiff,CF21 3MY,G,2025-01-27
07fbb91d-f5dc-4f80-af77-58e99bea77fc,51.568866,0.105147,709239,2,flat,London,IG12 4UC,C,2025-07-06
00ce4622-1770-47d2-9ab1-d3b36f32ba4c,53.844277,-1.762677,216759,2,terraced,Leeds,LS32 1CJ,D,2025-08-17
be64fe3a-862e-46fc-b2dd-3b2af83a6e56,53.798865,-1.503468,194545,1,flat,Leeds,LS10 7ZN,D,2024-09-24
f73cf455-73c8-4d56-b658-f66678c39a05,53.442027,-1.408805,338710,3,flat,Sheffield,S18 1BS,F,2024-10-27
2815793f-5a3e-478a-b5dd-2503ede236b4,51.729406,-1.243652,509321,1,flat,Oxford,OX15 4UO,B,2024-11-26
6c1a46f6-b22a-4ae5-9d14-f7b29d37e261,55.901449,-3.170645,603266,3,flat,Edinburgh,EH31 0JX,E,2024-09-24
92a1f62b-f884-4859-9548-71705eade9fc,53.664386,-1.744288,238363,1,flat,Leeds,LS27 7JH,C,2025-01-10
a3c72e2d-7945-40d2-a6ac-b1609848b484,53.323532,-2.906161,174759,1,flat,Liverpool,L6 6XJ,D,2025-08-22
2a0134ea-1142-4e5a-9975-6c970c2552cc,53.782475,-1.589987,246544,1,terraced,Leeds,LS15 4EZ,D,2025-06-16
07c499ae-34f9-4da8-a93b-21499531af0a,51.540171,-0.240717,1069163,2,bungalow,London,KT32 3FL,E,2024-11-11
c8ba6ebd-a35a-494a-8564-3b03e48ede5f,52.478963,-1.9236,289323,1,terraced,Birmingham,B7 9JY,A,2025-01-21
98f5cc78-87ce-419b-afa5-92b21cfb1d61,53.573846,-1.988258,319860,3,flat,Manchester,M4 5HY,F,2025-01-25
e33f3655-c661-48c1-be33-857aaf379f52,51.42959,0.262044,555940,2,flat,London,EN28 4OM,E,2025-06-20
4d838e05-5e9f-4c81-be48-b23376d356d6,51.542004,-0.308352,431559,1,flat,London,EN35 1NR,F,2025-04-06
be47a598-4996-442a-9c15-f2d5dcb80544,53.482645,-2.238437,177706,1,flat,Manchester,M27 8JZ,E,2025-03-28
428f3ffa-6295-43df-ad47-9e98adf883e1,54.909028,-1.693626,411753,2,detached,Newcastle upon Tyne,NE4 4WX,D,2025-07-24
e48d561f-10dc-48bb-b101-175ca7c83166,53.392893,-3.009771,300019,3,flat,Liverpool,L13 9EN,F,2024-09-16
c15ab7b9-b720-4107-bb6f-db13e35183d6,55.899964,-3.21307,311149,1,terraced,Edinburgh,EH18 9RB,D,2025-01-31
ec0c5c93-b8f1-4568-807d-4cee8259afa6,53.697277,-1.625414,320690,2,semi-detached,Leeds,LS34 5BJ,F,2025-03-13
cf2098b4-dfb3-4ab5-8d23-9fe9e8926880,52.465869,-1.841874,294456,2,flat,Birmingham,B24 8RU,C,2025-03-03
2a87d77a-8663-4cdd-a61c-db767abb57a9,51.544852,0.070374,550339,2,flat,London,EN18 5JZ,E,2025-01-22
5a063420-e86a-409d-8eed-4df3e6734338,53.016918,-0.998811,395575,4,terraced,Nottingham,NG11 1LE,E,2025-07-24
13626c3f-d1ad-4557-b14a-ad01b97d099a,54.729792,-1.79784,168420,1,terraced,Newcastle upon Tyne,NE17 1ZF,D,2025-04-03
419b4038-f3ac-4344-8ee4-2d379b243299,52.574181,-1.840936,194590,1,flat,Birmingham,B28 9MR,E,2025-08-19
6426bd31-1896-436f-a539-f4bb1fde1341,51.432358,-0.334039,1265949,3,semi-detached,London,BR22 3MZ,B,2025-07-03
ee046d81-045c-4bdf-ad34-3d0d8daa68ed,52.652872,-1.702508,679085,4,flat,Birmingham,B2 0DW,D,2025-03-05
b3c5bc0d-d0d8-4c8c-9759-b612a0f6f4ae,53.389037,-2.190712,519493,3,detached,Manchester,M4 2FN,E,2025-04-10
03d86370-c852-4c4d-88bd-db69a9e598e8,55.931196,-4.272944,419163,4,flat,Glasgow,G31 7ED,B,2024-11-22
e54551d4-4b49-495d-a282-bb36a2f65f3d,52.014833,-0.740731,671014,3,semi-detached,Milton Keynes,MK33 6TD,D,2025-06-23
e63c7969-b13e-4cc6-931d-8cfc3219fc3c,52.585895,-1.982273,283405,2,flat,Birmingham,B35 1ZD,E,2024-10-01
d0cd5b50-f8db-4c3d-b8f6-b0b10c2c7520,51.581936,0.248101,522056,2,flat,London,EC11 2FS,C,2025-03-07
6122c068-5e9b-46c2-ba66-05494bd0fcaf,54.973622,-1.665633,372102,3,maisonette,Newcastle upon Tyne,NE29 1PP,E,2025-02-10
4a227e37-eb8e-43f6-b0d7-ada4ebd84a91,51.561469,0.03744,630231,2,semi-detached,London,WC12 2HU,D,2025-03-06
d3f0a011-7e09-4cd9-8a0e-592a86a9f734,53.427823,-3.038023,204852,2,flat,Liverpool,L5 0UX,F,2025-05-20
eac0996a-d8c4-4786-a257-cc8f6f3ae1e4,53.516566,-2.181281,493090,2,detached,Manchester,M13 0MO,C,2025-06-19
21b53b0d-0f35-4298-a6c6-4bd7435fbdba,52.947672,-1.243429,402389,2,bungalow,Nottingham,NG22 8GC,G,2024-10-18
e55f644c-c279-4126-aeb3-576f2a35c252,52.19004,0.124383,644329,2,semi-detached,Cambridge,CB23 3ZY,C,2024-11-29
5ac829a1-1d7e-41df-9525-6e342589ecd5,52.428319,-2.089241,356406,3,semi-detached,Birmingham,B10 5DA,D,2025-07-20
863ffe18-c35e-428b-91af-7c3fd3348dab,52.562503,-2.008709,294573,3,flat,Birmingham,B18 5GJ,D,2025-04-05
75b1344d-859b-4c7c-89ef-6c35492c47c4,52.504793,-1.780615,299910,1,semi-detached,Birmingham,B11 3JD,C,2024-10-23
20baa917-945d-4d75-b383-8fb36a301444,53.420389,-2.305921,266529,2,flat,Manchester,M26 6DW,D,2025-04-22
49a56be0-7349-493f-8aba-ca7709f94a63,53.845652,-1.455189,526693,5,maisonette,Leeds,LS13 2MS,E,2025-07-24
064b23e4-2bf4-4a86-887b-b22efe6fdd16,52.352201,-1.802509,279361,2,flat,Birmingham,B5 6XK,G,2024-12-10
94099ad2-1ac6-4295-a3bb-0f7bc7ca730e,51.382365,-2.358557,425491,2,terraced,Bristol,BS17 1ME,F,2025-03-28
8cf4d40d-1f9e-471a-9e01-a6014f450fc1,51.409939,0.085102,484991,2,flat,London,SE33 3KJ,E,2025-04-05
02272846-1859-45bd-8a79-e5a8deb8df48,53.259853,-1.566386,454515,2,detached,Sheffield,S13 3SU,E,2024-11-07
6aefa98f-156d-4fd6-b8d7-1a78f20c75ff,51.345456,-0.138264,988294,2,detached,London,N16 4CG,F,2025-08-10
e3ad844f-c319-42eb-a2bf-f3154c5dad8a,53.535884,-1.589228,309851,2,flat,Sheffield,S24 9WS,D,2024-09-23
c170c27f-f09a-4a55-a751-cb4c73ed6520,51.730574,-1.259267,662916,4,flat,Oxford,OX31 3GM,E,2025-01-13
448922fc-2d57-4360-b37a-0dc1914e2036,52.582715,-1.71583,320406,1,semi-detached,Birmingham,B17 1BZ,C,2025-07-17
a1e27e68-46db-4cc4-b70b-de4f73e2be0d,51.509686,-0.142902,612790,2,flat,London,KT25 4KW,C,2024-09-27
ed9780ff-cf53-48cd-b080-5abab1b77488,51.340864,-0.294027,986763,2,detached,London,UB4 6UK,C,2024-09-28
c572f3e8-4644-4ecc-96bc-486adc39c2e0,51.49591,-0.197653,528477,2,terraced,London,W24 6WP,B,2025-02-26
610811a5-785d-41fa-8133-3074dbbc29f8,52.503337,-1.996503,254442,1,flat,Birmingham,B8 1JJ,E,2025-04-27
f19dfc93-2465-4575-bcef-bc15742b6ed6,53.396755,-2.215645,536137,5,terraced,Manchester,M11 1XS,E,2024-09-06
15a98984-400b-4cba-b03b-b165f13ec2d6,53.743972,-1.646137,379333,2,detached,Leeds,LS23 9CL,B,2025-01-20
48cc5b2e-bb60-41c2-a120-7e53b27299fa,53.31704,-2.454614,274936,2,flat,Manchester,M15 7EE,C,2025-06-22
1d367ac3-2ac0-422b-b1db-0948f8acfd03,51.697647,-0.313096,1043041,5,flat,London,KT10 3EK,F,2025-03-13
17b20139-5be3-42fb-a83b-70e5342209bc,53.783499,-1.669971,352907,3,flat,Leeds,LS30 2LE,F,2024-09-08
c9123191-e28f-485d-bb70-c37a72f54adb,51.167895,-0.155022,1582467,3,semi-detached,London,WC16 2BC,D,2025-03-07
adfe305c-aa90-41aa-bee2-9da8ea6d6bc5,51.536439,-0.044213,593455,2,flat,London,IG32 0KB,C,2024-09-17
3cf07aab-706c-493a-8cc8-be067b29eb3a,50.869347,-0.23374,669924,3,flat,Brighton,BN25 7XA,C,2025-07-14
9ce37231-3430-4c42-aa14-165fbafc0554,53.996538,-1.013852,588801,3,bungalow,York,YO7 1US,E,2025-05-26
17173099-ad6e-44a9-be37-071973663557,51.547093,-0.279486,705695,2,flat,London,WC11 0PX,D,2025-05-16
be7b69ac-f33f-4123-869e-0f7931349584,51.697533,0.057527,600744,3,flat,London,UB30 2GJ,E,2024-11-13
fc5e2046-37ce-405d-9893-7c83b7b77c52,51.474462,-0.267191,981552,2,bungalow,London,UB29 2BN,D,2025-04-11
c48982c0-169d-4d1f-b1e1-d29d1f08593e,55.991006,-3.14346,398603,2,flat,Edinburgh,EH15 8AD,C,2024-10-14
db1e6c07-1995-4a6d-9117-91ea1eed1ed7,55.892448,-3.149052,412727,2,flat,Edinburgh,EH32 4BG,C,2024-12-07
ccee6ecb-b959-4acf-b820-e23805eca90c,51.515054,-0.212559,530859,1,terraced,London,W19 3EM,F,2025-04-05
f4ad1807-7d49-447b-8a79-a9acc5c186c5,51.265641,-0.086644,880152,1,detached,London,EC12 0XO,C,2025-01-13
761a2fb8-c589-42ae-9bc6-f529175cbbe0,51.217383,0.307196,742780,2,bungalow,London,SW17 1XP,D,2024-11-25
238f60c4-a96d-4887-954a-4d4849b2bd46,51.979696,-0.827412,887015,4,semi-detached,Milton Keynes,MK17 3PL,E,2024-12-16
d72178a9-d86e-4651-a619-30ae9592f3e5,54.909214,-1.628701,146327,1,flat,Newcastle upon Tyne,NE5 1UN,F,2025-01-13
fb6432f1-a918-4452-898d-4204c0349736,51.342643,-1.055608,499874,2,terraced,Reading,RG23 1LK,B,2025-01-23
4189dacf-f9f0-4ae8-a64e-5bbc065bdf01,53.389276,-2.982418,195271,2,flat,Liverpool,L15 7KR,E,2024-11-26
869bd2f8-6be2-430b-ad38-5931dee0b9d5,55.960474,-3.160233,414673,3,flat,Edinburgh,EH20 8AN,E,2024-09-02
5ccd8518-49da-4274-a86a-27a494ec4e5b,51.202252,0.253605,526400,1,bungalow,London,CR27 1PP,C,2025-05-05
128be853-fa1e-4008-bc6e-3e21c38a1da1,51.415018,-0.194093,1225570,2,detached,London,IG1 0WB,C,2025-04-01
5af92ba8-eef4-42c9-b565-d3c41e111a06,52.942424,-1.232961,240786,2,flat,Nottingham,NG24 8ZC,F,2025-01-06
6be76496-62b8-4a90-a7d5-246394cdf4a3,52.494715,-1.921677,401534,4,terraced,Birmingham,B13 1HF,D,2025-06-24
3156e006-4d77-4ea7-9238-b05c2ab07ee5,53.725961,-1.539992,279937,2,flat,Leeds,LS25 8ET,E,2024-11-26
dbf04edf-b0b1-466a-89ee-7c420289eb9b,53.532011,-2.292867,395442,2,bungalow,Manchester,M35 6HW,C,2025-07-01
4500677a-ea4e-4f0c-bfa5-2b5ed306c5f9,53.468935,-1.452471,465235,2,detached,Sheffield,S17 3NO,D,2025-07-05
e52305ee-d5d0-4462-b32a-f4542e9ac33b,55.984097,-3.196246,435963,2,flat,Edinburgh,EH24 2JS,C,2025-07-23
d2ccf0bf-311d-4795-92a4-7502ce44387d,55.940907,-4.103897,311324,4,flat,Glasgow,G10 3OF,F,2025-03-26
076d1387-a84c-4f9d-8db9-200231ed3bbb,52.290757,0.163779,500995,2,flat,Cambridge,CB1 0NR,E,2025-08-16
885481a7-a4a8-40f6-b27b-676619440add,51.5648,-0.337451,1334650,3,semi-detached,London,SE1 3UX,F,2025-08-14
8d65bc8c-105c-4a16-bbd5-63a3ed643c26,51.373437,0.407046,634109,3,flat,London,TW11 5JR,E,2024-11-03
77e01f89-a1ba-4766-bb18-261bf8558b45,55.077703,-1.633991,195242,2,flat,Newcastle upon Tyne,NE21 0UU,A,2025-02-26
0ef7d401-8aca-45c7-a411-70c4d5a44923,51.707308,0.130196,785898,3,flat,London,SW20 0GO,F,2025-01-05
24db0834-d327-4a90-8615-6e93063d9bbf,52.220067,0.071486,824670,2,terraced,Cambridge,CB9 5AT,C,2025-07-21
60a0a6a8-d76d-47cf-a676-8f0352f5dbd8,51.245342,0.173484,1087269,2,detached,London,WC10 6CF,C,2025-03-29
ba01f971-2171-405e-9825-79294368ed85,51.742575,-0.564623,544503,2,flat,London,W13 3UC,E,2025-06-24
c4848454-ff23-4b12-bdaa-78205339c75a,51.561712,-0.168916,818208,2,detached,London,CR35 4XO,D,2025-07-11
a1057c3c-3dd5-4069-addd-9a7e8db21f0a,53.564562,-2.964669,498616,3,detached,Liverpool,L21 3UJ,D,2025-05-09
d3c046c0-e7b2-400a-9792-52b89a234920,53.471971,-2.249689,274451,1,bungalow,Manchester,M22 3UM,E,2025-04-24
b67e054a-6415-4b49-a3c1-d29ea61c8122,51.639861,-0.088256,767407,2,terraced,London,HA9 7LM,E,2025-08-06
70a3aaa5-705b-4275-8a37-e430ae8b9600,51.840105,-0.411384,979736,2,flat,London,HA22 7CM,E,2025-04-06
7d9e46f3-ba25-4052-8e6a-9b71f4341209,53.672712,-1.523529,185350,2,flat,Leeds,LS7 1TL,D,2025-02-06
dbd66758-0149-4cfe-ac20-d40ae5c94f8d,51.427519,-3.260669,347526,1,detached,Cardiff,CF25 8HL,C,2025-05-28
76b386a6-c30a-407f-b8d1-c150f398c545,51.556831,0.498093,366549,1,flat,London,BR23 8XE,C,2024-11-11
55d850c2-8a8c-411a-bca5-5c5152a88826,50.935033,-1.295424,459216,3,flat,Southampton,SO28 8YU,E,2025-06-07
566ebef1-b6f8-4708-8bde-9f80db69b05b,53.751983,-1.32192,475263,3,semi-detached,Leeds,LS22 6RX,D,2025-04-24
9f396d6d-f7cc-4c95-a146-c197788a7188,53.689255,-1.533597,670395,2,detached,Leeds,LS25 7BD,E,2024-09-26
4075d94a-0fb4-4dde-8345-d9714f554b0c,51.34486,-0.186044,502211,2,flat,London,E23 2MP,C,2025-08-27
0f656e9d-f908-45ce-9286-4ffadf90e105,51.467759,-0.380258,946648,3,semi-detached,London,NW21 4FF,B,2024-09-23
77914736-02ba-4731-9412-f3e69117375c,51.562007,-0.032468,831368,2,semi-detached,London,SM19 9XB,C,2024-09-11
b876839f-a319-4d58-9cb8-e7d184952db9,52.234322,0.173408,723379,3,flat,Cambridge,CB9 5DN,D,2024-12-24
0b1348ad-81ee-4bdb-8f5e-1d32e4bd3f86,51.498475,-0.114541,501918,2,flat,London,W28 9AZ,D,2024-12-27
71a27815-eb46-4931-bd9b-5c28cf2438fb,52.127975,-0.863031,308688,3,flat,Milton Keynes,MK28 2BO,F,2024-09-02
8689dced-006e-4e86-9fca-a87c975bfde5,51.477275,-0.057411,507538,2,flat,London,CR26 6XR,E,2024-09-24
ed7d1378-06cb-48f1-9025-5f6861cdfa6c,52.081984,-0.801535,518877,3,flat,Milton Keynes,MK9 3JX,B,2025-05-18
2d5323a2-c295-4267-a228-597158e540c3,52.345502,-1.621966,343765,1,bungalow,Birmingham,B23 1FU,F,2025-02-02
f50e97e3-7263-42b4-aec9-96103415afea,55.934647,-4.480362,359104,2,terraced,Glasgow,G35 9JD,D,2025-01-23
68b51bc3-9713-42e0-9fea-5d4ec72dd282,56.011054,-4.242627,341297,2,semi-detached,Glasgow,G34 8NS,C,2025-04-29
56558f77-7592-40ed-b568-1f1b48ffd41c,54.624033,-6.000829,284846,4,flat,Belfast,BT22 1YF,E,2025-05-26
be7c6d8a-41a4-4ac9-9ba8-ef2375514ea6,51.557212,-3.337719,434777,2,detached,Cardiff,CF17 8GK,C,2025-07-31
71405ce9-86ba-44d1-8a6c-94e998468d71,51.648534,-0.446345,397471,1,semi-detached,London,SM7 0YX,E,2025-03-11
c6f9064d-9d14-4bfc-999c-9183acd137a1,51.6598,0.006515,744464,2,terraced,London,WC3 7PE,F,2024-09-28
b6aa75eb-9a0a-45fe-bf09-a017815ea8f8,51.555161,0.162071,493113,2,flat,London,NW11 9PW,D,2024-10-12
67691d97-0d36-461c-a467-5be06728777b,55.794752,-4.289216,237873,2,flat,Glasgow,G6 3BO,D,2024-09-13
dbe46aa2-5add-4e17-abea-46ecef3af5e4,51.353093,-0.482566,1028396,3,semi-detached,London,TW20 8EP,C,2025-02-11
a7bd75a3-8b13-4077-8d3d-e356efce6150,50.837027,-0.166036,928635,3,bungalow,Brighton,BN33 2CE,E,2024-12-20
3581fc2b-6635-4d82-b424-82a4249fb114,55.772162,-4.397817,155078,1,flat,Glasgow,G27 8AU,D,2025-02-02
97752018-264c-4041-a268-a8d79084375b,51.59907,-0.311098,844984,4,flat,London,W2 0FY,E,2025-02-22
cfba52b8-08b6-41e1-a466-cdc7a4e56450,52.133686,-0.850766,756303,3,semi-detached,Milton Keynes,MK7 2ZM,C,2025-08-20
60053f08-4d4d-4129-808c-a38bcf8e11ae,55.87247,-3.328529,620496,3,flat,Edinburgh,EH32 8OR,E,2025-06-13
9f6e6469-58cd-4ffe-a138-dbc58ea7234f,53.422051,-3.081179,168771,1,flat,Liverpool,L34 3ME,E,2025-08-05
a57eaebe-051c-4c52-85b7-9e4e1691b296,53.912767,-1.712999,266100,2,semi-detached,Leeds,LS34 0NZ,D,2025-01-16
703539c6-7739-4928-b22a-a6196ecbf651,53.242688,-1.367324,266133,2,flat,Sheffield,S27 4EJ,E,2025-07-21
92c36974-aa69-469f-8a91-e673bc6f266a,52.992816,-1.073676,266079,2,flat,Nottingham,NG35 8AR,D,2025-01-26
62893404-7ce9-4790-bc45-3892574c7fa4,51.397156,-0.442962,633484,2,semi-detached,London,SW33 1JZ,F,2024-10-18
c0a362cd-cfbd-42a3-a3a3-c0f9250972bb,53.82267,-1.606464,409416,2,detached,Leeds,LS16 8JF,E,2025-05-03
5d62d132-a525-4904-a721-9d9d4ad97ae7,53.406294,-2.8521,192094,2,flat,Liverpool,L11 8MU,F,2025-01-30
ef474dac-7658-4e5a-89f2-6fa7988de55f,51.598688,-0.054612,839555,2,detached,London,KT10 3UN,C,2024-09-19
27de47be-8a33-4971-af43-d62bc321c1b2,51.2659,-0.080526,1312773,3,detached,London,DA19 8HE,D,2025-04-17
9149e253-33b2-4fe3-9c3b-0246f1776f6f,50.876917,-0.124167,497694,2,terraced,Brighton,BN25 6SX,D,2024-12-29
f3e92e3d-5ea8-42e8-9a1b-d90300c4f797,53.411869,-1.497242,241280,1,flat,Sheffield,S5 7UM,D,2024-10-27
2689f705-ffe7-4dd4-bb4b-571e9e7eab4f,52.516795,-1.99142,262412,2,flat,Birmingham,B24 7TC,D,2025-03-10
e6e1e45d-d910-4c1a-9075-9dc1586e9cbd,53.831334,-1.671818,238661,2,flat,Leeds,LS7 9BJ,C,2025-06-30
d78cd783-4e59-4914-8362-352fc08d0647,50.74828,-0.253256,815227,4,terraced,Brighton,BN2 6ZB,E,2025-03-28
96d548e2-d6d3-4a7d-b9ff-76227565b9fb,52.240158,0.113413,839200,3,terraced,Cambridge,CB29 9FY,C,2024-12-14
87b28794-b31d-4773-a366-d8231a2df3af,55.90161,-4.283315,432802,2,terraced,Glasgow,G30 1TC,E,2025-03-29
97ca39d2-6286-45a0-be59-b45b06487c93,50.934202,-0.160128,1250191,2,detached,Brighton,BN17 4LC,B,2025-03-08
aa8cf11d-b5ec-4eac-a1e9-e88e77ffb44d,54.599864,-5.92534,236891,2,terraced,Belfast,BT7 8XN,C,2025-07-26
42cf3e72-2c08-4ff3-836a-0617b47b9296,53.45416,-1.272133,289608,1,flat,Sheffield,S5 2XO,F,2025-03-08
fa85d745-0aac-4444-af2b-92cd6e27ef89,52.234219,0.214364,1061341,3,bungalow,Cambridge,CB13 7HM,E,2025-03-07
4a46c50e-d128-4a50-ace4-980e9dd43f30,53.861746,-1.687639,218785,1,semi-detached,Leeds,LS17 8TO,C,2025-07-07
b8693a69-4e3d-4423-aede-602cd0fabf50,51.583776,-0.291315,736634,2,flat,London,BR20 5BN,D,2025-07-14
0c083014-4a4c-4b88-b224-1ab6228a7157,51.291438,0.212375,600208,2,flat,London,UB13 9PG,E,2025-04-02
94807450-af13-4293-a7cf-8d06bc666b62,53.799468,-1.521356,687886,3,detached,Leeds,LS29 3UA,F,2024-09-12
3ea15d75-4201-4eff-84dc-8a5d44bba344,55.929729,-4.032613,240083,2,flat,Glasgow,G18 7DA,D,2024-10-26
a4866ea4-8a5b-4760-bc56-c46b890f9f0b,54.866683,-1.705599,476856,3,semi-detached,Newcastle upon Tyne,NE10 1KP,D,2024-11-21
bffc4407-7c07-43c6-b357-bcd76d83957f,51.387264,-3.177262,492694,3,bungalow,Cardiff,CF14 8XX,E,2025-07-04
d51405ae-8fdb-4427-9a41-79ffbf863da1,50.896307,-1.295616,179350,1,flat,Southampton,SO20 6HM,E,2024-11-04
1fd7aeab-4976-4704-aea8-d17ebf67f23c,51.397428,-2.415675,424358,2,terraced,Bristol,BS18 3TA,E,2024-09-03
326c25bc-859b-4dce-ae8e-f8717c221e18,51.781081,0.097388,521401,2,flat,London,SW10 3RZ,D,2025-08-04
b8c0dacf-ac87-41c5-b83e-cb415eec872d,51.853616,-0.260844,1175826,2,detached,London,NW20 0FY,C,2025-04-29
39b2b94e-9616-4cd8-bc15-57f69b9bfe43,50.855739,-0.081924,925135,4,flat,Brighton,BN30 0LR,E,2025-05-06
21fae54e-5512-4ac4-8f6f-f164eac55e6e,55.890439,-3.087323,220607,1,flat,Edinburgh,EH19 5NL,D,2025-09-01
156bb5ac-aaf7-4750-b108-c30767b11690,54.650124,-5.71771,528851,2,detached,Belfast,BT12 7RR,G,2025-04-26
748e998d-eb6b-4a04-8284-e8ccf7f32f89,53.375699,-2.846849,245439,3,semi-detached,Liverpool,L22 5FW,C,2025-05-20
4f8b7f8a-5140-4c69-a294-7ac4cfb7f21d,51.414633,-0.235251,1319476,3,semi-detached,London,TW14 1RF,D,2024-10-07
8f32d456-9b39-47e8-bf9b-2bc254723f43,51.240841,0.176879,595368,1,semi-detached,London,SE13 2AL,D,2024-12-05
3db6ef93-7e42-4a62-a7c9-0887148b0b2d,51.525483,-2.516454,593653,4,flat,Bristol,BS8 4PF,A,2025-06-24
0e052ef6-a876-4194-92a8-39bcff180f42,51.404956,0.115975,408783,1,flat,London,DA3 6NL,C,2025-02-24
322a4503-02db-4e44-b59e-b8938526ae25,51.581811,-0.118517,1472924,2,detached,London,EN22 7JA,D,2024-12-30
07f8b50b-3f48-40d1-b58c-138f10bf76ff,51.564919,0.49455,676524,2,terraced,London,N17 1YS,D,2025-04-02
1120ad8c-d44c-42f1-a0d7-31127e2b27ba,51.43476,-0.793357,809829,2,bungalow,London,SE23 9NG,F,2025-03-08
c613c3b2-220c-4b1b-8f0f-3934a7e96071,51.598389,0.115474,2001509,3,detached,London,NW22 3HS,E,2024-11-25
3a0864f2-439c-4031-b502-8eaa487b44d1,54.979908,-1.618489,211031,1,flat,Newcastle upon Tyne,NE20 3NG,C,2025-05-11
d3dd8d33-5171-4f43-8a53-a7e74028d7d9,55.955291,-4.151293,331656,2,semi-detached,Glasgow,G9 6MR,B,2025-04-04
dae1ffe9-4623-46e4-9d7c-b44b9008793e,52.564569,-1.854938,444299,3,semi-detached,Birmingham,B12 0CR,F,2025-05-30
781a30e2-c67f-4cf6-9a2b-02e4aeaf2e70,53.492839,-1.480108,653239,3,detached,Sheffield,S4 3KN,E,2025-02-08
300ff308-7ba0-470d-8b4a-29121cc8c8b5,55.82728,-3.008496,327166,1,semi-detached,Edinburgh,EH7 7JL,C,2024-10-19
ef54032c-c470-4e42-9179-d6972f7d90f7,51.434016,0.119734,877309,4,flat,London,N5 8CS,B,2024-10-15
884f4292-aae5-4d73-a42b-7e86a308cac8,52.241683,0.049739,1167583,3,detached,Cambridge,CB20 8RC,D,2024-09-30
e6b58f91-5826-4afe-986d-df9a038fc85f,51.337636,-0.45458,640164,1,detached,London,UB24 5XZ,D,2025-02-16
79f155dd-a6d5-44b7-bbf3-f0202f8f6a09,50.867986,-0.166457,439473,2,terraced,Brighton,BN27 2EU,F,2025-04-13
49d1e484-f116-4518-8b1b-c50285985399,55.012318,-1.772247,700402,5,detached,Newcastle upon Tyne,NE11 9WO,E,2024-12-01
328f7a31-08e1-47c2-a3b9-08ee7e8d7608,55.981269,-4.205169,306597,5,flat,Glasgow,G10 7UZ,C,2025-03-03
7bc53a2d-5e3f-4cf2-9420-6ea5869ed584,53.461729,-2.996575,291056,4,flat,Liverpool,L16 4JB,C,2025-06-03
237d4b91-446f-4557-894b-3b65eff5cae6,51.527121,-0.014236,552418,1,flat,London,KT28 4HU,B,2025-03-20
c0e97596-fa3e-4b29-a79e-6e0937f2dd0f,51.366228,0.053069,1447257,3,detached,London,DA32 8RE,F,2025-02-10
a93225c7-f2a9-4ab7-8549-d604dd76acc2,51.365996,-0.088935,1010905,2,detached,London,HA29 9CN,E,2025-01-25
7fe2c904-fd50-468c-a16e-03d382af26aa,52.910413,-1.51585,355494,2,terraced,Nottingham,NG7 3JY,C,2025-04-07
762b238c-38f7-40c7-9299-489f237e33cf,51.674205,0.083742,747862,2,detached,London,TW4 7BR,C,2025-04-18
a5d91b8c-9dc9-4e2d-8054-1b502a0ba133,51.073217,0.340577,637779,2,maisonette,London,IG14 6ZC,E,2024-12-14
7d4d2a7c-1996-42b6-b165-631588a8af0c,51.336781,0.089129,374065,1,flat,London,W23 3KO,A,2025-07-16
869d8335-98eb-4c61-94be-60881a29d281,52.844878,-1.200631,325869,4,flat,Nottingham,NG10 5HZ,D,2024-09-17
1f3bd6e4-4338-4095-905b-3d82abcdda64,51.446049,-1.035166,675942,2,detached,Reading,RG19 0NG,E,2025-01-28
d4816dc3-532a-4fcb-8b21-abba42faae39,55.859902,-4.020459,384002,4,terraced,Glasgow,G27 4KG,C,2024-12-26
7f9f65bb-731c-43aa-890c-9ef10eda7bc1,51.435679,-0.489127,834414,2,terraced,London,NW35 1BE,D,2025-05-29
79334b92-4aab-4c01-98ab-9cfdcdc2fea7,50.877359,-1.414449,613309,2,detached,Southampton,SO35 1OO,D,2025-04-19
14a7b04d-267d-4084-87a9-1393dd19a577,53.424681,-2.912379,264552,2,bungalow,Liverpool,L11 0OX,G,2024-09-14
d559df4f-b24e-4e70-bfaa-2ec90524b526,53.444431,-2.526815,374888,1,bungalow,Manchester,M18 7UX,F,2025-02-21
3bd6a20d-75dd-491e-92d6-e0cc2d96d819,51.744975,-0.156375,848147,2,semi-detached,London,CR27 7WB,C,2024-09-14
10a126a7-74c9-423b-af43-a7b2fe093996,55.903638,-4.121693,191149,2,flat,Glasgow,G8 8LX,D,2025-08-25
601295fb-5e83-4cc0-b2d3-86c5ba03a55a,51.383391,-0.993077,409084,3,flat,Reading,RG8 4HB,E,2025-08-08
f42aa904-52e0-4ff6-9075-6865b49260e0,51.698551,0.034489,1058393,4,terraced,London,KT14 8TR,E,2025-04-03
6e992324-ee43-4295-9569-2847c96afec1,51.265152,-0.024505,567800,2,flat,London,NW6 3RU,G,2025-06-01
883ebc55-6716-46de-a701-0a1be0618b67,53.372551,-2.159656,473519,3,detached,Manchester,M15 3JB,D,2025-04-29
a669c53b-1f7c-4e4e-b8a5-1e2fa489dc0c,55.840391,-4.303203,322243,2,flat,Glasgow,G35 7XZ,E,2025-06-13
048981ab-8163-4302-bac6-7817c358e70b,53.973003,-0.883473,550692,2,terraced,York,YO4 2KR,F,2025-08-15
af201d1e-41cd-4dcc-9cb9-d7aaad12671f,51.400668,-3.256334,323676,2,flat,Cardiff,CF26 9OS,F,2024-09-03
9814f7be-c117-4511-8a26-c3cad6982d9b,51.745982,-0.342158,630130,2,flat,London,E18 0JU,C,2024-09-02
77a1d6f6-349c-4228-9a56-d3f5095a4907,51.501472,-0.064295,437684,1,flat,London,BR13 8AA,C,2024-09-15
1bde18ab-a498-4b8a-af8c-51a8e6107810,55.97071,-3.26143,272114,2,flat,Edinburgh,EH26 2LM,E,2024-12-23
e8f3b19c-e0bd-41c9-b163-a0ee76e59ea2,52.152694,-0.566901,350019,2,terraced,Milton Keynes,MK1 3MG,D,2025-06-26
d7183ec4-3a58-47bc-9f30-1d1df7cab386,52.472071,-1.545157,386695,1,semi-detached,Birmingham,B8 9FK,E,2024-12-04
3e96b333-1133-4b47-ae77-0da0751bede4,53.453265,-2.959437,288640,2,flat,Liverpool,L33 5KT,E,2025-07-17
0fbf65c9-0e67-4673-a142-90981802015c,51.446467,-0.40713,970452,4,flat,London,SE35 3UK,E,2024-12-25
e6fc6d6a-e8ff-4cf5-9d03-341ec95a330e,51.629976,-0.149486,1713423,4,detached,London,SE28 4KH,C,2024-10-27
053e90fa-bd08-45b1-899e-2a30e05ad4a2,53.952399,-1.093159,486647,2,semi-detached,York,YO18 3SK,C,2025-06-11
897a5bf1-6d00-49a9-b8a9-bf11e66b80bf,52.209337,0.271576,920658,4,flat,Cambridge,CB18 4UL,E,2025-04-03
828b123b-95a2-482e-b30a-f1b70919bdee,52.187693,0.288813,498314,2,terraced,Cambridge,CB17 8ER,F,2024-11-23
b43584aa-ad50-4df1-8503-f1b9e7c1a79e,51.591323,-0.536286,634861,2,maisonette,London,E34 2BZ,E,2024-12-07
207a50da-8f9b-4dd3-87b7-1b593639dae5,52.285907,-0.086023,1277105,3,detached,Cambridge,CB32 8KW,F,2025-08-02
f0658c9d-2881-4341-ad75-893870b9cb51,55.8958,-4.404919,379012,3,terraced,Glasgow,G2 7RS,D,2024-10-02
bc2b0f47-7298-4d0b-b445-5469e2ef34bd,55.999969,-4.305416,420985,4,terraced,Glasgow,G7 0AG,B,2025-06-15
3a1f7c16-6ed7-43aa-adb6-dd334c0dd149,55.794713,-4.419428,351967,3,flat,Glasgow,G14 2WJ,G,2024-12-09
8ec5c53f-5be9-403a-90af-88fcc943d549,51.670345,0.019951,950197,2,flat,London,HA7 9PG,D,2024-12-11
9d3b2dc3-58ac-44b8-a6e6-c2ca2d970ab6,50.814185,-0.134967,611757,4,flat,Brighton,BN35 2HF,E,2024-12-11
95ea9f48-b37a-4243-82bf-30c371a1c29a,51.35288,-0.819283,788508,2,flat,London,TW31 8SJ,F,2025-04-09
d6e1e5ee-b8dc-4ae9-9ac3-f24efd26f3a5,51.470834,-2.420791,469298,2,terraced,Bristol,BS20 4RP,E,2025-07-22
827009f6-cc59-4f67-8b5a-5e9b38118e15,51.408053,0.032383,844890,2,semi-detached,London,N32 4YR,F,2025-05-14
c0834d7e-76d9-427d-8cb2-f2e9c8699d54,51.399152,-0.211,932308,2,bungalow,London,EC3 7YM,B,2024-10-10
dad6ef96-2059-4a10-853c-ad820578c834,53.528928,-2.435735,247774,1,flat,Manchester,M22 9MW,F,2024-11-01
c22fa05f-e41d-4634-ab9e-6316aab75a1d,51.502198,-3.380665,590963,3,terraced,Cardiff,CF13 9PN,C,2024-11-23
38a51519-96a1-49aa-bcb4-ab7e53a37723,53.322355,-1.365204,240136,2,semi-detached,Sheffield,S18 1MC,C,2025-07-22
21a61ff9-29fb-4695-9b4d-bccd3ac994e6,55.001173,-1.47313,219883,1,flat,Newcastle upon Tyne,NE8 8UL,A,2025-04-17
2201b480-c54d-479e-a230-1394042af277,51.495072,-2.62383,996411,2,detached,Bristol,BS9 5EY,D,2025-08-28
fd5710c1-df89-412a-8d93-4d3187512f86,55.895956,-3.251669,364375,2,flat,Edinburgh,EH15 2LS,D,2025-08-26
94751aec-6715-4144-8d37-5c0e3e5a8314,54.82483,-1.89527,656607,6,semi-detached,Newcastle upon Tyne,NE17 3JR,D,2024-09-26
68ab765f-72af-4254-b65a-e48026e4d9ba,51.731472,-1.231088,525424,1,flat,Oxford,OX9 4CN,D,2024-11-23
7f95e4b0-bfd5-47b4-a582-e303c4b85bd0,51.392564,0.549068,748798,2,semi-detached,London,SW14 3TH,E,2025-03-30
58dc4ebb-0aed-4c74-b11a-582170c83832,53.525572,-2.091199,366308,4,flat,Manchester,M22 3OD,D,2025-03-22
50a15e22-8459-496a-b466-fbd6f0486be0,55.938217,-3.942492,533423,2,detached,Glasgow,G27 5BK,F,2024-09-08
f62ed730-f487-4063-9af5-ad27b81097e2,55.911827,-3.200753,304551,2,flat,Edinburgh,EH29 7OP,D,2025-05-27
ea0fb220-7acf-4fbd-92ea-b09f430c4dc6,51.435304,0.219614,569156,2,flat,London,N4 4RW,D,2024-12-06
a3e03d2e-ba6b-4098-af04-c7c2eeaefbd1,51.269029,-0.393046,444955,1,terraced,London,HA8 1YH,D,2025-06-02
c03c91e0-1527-4ed0-b937-8423f196a5e3,52.504051,-2.053232,259836,1,terraced,Birmingham,B30 0WW,B,2025-01-09
c0b55be5-3b52-4e5e-aed9-3f4fa800f36f,51.571533,-0.215363,874866,2,terraced,London,EN26 3YX,E,2024-10-03
fac0c9b6-a737-4f18-9770-c454d7739bf1,53.477993,-2.443768,564026,3,semi-detached,Manchester,M24 9OG,F,2025-05-23
ecc51718-1afa-4ce5-a673-a7839f1f9cde,53.567119,-2.47942,389988,4,flat,Manchester,M18 2CP,A,2025-01-09
84dc1f70-abed-4ec7-b5e9-d1f079efb723,55.880282,-4.285628,397635,2,detached,Glasgow,G26 0FA,E,2024-11-23
e958a905-fbc0-43d0-9243-d0ae4ccf825e,52.998367,-1.39742,349737,1,detached,Nottingham,NG23 7BO,C,2024-12-20
c57be6ee-fd9b-4872-88a4-7846f70093db,55.881354,-4.294012,422173,3,flat,Glasgow,G2 8ZT,C,2025-03-01
bc4063d4-41d4-4d4e-8396-84cb6bdcacba,56.055624,-3.086862,395324,3,flat,Edinburgh,EH17 8RG,C,2025-01-07
5c245604-7f41-4e1b-9946-a89e41551574,51.616058,-0.348376,413934,1,flat,London,W24 8BX,F,2025-03-17
5d766c41-2a34-48bf-a5ab-a836f0ce41b7,53.711924,-1.630023,917828,4,semi-detached,Leeds,LS26 4CA,F,2025-04-16
630bda22-1561-4ed9-837a-2a3a813d0f57,55.002752,-1.656564,513301,2,detached,Newcastle upon Tyne,NE4 3EH,F,2024-11-10
eca80f7c-e864-4351-b459-20373003043b,55.06701,-1.578242,243552,2,terraced,Newcastle upon Tyne,NE18 1US,E,2024-11-04
34e470a5-9fa1-4880-8d71-cfa70a2082f7,52.48078,-1.711092,401617,3,flat,Birmingham,B21 7ZT,E,2025-01-01
537b1778-7465-4469-bfe1-9f89b8d04401,54.486454,-5.895529,282016,3,semi-detached,Belfast,BT15 9BU,E,2024-10-07
02969948-b634-4714-b1c2-bde7bf9c9ee0,51.480001,0.236027,758437,2,detached,London,IG10 4OJ,E,2025-05-09
1b33547c-8b89-4a64-b6fd-b405e2a12801,52.185687,0.027068,798313,3,terraced,Cambridge,CB28 2LX,E,2024-12-01
df9eabc1-fdb3-4523-8718-5abd3e594e32,53.813598,-1.681159,418526,3,semi-detached,Leeds,LS2 2KK,B,2025-05-26
78ac0a3f-f5e0-4aa4-9658-51c9bee98a43,51.253,-0.209733,680605,4,flat,London,UB34 7TK,D,2025-02-27
b78b97ae-f761-406c-b263-db976a760624,50.872834,-1.383043,442894,3,maisonette,Southampton,SO30 5LK,C,2025-03-28
0bbdfb49-4dcb-4839-9fda-20e3cdb18973,51.567413,0.231231,1128745,2,detached,London,EC20 2LU,D,2024-09-22
a77b05ac-e506-427b-a98b-99e7feaaf5bc,50.791425,-0.213736,501958,2,flat,Brighton,BN28 2XX,C,2025-04-18
ee9d3aa1-2985-48cd-969f-3705732a5ac1,55.731544,-4.500465,499650,2,detached,Glasgow,G25 2AW,E,2025-07-13
1a085c13-d137-4503-af55-68a1cd24ca18,51.628736,0.545637,788958,3,flat,London,W20 6UO,C,2025-06-09
f31979ac-db34-4dcc-8f6c-bcd4a28eb995,51.410389,-3.078651,270870,2,semi-detached,Cardiff,CF29 4EO,E,2025-01-14
7a0569ef-70c1-4395-beae-81aecaa78689,51.411183,-0.232079,435986,1,flat,London,SE34 7CS,B,2025-05-10
96be6f54-d625-48b6-9917-25b7f21f64f1,55.04434,-1.634041,554415,2,detached,Newcastle upon Tyne,NE33 5NB,D,2024-09-07
b1c25d08-d9b4-48af-b974-50f51470626f,51.169281,-0.337009,857791,2,detached,London,NW2 6EC,C,2025-02-03
f9c956f4-47f7-4179-93f8-ac04ad81fb55,51.429513,-3.320149,340396,2,flat,Cardiff,CF14 1DT,D,2025-02-08
27e01445-c5e1-481b-a3ee-3190637f613c,53.575185,-2.330738,334855,1,detached,Manchester,M4 9BJ,C,2025-03-25
6d7c1e4b-ffad-40c5-96a3-e5de566ecc9c,55.987446,-4.268003,486667,4,bungalow,Glasgow,G33 1KY,D,2025-03-15
e2b9e8ef-3920-4ccd-b8f8-b39c9b78f26e,55.849228,-4.087621,183229,2,terraced,Glasgow,G4 4DD,G,2025-05-24
bf8bc841-7a9f-4a2a-9c12-9f87c48c5395,52.519265,-2.310796,255295,2,flat,Birmingham,B14 6WL,D,2024-11-21
12aea4bf-be4a-4dbf-aeac-fdfa0e6f5347,53.529586,-2.289021,868188,4,detached,Manchester,M16 0OW,F,2024-12-24
df234f4a-5566-4606-856c-8d93b53d28bf,55.741393,-4.004618,225294,2,flat,Glasgow,G19 3KL,E,2024-11-21
6e7377c4-50bf-4f3f-b710-b1c37c19e48a,55.925135,-4.099251,263466,3,flat,Glasgow,G21 3XW,C,2025-01-20
ba3cab29-3aed-4ae8-9221-a85d68869bbe,50.809501,-0.064024,658531,2,terraced,Brighton,BN18 3GD,E,2025-08-04
d55a3a91-c8f2-44dd-ab3f-6e8d92b141e0,55.030628,-1.809464,438779,2,bungalow,Newcastle upon Tyne,NE1 7MB,D,2024-11-16
9a4c1dca-841a-47c2-952d-a24071b2eb7e,53.722607,-2.286902,292260,2,flat,Manchester,M3 1YD,G,2025-07-22
2b478393-d4da-48c0-b241-f8f67de6b9b4,53.365666,-1.481444,343306,3,maisonette,Sheffield,S8 9PU,C,2025-07-20
479ca587-c37c-4bee-ab7c-bf916baf811a,53.441477,-2.216233,458143,2,terraced,Manchester,M35 4PP,E,2025-03-22
9e6620ef-05b1-488e-bdf4-d9f755d1f784,53.433791,-2.322819,377902,3,flat,Manchester,M20 8YT,D,2025-08-11
4b2a019a-c178-4dc2-84c4-29c1d5de66e3,51.521922,-3.04493,424686,3,semi-detached,Cardiff,CF3 2JA,C,2024-12-16
3bded424-492c-45cc-9dec-b644a3e20bb7,51.448866,-1.090123,452796,2,flat,Reading,RG7 7RO,F,2025-06-28
19febc65-ea84-4568-a8c5-b287d0424313,53.726756,-1.397785,702940,6,detached,Leeds,LS25 9FC,D,2024-12-29
3a7f5b54-c79d-4cb1-8927-287c6f3d7ccf,51.510348,-0.22015,1037027,3,terraced,London,HA24 1YX,D,2024-12-15
cca60c4d-53dc-4fb3-b8d1-f015b279e959,53.530957,-2.317582,769498,3,detached,Manchester,M16 4TR,F,2024-10-26
9ebb141d-59ff-4275-a5fb-d73c94a7f4c1,56.003236,-3.284492,687068,2,detached,Edinburgh,EH29 4JS,D,2025-01-10
c5002bb1-747f-4643-9110-9dfbcf095aa1,54.012297,-1.182552,547283,1,detached,York,YO9 4YC,D,2025-08-30
6d7ebd9c-4c7b-44ae-9bd7-37f21c2d7c8e,53.415153,-1.620678,228714,2,flat,Sheffield,S29 5UL,B,2025-08-22
27550bba-45be-45ef-908a-337f6c94ce84,51.718134,-1.342614,608008,1,bungalow,Oxford,OX4 8XH,D,2025-01-16
16d4c335-60e7-43ae-b005-0a8da8ffdd33,55.933602,-3.135396,468016,2,flat,Edinburgh,EH20 1PY,C,2025-02-28
2f9a3950-c2ab-46b5-83f6-9562f3748c80,51.498427,-3.165942,376648,3,flat,Cardiff,CF12 6MH,D,2025-04-28
2cadbd58-9afa-4c25-8bde-784d1f738573,52.34103,-1.781897,703031,2,detached,Birmingham,B33 6PZ,D,2025-03-31
e2f8e634-7d7b-48a0-a86f-fe88584cced4,53.440663,-3.072019,424050,2,detached,Liverpool,L5 1CT,C,2025-03-15
35fb858c-5e5d-462f-a1ce-9358fad6b705,51.500027,-0.220848,1113241,5,terraced,London,KT3 8RK,D,2024-10-14
7e4550b8-d04a-4bf3-be86-bb24db5ffe0e,55.966898,-3.357305,877867,2,detached,Edinburgh,EH28 0EE,C,2024-09-09
a3408635-2367-489b-bd92-3b1cd25c5c66,54.621264,-6.186337,360348,1,detached,Belfast,BT11 5ZL,B,2025-04-28
e213d06b-6d77-4382-b9be-e3b48177cf2f,51.786382,0.390902,561365,3,flat,London,SE31 4FM,E,2024-12-31
7d32b7b0-e2f2-470a-bddf-fa25907882dc,52.156918,0.017682,673199,2,terraced,Cambridge,CB27 0LE,F,2025-08-28
2de24f24-5261-452a-a334-5bcdf026d5d2,51.496985,-0.323815,451413,1,flat,London,UB31 7TD,G,2025-03-30
1d3e4d9e-87aa-4bc1-a357-81b027655e06,53.535913,-3.255774,490982,4,bungalow,Liverpool,L4 7FZ,D,2025-01-13
63d4241b-f0a6-4ff9-9775-a788e16405ed,51.520628,-0.035265,559992,2,flat,London,W32 4NE,C,2025-02-22
f9eb0f88-8f38-4c1a-a9a9-97a3028469f4,51.313439,-0.0949,650558,2,flat,London,CR13 3AF,F,2025-04-17
10bfbba8-8ac5-4ad1-8fd2-67b6742855da,51.741266,-0.177539,1158584,4,semi-detached,London,IG33 5XO,D,2024-11-02
ed4a935b-cdac-47cd-8e57-2f2e358677cf,51.797376,-0.103079,1521920,4,detached,London,CR11 6KY,E,2025-04-02
44ddfa07-b7b1-4ca8-ab3c-417d8440ae56,51.325148,-2.603801,660275,4,flat,Bristol,BS16 8LO,E,2025-02-21
d4bfa19c-608c-4eaf-9b02-d89631c4a652,53.290979,-2.418495,299927,2,flat,Manchester,M12 9PY,F,2025-07-10
2367b456-0afc-4b1d-82cd-b18fafb5e019,51.663898,-0.029546,641489,2,flat,London,CR30 4CS,G,2025-08-14
2233a7ba-241c-4951-b8f1-456f04344c73,50.761534,-0.092167,990253,2,detached,Brighton,BN35 7UR,E,2025-01-03
49548cc2-d10f-4366-84fd-02368c5b4acf,53.569581,-2.23177,318197,2,semi-detached,Manchester,M12 7GB,E,2025-01-16
23575e6e-ba9a-4cf7-a9a7-ed01ddc9dad6,51.449388,-3.27336,589453,3,bungalow,Cardiff,CF4 9RJ,E,2025-01-16
2985af1e-2ad3-4c10-89d6-d67924e344dd,51.640559,-0.251605,922686,3,flat,London,EC20 4TK,D,2025-07-19
bd3ab7d1-6088-4eea-8848-35890f29165c,51.841798,-1.23932,362982,1,terraced,Oxford,OX12 0EZ,D,2025-02-05
1ac1696d-0c9d-4b5b-b308-5d70bc633911,53.44812,-2.137874,592675,2,detached,Manchester,M7 7WN,D,2025-03-08
98b19960-49e9-4593-a875-625bde6889ef,52.379062,-1.983212,197227,1,flat,Birmingham,B8 7WZ,E,2024-12-31
763ab6b3-36f8-45c8-94fc-721ecf13ccd9,53.741992,-1.654133,508362,5,flat,Leeds,LS13 2UK,D,2024-11-04
7e0cc57b-0f6e-4981-874f-733f20cfab6c,55.935232,-4.095844,311823,3,flat,Glasgow,G14 5KN,E,2025-05-11
ed069da1-9057-4250-94ed-ec1676cab12b,51.74559,-0.15392,520197,2,flat,London,DA11 9UP,E,2025-01-23
cb563d2e-dcc6-46fa-b896-33dedbc84706,53.388077,-2.374591,217079,1,flat,Manchester,M35 3JT,C,2024-11-23
1e97b971-abc1-41fb-bbf7-151758f75f43,54.596102,-6.081021,205895,1,terraced,Belfast,BT34 9SD,C,2024-11-20
324b1629-7851-4a87-87ea-01c1c59b4bf0,51.769128,-0.26431,518034,2,flat,London,NW4 3CE,D,2025-01-14
57fdae37-4965-4ce5-8046-bb0b729e090f,52.419485,-1.893142,531588,3,flat,Birmingham,B33 6HJ,D,2025-02-02
16170544-9661-4923-873b-b59e00f8ee34,51.532171,-0.052576,736948,3,flat,London,KT1 1CR,E,2025-07-22
d7836f10-a7e5-4b59-9399-afd54828420c,52.449039,-1.971201,358975,3,flat,Birmingham,B10 0TX,E,2024-11-02
38d23a87-9816-479d-b22e-b54286e9bb23,51.695718,-0.175071,554948,2,flat,London,W2 2JJ,D,2024-11-09
f2eaec63-57fc-44a6-a85a-df7a8470c593,51.414031,-1.204439,278290,2,flat,Reading,RG34 8ZK,D,2025-03-19
1472b61e-44fd-44cd-b9b4-e9d2e1197174,53.543999,-2.525445,608058,4,bungalow,Manchester,M24 9SR,D,2024-11-13
0a51b76c-b5ce-41ce-8206-9c60f923ac57,51.496055,-0.273478,594128,2,semi-detached,London,NW19 1LM,B,2025-03-18
5a00733f-ec39-48d8-9a0d-8416040e873e,54.625854,-5.977663,304274,1,detached,Belfast,BT25 2NW,B,2024-10-23
ce56b8b4-685f-4e70-aede-629cbe42cca1,52.379418,-1.927406,353856,2,terraced,Birmingham,B14 1YN,E,2024-12-07
4ea9b691-74af-41fa-a488-acfe413ef6b8,52.45675,-2.313047,395831,2,terraced,Birmingham,B32 0LT,E,2025-07-16
922b1cc4-1507-49d8-8836-3aa73fed1a68,51.534562,-2.477476,341602,2,flat,Bristol,BS6 3UR,E,2025-08-02
dd00842c-d552-4423-a0c8-79803f1ddfb7,53.35019,-1.574435,391203,3,terraced,Sheffield,S25 4HE,D,2025-05-13
60772fad-3fa5-4308-89cd-4d207d3a6a49,52.171088,0.043218,359075,1,flat,Cambridge,CB29 7KB,E,2025-06-06
946325b7-044c-49db-afdb-f78b9ce63ca8,51.541897,-3.302494,259294,2,flat,Cardiff,CF4 5AJ,F,2024-12-26
c42e3734-0a35-457d-befc-789e8982d096,51.492285,-2.47107,573062,3,terraced,Bristol,BS34 3LC,E,2025-01-25
848480a3-e0f9-48ae-8337-aa4d16f99a6e,51.473821,-3.154118,419607,3,terraced,Cardiff,CF23 3WN,F,2025-08-11
e2c54ceb-da90-478f-9d6f-5ce21e581b30,53.589023,-2.14233,172670,1,flat,Manchester,M13 8TS,C,2025-01-03
0dee034c-d4a9-4356-9d00-9313a9de0348,54.933501,-1.469095,446002,4,flat,Newcastle upon Tyne,NE27 9BA,F,2025-02-06
22a00e3b-e010-44ef-82e2-83835896f2fb,50.870354,-0.148489,1294410,3,detached,Brighton,BN33 8UH,C,2025-07-24
e2db4987-c025-4fb2-aad0-4e684420eab7,53.823438,-0.939746,484449,2,flat,York,YO18 5MM,C,2025-06-29
c3402eb8-d59a-4dde-a79b-2df6ebd80d20,51.504697,-2.485821,495126,2,terraced,Bristol,BS23 6UK,E,2024-11-24
1f56163d-9c94-4f56-8b74-ed898f0e450f,51.614334,0.236671,469266,2,terraced,London,IG22 6DX,D,2025-02-23
be33e3da-6c0f-476c-849a-54a714f031ce,50.916705,-1.240339,394464,2,semi-detached,Southampton,SO29 6MA,D,2025-04-20
db755495-2579-485c-9c81-4e590612eb10,51.432997,-3.106365,319713,2,terraced,Cardiff,CF18 2XG,F,2024-10-15
df225992-82d6-4689-bf51-e0515f0fb4b6,53.977842,-1.116994,459193,1,detached,York,YO34 1KF,A,2025-08-31
5136b4d7-3f6c-407f-85d5-1a7b7d6dc454,55.929497,-3.097777,333297,2,flat,Edinburgh,EH10 6PJ,E,2024-09-21
264bd7ec-ec5b-4163-80e6-166a2c2e7dba,53.470268,-3.073072,316405,3,flat,Liverpool,L25 0RG,C,2025-04-20
8406a14e-a26c-4ce2-8c8e-3bed1e37a21e,51.425548,0.309933,1365193,5,terraced,London,IG9 1RD,E,2025-06-01
68efcd90-c385-45d2-a2c7-7e95d3f50b71,53.916639,-1.064002,411838,2,flat,York,YO16 2JF,D,2025-03-21
a870141f-03ea-4015-824c-5cc9d2b8ca59,52.992921,-1.057277,232963,1,terraced,Nottingham,NG11 8TY,F,2025-01-18
46c0f7eb-043d-44be-abba-ca0b02ce18c3,52.402502,-1.658371,286634,2,flat,Birmingham,B22 5XZ,G,2025-01-24
e21d0199-3195-4c1b-a1c3-52f82e1c9729,53.938769,-1.161161,621690,2,bungalow,York,YO30 6JX,E,2025-01-28
5e9ed6fd-9e4f-4bc2-b6c2-87341d6c7f77,53.759596,-1.411146,343992,2,flat,Leeds,LS4 5XH,D,2025-04-18
bef46f06-0ba7-4129-85cd-5c8b0aff8124,51.581433,-0.325691,774124,2,detached,London,EC3 8SY,D,2025-05-06
ce6979ae-19e2-46b1-9885-86259574f242,52.995578,-1.080282,595753,3,detached,Nottingham,NG34 9RX,E,2025-04-27
bc906be8-3756-4483-95f3-54e1f667022c,51.444491,-0.07844,603007,2,semi-detached,London,TW17 0DP,D,2025-04-16
5ced5988-e474-4fda-9a84-9a24c640db57,51.624697,-0.029504,1125506,2,detached,London,WC21 5DF,F,2024-11-19
bfafcea8-3735-4658-9a50-cbc4f717cec8,51.489962,-2.378046,367219,2,flat,Bristol,BS18 3AO,D,2025-08-13
366544c3-ef11-4e8d-b041-cec31408b6fa,52.956493,-1.082645,224417,2,flat,Nottingham,NG22 5SK,F,2025-01-31
d64a1a04-48d1-4844-894e-c01c038ac91d,51.81494,0.103585,1334129,3,detached,London,TW1 9PB,F,2025-06-16
a6450803-cc53-4ba9-a035-0362d5d3a0e5,53.509598,-2.36133,379850,2,semi-detached,Manchester,M15 8OF,D,2025-06-13
e04b5740-6016-43a7-9ade-f3eca770531d,52.498578,-1.830014,490728,3,semi-detached,Birmingham,B17 1UD,B,2025-06-29
0bd86df0-2dc6-4752-accf-14a5262f6220,50.723738,-0.106926,672095,2,bungalow,Brighton,BN2 5MT,E,2025-08-11
1ed0464c-6960-4b36-99e2-343432ac42e9,51.61327,-0.075601,656622,2,flat,London,N20 3SZ,A,2024-10-15
c9f51120-8b1e-4584-8131-c9e7406a603a,53.533944,-2.294393,497423,4,flat,Manchester,M6 3JD,E,2025-04-15
9b17aa4e-2cd7-4583-bf45-4503394d1956,51.698422,-0.003249,899073,2,detached,London,DA3 0TY,B,2025-01-07
4c863bdf-3b98-4824-8a73-259a3812301f,54.094908,-1.13116,1198376,3,detached,York,YO30 8SG,D,2024-10-13
77824519-971c-4c2b-bf85-29bfa1e20b16,52.653187,-1.879544,253322,2,flat,Birmingham,B10 7CW,D,2025-04-20
9197b076-7290-4ca7-a30b-544fea2ce4d5,51.681437,-0.405206,572716,1,flat,London,CR15 2MY,C,2025-08-26
a5ffd8f6-d888-4b03-af4d-01e949235660,51.693531,-0.327051,950487,3,semi-detached,London,UB21 0DF,G,2025-07-14
d8262ec5-a964-4f74-9e10-589c3c586232,51.482986,-0.118805,1064538,5,flat,London,IG33 9WA,E,2024-12-18
cf4efeed-af0a-4651-840f-036724060d0d,52.966992,-1.191478,322746,3,flat,Nottingham,NG35 9WS,F,2025-03-29
a754e1b6-8461-468d-af51-8b40dce2eec1,52.934525,-1.222456,638839,5,terraced,Nottingham,NG19 8XY,E,2024-09-10
2404fbab-2cfc-4f04-83a9-04664b26ff03,51.550201,-0.16659,719755,2,flat,London,W26 2DN,F,2025-07-20
3257286b-10cc-4d0d-b80f-f8b609789e93,51.412113,-0.193497,1236948,6,flat,London,SE25 9YK,E,2025-03-28
55910627-1a10-4eb8-adf9-c13c99a712be,54.505629,-6.100603,244447,1,bungalow,Belfast,BT14 3KH,D,2025-01-16
14ccbb47-3d2c-4df4-8702-62d9e2bfd498,51.333655,-0.176201,727458,4,flat,London,KT5 4ZY,F,2025-01-15
b398676f-fe6c-449b-9dd3-46d80454083b,52.042944,-0.884136,486134,3,semi-detached,Milton Keynes,MK14 6PS,B,2025-03-01
6dd790fd-94a9-4a52-b178-b85b8f67e960,55.992008,-4.486877,328112,2,semi-detached,Glasgow,G31 4OT,E,2024-10-13
639615ea-ff3a-4665-8ec5-a28777852cce,52.613292,-1.965204,249920,1,flat,Birmingham,B16 6BR,E,2025-03-11
81a2a50c-b7b0-4c46-be5f-c6f9ba6b8c2e,51.392912,-0.911947,750733,6,flat,Reading,RG32 3GT,C,2024-10-27
c4e5f0e7-d0e5-4f5e-be0f-534f6729d055,51.180989,-0.485597,689285,3,flat,London,EC21 7LP,F,2025-03-06
46824ee1-e6af-45ca-9eb4-6887853443f1,51.608095,0.182735,1151679,2,bungalow,London,E15 9XM,C,2024-12-08
2bc9d0de-f160-446f-a8ce-e190bc45b7e5,53.527755,-2.186734,269904,2,terraced,Manchester,M14 4PL,D,2024-12-16
1672279c-c9bf-49af-9093-317e3056439b,51.484422,-2.539633,556109,3,semi-detached,Bristol,BS26 2JH,E,2025-08-26
65034cfd-65ab-45c3-9151-bbe8abc4b5b4,52.56783,-1.803696,287684,3,flat,Birmingham,B30 5GH,E,2025-04-17
501124d2-b0af-4520-b152-9c42d43a9560,51.603715,-0.358059,604502,2,flat,London,E32 2FU,E,2025-01-17
5c4d9f87-5dca-431e-94d7-993c7af5e110,55.958709,-3.140448,520646,2,terraced,Edinburgh,EH33 4DG,D,2024-11-03
b2ccbcbf-c9ea-405c-81dc-b3381513047a,52.07956,-0.955767,398816,2,flat,Milton Keynes,MK26 5DM,F,2024-12-17
6d73b21c-18d4-4d81-86a6-fa277cffdce9,50.935742,-1.372264,289904,1,terraced,Southampton,SO16 5YS,E,2024-10-07
b802688b-933d-4a25-a8b3-903959430d13,51.493363,0.257015,823617,3,flat,London,E27 3JS,G,2025-04-20
e789bcfc-750b-4108-b5de-2e3908833490,52.610097,-1.764738,348071,2,semi-detached,Birmingham,B33 5WA,E,2025-03-16
8eec6b44-93c4-4f82-af9a-5c27f567ea02,51.389433,-0.128031,700821,2,terraced,London,IG3 3GF,E,2024-10-07
b69fa55f-622c-41ce-b4a7-37d70e3acedd,55.952214,-4.367799,264989,2,semi-detached,Glasgow,G6 6SM,A,2025-03-16
51bbcc93-b94f-449c-9847-925d87c11a0a,51.320119,-0.323103,1177561,3,detached,London,EN18 4SB,D,2024-12-14
8b0aaadd-ec74-49e2-a9ee-7d7c171dbb6b,52.442505,-1.742851,424557,4,maisonette,Birmingham,B3 1ST,E,2025-04-07
95672f50-cbc2-4a8e-9479-259fab6b60f6,51.415977,-2.671824,339923,2,flat,Bristol,BS19 1CD,D,2025-04-12
e0691343-1eb9-4aef-9422-893365bdcc8c,53.36608,-2.390562,294445,2,flat,Manchester,M33 0RH,D,2025-04-10
59e5bf9c-6c28-41c6-a146-f20a712a2052,55.930847,-3.266196,458131,1,terraced,Edinburgh,EH30 1PB,C,2025-05-01
23340161-fab3-4407-9dbe-33d625955010,52.478054,-1.737635,290567,1,semi-detached,Birmingham,B29 9GP,D,2025-02-26
397190b5-a01e-4299-b556-35ec94d0e960,51.5038,-0.51203,1297261,3,detached,London,SW9 5TA,C,2025-07-06
bf29236b-01fe-451f-8594-dcc9af504d1e,51.452023,-3.119168,220785,1,semi-detached,Cardiff,CF25 7YS,D,2025-02-16
5118acc2-0a94-47b0-ad4d-2d7765534529,53.411943,-1.567785,343798,2,terraced,Sheffield,S31 9OH,D,2025-08-01
459cc42d-a4c1-428b-bb73-f06c7edd0543,50.869444,-0.025616,678833,2,semi-detached,Brighton,BN2 3AG,E,2025-06-14
ba958e38-52cb-433b-9bee-ba24202d9594,51.734712,-0.527992,535083,2,flat,London,NW4 6YO,C,2025-01-21
e3ec6191-638b-418f-a126-e39fb3d4fe1a,51.40368,-2.607451,332378,1,flat,Bristol,BS23 8SM,G,2025-07-01
d688e0de-c654-43a4-b5b9-8aed22c957f2,53.455028,-2.351568,317358,2,semi-detached,Manchester,M15 0ZC,G,2025-04-21
8f3f8856-e429-4922-80a0-adf8c48e0883,51.661662,-0.349926,592704,1,detached,London,SM30 3CH,E,2025-07-12
289dd80a-f5eb-48dd-8740-14feb475e880,53.585526,-1.508506,264597,2,flat,Sheffield,S31 1RX,D,2024-11-05
a82788cd-b6c2-4dee-a988-908d1fd28855,51.793098,-1.113415,619286,2,terraced,Oxford,OX30 5FE,F,2025-03-25
344d4509-f094-4609-a57c-1a5439aac06f,54.563117,-5.803886,377930,3,terraced,Belfast,BT18 6EL,E,2024-11-08
1e2b0fda-204d-4a3a-9513-f264749704cb,51.399541,-0.251664,838633,3,terraced,London,TW4 4XH,D,2024-12-24
d34b0ebc-2439-434e-97b7-71ad5f399e49,55.803029,-4.120295,182527,2,flat,Glasgow,G20 3HB,D,2025-06-17
995b4784-13aa-4e0d-9f98-a14158b0f512,54.545666,-5.817545,412598,4,terraced,Belfast,BT34 6JY,D,2025-04-28
ebc9a45a-fc76-4de2-9567-f9ad1b427af8,51.560284,-0.432906,802283,3,flat,London,SW15 5PH,D,2025-05-30
4040d64e-de3d-4cc0-b695-af65be7e8b20,52.184512,-0.009048,1047915,5,flat,Cambridge,CB16 3CM,E,2025-01-23
1c8cd422-3438-452c-810d-24cff294a014,51.407284,-0.046391,454858,1,terraced,London,IG9 9JY,F,2024-11-10
92678e17-a63c-4627-864d-fe8072edb99b,51.637874,0.007675,969460,4,terraced,London,KT28 9SR,E,2025-08-03
18620f6d-c8d7-4f8e-9045-1aa10625b602,53.509337,-2.249271,388291,3,terraced,Manchester,M26 1NA,F,2025-07-17
7c0468c6-78df-482f-916c-5796712c25be,53.443934,-2.891574,217164,2,flat,Liverpool,L10 8HE,F,2025-03-25
03b01153-d313-417b-93a5-0e99fe6e9bd0,51.473799,-3.36141,454721,2,terraced,Cardiff,CF21 4RH,D,2024-11-14
006016fe-f1f1-4bff-8c86-e90151ab2db0,51.646322,0.030447,636533,2,flat,London,TW20 3UZ,C,2025-02-25
53e05e9b-67df-47d8-a45b-d24ffb1da7d8,51.297387,-0.063867,1198260,5,semi-detached,London,HA15 7JS,E,2025-06-20
9552e55a-42ee-4b21-a22d-062c1239ed31,51.299943,-0.417831,643112,2,flat,London,NW29 1AZ,B,2025-06-16
f708aa6f-d023-48cb-8dd6-04761149abce,51.493092,0.364114,524217,2,flat,London,NW23 0NK,D,2024-10-25
ab453caf-6683-4afe-98b5-0d77a59a4c73,51.420911,-0.646178,702016,3,flat,London,DA17 0ND,C,2025-04-16
8c988678-fb59-4587-a878-95383c74232e,55.862875,-4.203866,191349,2,flat,Glasgow,G29 7FN,E,2024-11-27
2e19b5d0-ea9b-4871-bee8-268bab45a7cb,51.372231,-3.274889,380093,2,terraced,Cardiff,CF18 3DH,F,2025-06-03
b1537a1a-1ee2-4156-8519-b74e9b2bf658,52.957089,-1.203325,423855,3,flat,Nottingham,NG11 4JF,F,2024-10-05
10f02f1f-32ae-4788-9e93-37e477af69a9,51.30755,-0.125264,792672,3,bungalow,London,KT4 9WY,D,2025-03-18
ccfdf784-13a2-4ece-9543-de45705c46e3,53.354608,-1.378587,236180,2,flat,Sheffield,S23 8DO,F,2024-12-09
4db81d42-3dee-4200-890b-3fa159447a2e,51.455665,-2.684081,479733,1,semi-detached,Bristol,BS27 9DP,F,2024-09-09
fc548bab-1a2f-4ca7-8d61-7c24c0787f20,52.182121,0.244679,389797,1,flat,Cambridge,CB4 0LT,C,2025-01-15
0c5d59fb-7617-4332-8395-7ef5dd597640,51.677951,-0.058154,579019,2,flat,London,N31 1ZK,B,2025-04-25
c1f728b7-c282-45d6-bba4-9e64423b86cb,51.443737,-3.221254,239381,2,flat,Cardiff,CF30 9YB,C,2025-07-29
c560717b-4405-43b5-8eff-ebbc34861f3a,53.429505,-3.057191,666220,4,detached,Liverpool,L24 9YL,F,2024-09-09
02121f42-2280-4723-8ea3-7849565f819a,53.414168,-3.031746,282279,2,flat,Liverpool,L20 9JP,C,2024-10-22
4ff9c1b1-1905-46a3-9148-caa6f192d8de,53.65036,-2.633483,508691,3,bungalow,Manchester,M5 2BK,A,2025-07-07
4a661cae-270a-45cb-b2db-77df9e24f13b,54.573514,-5.766885,303089,4,flat,Belfast,BT33 6HR,B,2024-12-22
06a5a66d-da47-40b1-88c1-bc103b94a1d8,52.181129,0.155273,701977,3,flat,Cambridge,CB35 2YY,F,2025-07-23
16f62608-392d-48df-ad95-17ee4c8e7d89,53.317365,-3.188058,277309,3,flat,Liverpool,L31 9MZ,D,2025-07-15
b6fa7a33-9722-4814-a465-56f8af03ba77,51.540036,-2.64036,453268,3,semi-detached,Bristol,BS8 2XE,F,2024-11-04
c1805fe4-c942-47dd-b4b7-c0c19ee1317d,51.290915,-2.556059,309395,2,flat,Bristol,BS23 9CC,A,2025-03-25
9b7fd5ef-8d37-4b20-93d5-cda2528e73d3,51.423953,-0.133612,574743,1,semi-detached,London,BR21 9JN,D,2025-07-10
38e01a16-7dbb-4765-8866-0d5d0015ee4a,51.244519,0.022579,525138,1,semi-detached,London,KT25 1FO,E,2025-07-27
f035f735-839e-4956-a6a3-e774aa197120,53.453951,-2.414163,215983,2,flat,Manchester,M23 9LZ,D,2025-05-09
b627809b-bf6d-41bc-901e-8679a555634f,52.523414,-2.093751,178704,2,flat,Birmingham,B16 9DS,G,2024-09-20
c404d1bc-7e6f-49cd-8ff8-539f34c01211,55.691583,-4.432384,258439,2,flat,Glasgow,G4 8ZW,C,2025-04-13
83807c0b-8b59-445e-87e6-15fb1b17f2bc,52.9346,-1.06229,463989,2,detached,Nottingham,NG28 6CC,D,2025-08-26
a2e6c7cb-5a80-4ca5-b7e0-674bc77c25e8,53.945965,-0.982429,444912,2,semi-detached,York,YO29 8WD,C,2025-04-15
03bb5888-d313-466f-944f-6e9296f36a59,51.323894,0.03128,596682,2,flat,London,TW20 8DP,C,2025-07-28
cb31636c-9efc-4136-ae3a-04f2a19d75ff,51.273833,-0.075998,325012,1,flat,London,BR4 2OR,F,2024-10-21
1a2754e9-9e2f-4c29-99fa-dbb132fe9195,55.947612,-3.107657,913117,3,detached,Edinburgh,EH27 0AU,F,2025-07-31
71c8629d-23f7-40d4-9ebb-e7bc9611524e,54.545806,-6.014414,255538,2,flat,Belfast,BT8 0NY,D,2025-02-08
47491a1d-b93f-42c3-be7b-f902c4c3403f,52.950898,-1.095424,437900,5,flat,Nottingham,NG26 2SN,E,2025-05-23
8a8038cf-c71e-45bc-9453-6c95778b9979,52.426326,-2.163912,611281,2,detached,Birmingham,B21 6JE,D,2024-10-24
b1010ba7-cf9c-404d-bb6a-cdbcc110c4c6,53.319639,-2.767479,156335,1,flat,Liverpool,L5 9LL,F,2025-07-05
ddc52a7a-35d0-4d91-9e33-a729abba90f0,51.47009,-0.450739,1041402,3,terraced,London,DA24 3AP,G,2024-09-14
8fae9a62-9dc6-48c3-a730-9f0b66a8ec12,51.687357,-1.242037,994279,4,terraced,Oxford,OX23 0EU,E,2024-10-30
242e1dca-2430-4988-8dce-a017c6e5011b,51.448923,-0.944557,379730,2,flat,Reading,RG15 1KE,E,2025-02-15
0c13806a-b6d6-4ed6-8c9a-3cf1ec694d7a,51.532197,-0.202339,441765,1,terraced,London,SW18 8YZ,G,2024-11-04
f0325c7f-44d8-4b53-afb5-bf628338f949,53.414359,-2.207005,350588,2,bungalow,Manchester,M2 7DS,D,2025-03-11
228e0a65-c631-402d-9546-0395aaa4fc25,53.998388,-1.110677,559852,3,semi-detached,York,YO8 3PX,C,2025-05-03
b726e9de-29dc-45ff-b1a8-c9c0f013b2b1,52.934266,-1.228953,300332,2,semi-detached,Nottingham,NG25 7ZS,E,2025-03-06
abddf372-dd9b-45a3-a668-801ab28b0681,53.377969,-1.208162,419575,4,flat,Sheffield,S14 5UK,D,2025-03-14
c0e4d44e-c1f0-4b33-a889-c9cc98568f02,56.018699,-3.005067,477681,1,terraced,Edinburgh,EH29 9WY,E,2025-01-05
9d1674de-2de9-4936-b437-bfd4e057a931,55.918627,-4.421776,340928,3,flat,Glasgow,G27 1OK,D,2025-02-12
09ab4388-0b8a-4ddc-abf1-3dbae8224b65,51.408111,0.231945,653239,2,semi-detached,London,NW3 8HB,B,2025-07-20
2b625934-8c05-42fc-8d91-2e42a89fd20b,51.672398,-0.478641,755166,2,bungalow,London,DA29 5MC,D,2024-10-09
2b913322-7821-42c6-876b-2f7b84628707,51.298896,0.035183,1026790,3,detached,London,UB32 0MO,D,2025-04-24
8a99bace-3e30-4ff7-9fb7-6e19f5a26a82,51.605542,0.089035,1267683,3,detached,London,UB33 7ZB,C,2025-05-26
32f5d443-b9c1-495c-b282-61b13c2943c2,53.432479,-2.219861,444914,4,flat,Manchester,M35 9AM,B,2025-02-19
3d59cee1-ad54-454f-9c44-9fcb29a16cf6,52.073774,-0.744796,864410,4,detached,Milton Keynes,MK2 6XH,E,2024-11-25
0c85e6ab-56df-4bd7-a999-0f6ac81ae451,51.621337,0.082235,549406,2,flat,London,BR16 6SB,D,2024-10-26
eb837d2e-0e7b-498b-a220-56b3d3ac44f8,51.282732,-0.045105,947570,2,semi-detached,London,SW12 6OJ,C,2025-01-25
2f6b72bf-c9a8-4b43-afeb-4b285a4e425b,52.250472,0.042926,1157252,2,bungalow,Cambridge,CB22 9DR,D,2025-06-02
a84f6f32-8971-4118-bb39-20df307ad542,52.566151,-2.032056,257944,2,terraced,Birmingham,B33 2AN,A,2024-10-28
93487ba2-636f-4b66-8c7e-645a9bba6f87,51.491803,-3.159332,299122,2,flat,Cardiff,CF23 2XU,D,2025-03-17
28460360-90fd-4bd2-86ae-1fbeab9d30af,51.601866,0.042171,938503,2,semi-detached,London,SE8 3DS,E,2024-10-28
5d508036-b18c-40f9-ba12-a325f0051148,52.15782,0.049744,551681,3,flat,Cambridge,CB7 0UL,F,2024-12-18
3632cefc-98d3-4bbd-b676-3ecb10a39cba,52.569641,-2.051238,639826,5,bungalow,Birmingham,B33 5JE,A,2024-12-26
e7ce3f5b-180f-4d9e-876b-9ea392b19834,51.658217,-0.404293,561087,2,flat,London,NW6 2XG,E,2024-12-05
0d4c3fa7-0ffc-40a5-bc27-1be50981ffb8,52.083866,-0.739848,475090,3,flat,Milton Keynes,MK16 9ZL,F,2024-11-06
286d88ff-cafd-47d1-8f7b-8140c6939f96,52.160332,-0.063118,1201784,5,terraced,Cambridge,CB26 3DS,C,2024-09-23
8eea2c01-1dd1-418e-8851-430f7005f691,52.21869,0.214726,579968,2,flat,Cambridge,CB5 6PF,B,2025-07-12
8e01e665-a338-4fc8-9a75-466c507ca2b5,52.479582,-1.860226,255017,2,flat,Birmingham,B21 7WZ,E,2024-12-03
768f10e0-c702-4670-b2e6-1fb513c73839,53.942377,-1.083723,830072,3,detached,York,YO27 9GT,C,2025-04-22
dfe6ee9d-f782-482b-9d6b-ef37a04889a0,51.551491,0.279185,943517,2,detached,London,CR8 9RS,A,2024-11-04
f5ffb780-17fe-497a-a5f7-87fa166b00ea,51.491477,-0.082166,480666,1,flat,London,EC12 2AG,C,2025-08-14
7c864a27-d3b3-43f1-83eb-00010bdfd706,53.39655,-1.517293,184776,1,flat,Sheffield,S27 6MD,E,2025-01-03
9b0114b7-092b-450e-a9ac-fd3c7c64fb62,55.0937,-1.729761,394721,2,semi-detached,Newcastle upon Tyne,NE25 1FK,B,2025-01-17
5de0362d-c27d-4187-9ebd-cd4c3049ab61,51.48586,-0.596577,517894,2,semi-detached,London,NW31 3YC,F,2025-03-18
d0d4d6b6-abd7-41b8-9a2f-e9fc0c6a4366,51.301677,0.182337,962397,4,flat,London,CR17 7NX,E,2024-12-07
953f856e-5a33-45c2-b182-a5155fcda1b3,52.421966,-1.885375,638858,3,semi-detached,Birmingham,B28 9DP,B,2025-06-28
5c36be07-b509-4125-85cb-e97fab91518e,52.468013,-1.8373,325341,3,terraced,Birmingham,B20 6NW,E,2025-08-03
cd1db538-141f-4162-b924-99a8106c2805,52.151943,0.219464,610458,1,detached,Cambridge,CB16 4GH,F,2025-06-16
ebe6bdd7-3add-4205-9692-2285f4f447b6,51.516076,-0.147191,462727,2,flat,London,E14 6TK,A,2025-03-04
a1d65674-65a3-4c83-bb6c-aaf9671948c8,55.869261,-3.074632,460718,4,bungalow,Edinburgh,EH5 8CT,D,2024-12-29
3fe6dd43-dc05-4db1-8c51-42758b6b422f,51.383409,0.08845,719241,3,maisonette,London,EC21 4KZ,C,2024-12-12
17bb5b2e-83b6-41ef-affd-28d9a6734b3f,50.945202,-1.359225,555827,2,detached,Southampton,SO24 0FC,E,2025-08-10
57f2c3f8-5dc6-4638-9e81-9d67171b9a1f,53.354972,-2.709636,560975,3,detached,Liverpool,L25 8ZT,C,2025-06-08
0f4b34e1-a3a2-43fc-a109-db3f9c983fcb,51.416247,-2.625875,451418,2,bungalow,Bristol,BS15 5XG,D,2025-06-01
1e6f6ab9-5ebf-4a03-ad02-203d1da2073e,52.822747,-1.46696,194588,1,maisonette,Nottingham,NG28 8AT,E,2024-11-14
2d355816-c17f-4fea-b92f-81a0cc14a3a6,52.768932,-1.884629,385887,1,detached,Birmingham,B24 2FZ,D,2024-12-22
d815a42d-fe1e-42d1-bd35-8a075dcac60f,53.487427,-1.375855,275023,1,detached,Sheffield,S1 0XA,F,2024-12-07
8ff475cf-ef9a-4ffd-927a-eff19c65cf21,55.939116,-3.376429,400969,3,flat,Edinburgh,EH20 4UL,G,2025-04-14
e03b3f32-3af8-4aba-b96a-d559b9b64bd0,52.184512,0.098986,1005530,3,detached,Cambridge,CB7 2RH,C,2025-02-19
3cdc6d40-4da7-4748-b94a-8978b1fb6c68,51.461098,0.055258,784135,2,flat,London,CR4 7DH,D,2025-02-05
b84a416e-2366-4040-852d-c4e6d4d7999b,55.941491,-3.228405,540839,2,terraced,Edinburgh,EH29 7TR,E,2025-06-01
eee0bc71-a5fe-4f12-97bd-0cccb0071534,50.775862,0.02699,566225,2,terraced,Brighton,BN16 5XN,E,2025-06-08
091612e0-86b5-4d5f-b2f3-84a5681a25f7,53.394646,-1.320519,512475,2,detached,Sheffield,S1 0OS,C,2025-08-11
be7955f4-10e2-40ba-b7ea-be562cb2bf25,51.255995,0.179285,940192,4,terraced,London,UB14 0NL,D,2025-05-23
1befd402-bfee-44fb-a3fe-faa0d3eefcef,52.065638,-0.820216,283800,1,semi-detached,Milton Keynes,MK32 2HO,D,2025-03-22
55bb471e-509e-4b45-ae0c-d96baa95102f,50.874027,-1.261856,337484,3,flat,Southampton,SO19 7NX,D,2025-06-23
3cfbf3ce-eee3-4606-becd-c358db376cc7,51.340257,-0.44742,1265245,2,detached,London,KT35 9GB,D,2025-03-11
44be8bb4-fdcc-4b65-ba63-4c34ae9861fd,53.402558,-1.551498,192030,1,semi-detached,Sheffield,S1 2KD,E,2025-05-19
9e315bed-f692-490f-855b-205e2fce98c2,53.929278,-1.004418,628347,4,bungalow,York,YO33 0CG,C,2025-05-15
c6cd9c9a-34de-4335-9aab-76186a48ab91,51.773036,-1.23905,939552,2,semi-detached,Oxford,OX24 2PW,F,2025-03-10
fb846314-b861-43b8-ab44-3b6505c8f613,53.397481,-1.559405,241590,2,maisonette,Sheffield,S2 4CS,E,2025-04-30
43c90139-1b3c-4feb-9f7d-70978dfb63ec,53.725887,-2.462909,350422,3,maisonette,Manchester,M20 3LY,G,2024-09-11
6ea1567e-0647-46b5-93ee-bb0f681576bb,52.025723,-0.733364,577565,3,detached,Milton Keynes,MK22 8XZ,D,2025-06-11
0a89088b-579b-4212-a048-fa227863a608,53.090015,-1.078919,585608,4,semi-detached,Nottingham,NG18 4WG,C,2025-07-06
28da7d8f-87c0-4280-9bc1-5e8486db2139,52.259398,-1.675974,290091,1,terraced,Birmingham,B32 2SU,D,2025-06-29
dd029396-eacf-4d98-8eb8-a0cc99823d4f,51.501835,0.37646,898419,3,semi-detached,London,KT29 9TS,E,2025-07-18
3784545d-ffa2-46b4-8007-8c18affeff91,53.416996,-1.564341,704603,4,detached,Sheffield,S9 0YR,E,2024-10-18
9ec8799f-08d8-4d68-87a2-1b12f7d7c77d,55.804128,-4.078944,240977,2,flat,Glasgow,G14 6MZ,F,2024-11-20
ce71d047-3e99-4ef8-9446-b797142d4333,52.677248,-1.702351,151610,1,flat,Birmingham,B3 1JT,F,2025-01-20
365c9f7f-3130-418c-a26d-52d0f34b3a8c,51.934663,-0.117961,542135,2,flat,London,EC21 3SX,E,2025-04-06
e1036cd0-a21d-45dc-9e43-0692a18fdd50,53.345802,-2.419362,523877,3,semi-detached,Manchester,M23 6CC,D,2024-09-13
bd8a33dc-b790-4f34-b02f-3ba2ccf63ea1,54.728617,-5.852041,251478,2,flat,Belfast,BT13 6KH,E,2025-08-10
261dd41a-8307-4962-b961-4e51aa21b14e,53.385029,-2.328131,229148,2,flat,Manchester,M28 5HG,D,2025-01-25
e1217742-485f-4905-8689-bcb87eb5a334,51.432043,-0.353009,714113,2,flat,London,EC9 4CL,E,2024-09-30
e533a9e5-5da2-4a8b-912f-3e171f4ceca9,55.046143,-1.663116,324110,2,flat,Newcastle upon Tyne,NE1 2UT,E,2024-10-26
c45cd312-df05-482f-a434-f6e564caddd8,51.457051,-0.937507,284350,1,semi-detached,Reading,RG16 6NO,F,2025-08-07
2dca081c-fef2-4578-9921-d5050169ef36,51.356861,-0.516044,964855,2,semi-detached,London,SW30 1AN,F,2024-10-16
b3e0881a-d0d7-426f-a34c-e48dde7d93d7,51.599989,-0.326246,1157132,3,bungalow,London,IG22 1YD,D,2025-08-31
b005dc20-bb6b-4278-aefe-633fc4808889,51.442947,0.104338,804808,3,flat,London,W6 3LA,G,2024-09-22
62e59293-3dd3-4725-af2e-3e564d1c392b,51.679749,-0.009592,551797,3,flat,London,NW16 3BL,D,2024-10-30
a39d9916-dd5c-4dff-b6ec-e3d72f885be5,51.692375,-0.365289,697888,2,flat,London,SM23 4OT,C,2025-07-03
6246dfb0-a80f-42f0-ac71-fef518cba70c,51.433593,-0.466307,1001253,4,terraced,London,W27 5WE,D,2025-05-23
4f885197-084e-4b7d-8b45-294b9702bad4,53.323129,-2.801635,200430,1,bungalow,Liverpool,L30 2AO,C,2025-01-26
3ce335be-abf2-4a92-b469-30ea77056b18,55.830882,-3.23279,355827,2,flat,Edinburgh,EH33 7SD,E,2025-06-28
ded35287-7a41-4974-ba28-3617782d939e,51.516247,0.049755,1338592,3,detached,London,W17 5TO,C,2025-05-23
70b1bc5c-92d4-45f8-88cf-36189923cf09,52.362795,-1.762841,465725,3,bungalow,Birmingham,B30 4NK,A,2025-03-05
6d3e3a55-5917-4045-aac8-d0043199029c,53.926148,-1.10122,615284,3,terraced,York,YO26 1BY,D,2025-02-17
cdf9f85e-de4f-428d-abb5-0823bde27009,53.432424,-2.933117,261742,2,terraced,Liverpool,L7 6PZ,E,2025-06-03
641a8896-2ccd-4f95-a370-1fb0f80c8905,53.872945,-1.61135,365620,2,semi-detached,Leeds,LS26 5ZS,D,2025-03-07
517a3e3d-2af1-4911-8087-09b7af660720,53.321788,-1.547446,275294,2,maisonette,Sheffield,S23 6OG,E,2024-11-02
4e3af2bd-a2e1-4e32-b6d2-a26c77300e8d,53.321283,-3.180548,512599,3,detached,Liverpool,L10 7AJ,E,2025-07-12
3a9b7d55-b31d-47a5-b6c1-0c96a0221025,51.591481,-0.218148,960930,4,detached,London,EN8 1AB,E,2024-12-01
e25a8678-29db-416c-bec0-4214546c30dc,51.55103,-0.063181,951746,2,bungalow,London,SW4 4HZ,D,2025-03-15
3a5c25a5-3d1b-4ac1-ab01-7818f5e12565,53.642321,-1.748719,320532,3,flat,Leeds,LS9 7CH,C,2025-02-18
002555f6-15c1-4b18-ab2a-6668a4b5f6c0,54.5121,-6.161843,341108,3,flat,Belfast,BT7 7ZC,G,2024-11-21
d3dbe09a-c65d-48d9-99f9-2e45d83a8ae4,52.280887,-1.925655,479974,2,semi-detached,Birmingham,B8 5SO,C,2025-07-29
c4ba7946-27cb-4266-8a96-967fd6576fd4,56.094602,-3.13712,445497,2,terraced,Edinburgh,EH17 9MW,D,2025-03-06
7b3d8709-328f-4585-9f79-d19a458cd52b,51.719839,0.79376,649034,3,flat,London,UB33 8HJ,A,2024-12-18
e6375bea-9d66-4aa7-a3b8-66c306fc5dd8,51.359714,-0.446308,560856,4,flat,London,CR20 3TT,D,2024-09-04
b6f7c2d7-25e1-4c9d-86c9-d3657349aca5,52.256735,-2.077901,404061,3,flat,Birmingham,B11 0GO,G,2025-06-23
bac756a8-5d50-4651-b1fe-c4f516387212,51.562368,-1.032436,520316,2,semi-detached,Reading,RG18 1HM,F,2024-12-16
177a4e34-98ab-47df-b3d3-705d66311adc,53.468857,-1.431778,271681,1,maisonette,Sheffield,S22 7WK,C,2024-12-24
b63bf151-684a-4b74-beba-f8211fbb2486,51.039235,-1.464243,752487,3,bungalow,Southampton,SO22 4RO,E,2024-12-30
ece41e71-a0c1-489a-88f7-37965ddc7c2d,51.412559,-0.224182,855257,4,flat,London,HA4 7NO,D,2025-02-21
57b4fa9b-e2e7-4226-a595-bf5ece088e3a,53.473594,-2.282831,186289,1,flat,Manchester,M27 5HK,B,2025-02-17
93c29c82-2e3c-4e62-96e2-ac427a081195,55.914429,-4.128928,313405,2,semi-detached,Glasgow,G19 3CW,D,2025-05-11
87e10dd0-3651-4dfa-abbb-a1aac588f66f,51.535619,-0.431318,866254,3,flat,London,NW8 5SP,B,2024-11-24
6a1d185f-3870-443d-ae4d-60a6e6ebbfed,55.891729,-3.344852,960432,3,detached,Edinburgh,EH3 4JX,F,2024-12-06
ab3d0ae0-1963-4b8a-9298-c7af2a9819b6,55.869938,-3.305602,779059,4,semi-detached,Edinburgh,EH30 1LU,D,2025-05-28
f16e43e3-5299-401c-b590-2af694140ca7,55.742821,-4.223384,198067,1,maisonette,Glasgow,G35 6ZJ,A,2024-10-08
7277fe34-0f67-491b-b00b-9077483674c0,53.353316,-2.082753,302750,2,terraced,Manchester,M13 5TN,F,2024-10-15
2502cc61-7539-42ca-b812-8f545b382313,55.893522,-3.187803,445552,2,flat,Edinburgh,EH35 6MU,D,2025-05-26
8283e9d5-cc37-4558-9b91-24ddf3a04c7b,51.577717,-3.036682,314482,2,terraced,Cardiff,CF30 3XY,E,2024-10-07
d093e7ff-5b61-42ad-91a4-5b8c0c498afb,51.676568,-0.782386,578167,2,terraced,London,HA30 0TL,D,2025-04-09
b720cfdd-5d5d-450c-a109-01b37495b75a,53.932721,-1.022808,568978,1,detached,York,YO21 3LG,C,2024-11-08
eb3b7193-e30f-4578-9e9b-154762666216,53.92953,-1.030414,472473,3,flat,York,YO9 2XF,D,2024-09-02
a52e58e1-0fc1-4b12-8d56-72633effc2d8,50.893219,-0.220825,474504,2,flat,Brighton,BN8 1OF,E,2025-02-02
4d639b1c-d7f4-493b-83e5-faa6e51681e9,51.934382,-0.838878,446747,2,flat,Milton Keynes,MK13 6YN,E,2024-12-17
b1cd9f99-856c-4e5d-a2df-a29a75fd1d8b,51.444745,-0.692464,486573,1,semi-detached,London,KT31 3KD,D,2025-07-22
19829085-f745-4418-b8c6-24c09947552a,51.717105,-0.437701,1769719,2,detached,London,KT2 4GE,F,2024-12-12
239389c5-4c62-48f3-bf6b-8607b5104933,52.244693,-2.067585,515920,2,detached,Birmingham,B33 4BZ,D,2025-01-27
17b66d40-b0ec-4d03-9ecd-dbe7d9770547,51.31971,0.100412,748772,2,terraced,London,EC7 0CF,F,2024-11-25
d07e5ed5-36e3-40db-a322-53d63fe49639,51.382951,0.1491,404663,1,flat,London,SM14 1NN,C,2025-07-19
17ecf428-cd8c-40d1-b4c5-0a5d4dc5163b,50.97005,-1.39872,210384,1,flat,Southampton,SO33 0ZZ,F,2025-04-24
fac3a879-5019-4e59-9511-873278130d24,51.48066,-2.720606,657291,5,flat,Bristol,BS10 9GG,D,2025-03-05
0e29d01a-7e52-44fc-a1e4-ce7c6cc69ad6,53.473174,-2.166642,481087,2,detached,Manchester,M15 0CC,C,2024-09-06
a6579a1b-d196-45f1-bcf9-b3ba9d61afe6,53.92335,-1.566817,226991,2,flat,Leeds,LS17 5DN,D,2024-09-23
576ed46b-a394-4c5a-9a94-f09defbf1cf8,51.431785,-2.58204,329664,1,flat,Bristol,BS28 2PF,F,2025-06-12
dd50257a-4ef6-4ed3-95aa-a142c62d0fe6,51.244851,-0.077175,400514,1,flat,London,SM4 1ZF,D,2025-05-23
d281a443-24be-4bdb-b736-e6d45d9134af,51.706702,0.145712,836620,3,flat,London,EN10 2PR,D,2025-05-06
2fda1bf0-84e0-41b1-be61-8dd35632fd82,51.429459,-2.532982,555909,3,flat,Bristol,BS19 6MO,D,2025-02-15
e7c586f0-9b6d-48ac-a0bc-50ab354d22cd,51.374651,0.11772,739014,2,flat,London,E31 5RU,B,2025-01-28
e85c5414-5fcb-4dfa-b9d6-048584b4abc9,51.325617,-0.311931,556155,2,flat,London,BR23 2FW,D,2025-05-07
de5ed195-a1fb-4c73-a088-49d1d418c2b3,56.098324,-3.140528,483169,2,flat,Edinburgh,EH14 3RK,F,2025-03-23
64e7cde4-279b-4c78-b6fd-01f10f846921,51.563547,-2.511814,285939,2,flat,Bristol,BS27 3JP,C,2024-11-15
ca8a672e-808b-4c6c-85f1-db4f3c89bc9c,51.434336,0.028209,470268,2,flat,London,CR35 4BS,G,2025-04-20
108822ae-dc79-433e-86eb-e754fa805a73,53.878445,-1.401968,386055,2,flat,Leeds,LS5 4BU,C,2024-12-29
9109e928-8e23-491b-8885-47bd30f8ecc3,53.557052,-2.334567,453848,2,bungalow,Manchester,M13 3OE,C,2025-01-22
98968370-3335-46e8-8442-6c150e0fdb76,54.994663,-1.54519,410426,2,semi-detached,Newcastle upon Tyne,NE35 4MS,E,2024-10-20
90f05c28-193a-483f-9b90-2e5dc19c042b,51.400529,-0.642826,849543,1,detached,London,IG23 9KJ,D,2025-01-14
ddba1b70-691c-4da4-a5cb-894ee42707a5,51.581432,-0.14008,781536,2,terraced,London,SE21 2WU,C,2024-11-21
b82e5100-0454-426d-b0f4-c9bd80f250d8,51.419806,0.143,906379,3,semi-detached,London,BR24 8YR,F,2025-03-26
d9aacc9d-4011-499e-b32a-bbe6daf8fe6b,50.759114,-0.171694,920652,4,terraced,Brighton,BN11 9TF,E,2024-12-16
f72f9a29-d276-48a0-81b0-d2d970f11717,51.49172,-2.403655,550642,2,terraced,Bristol,BS15 2UM,D,2024-11-07
4207f56a-9e42-412f-add7-70662b6805b2,51.63351,-3.235002,351770,3,maisonette,Cardiff,CF32 2EE,G,2024-12-13
4f225763-9a4d-4883-86a1-8f25cf0d05a1,51.291638,0.123753,1621673,6,semi-detached,London,UB8 8BF,E,2025-08-27
445b6463-4382-4dd8-8bc4-87a809d98399,51.495615,-0.003283,448897,1,flat,London,N23 6HS,A,2025-06-02
54aa175b-0ee8-4c72-abd7-4dc673192db8,52.46788,-1.638549,268504,1,semi-detached,Birmingham,B19 5SA,E,2025-09-02
1f944cc2-d9df-47f1-a596-bad1e96bc3a0,51.175783,-0.119758,877287,2,flat,London,WC24 8ZR,D,2024-10-01
f4a5e852-be7f-450c-b1f4-882092601c2f,52.393398,-1.995464,827220,6,maisonette,Birmingham,B6 2XY,D,2025-03-26
5783abd1-fd50-47d4-a72b-f379018c813d,55.949282,-4.297466,545638,4,bungalow,Glasgow,G8 2MZ,C,2025-04-26
b19d3dd2-56a5-48ee-8368-f22d22cc8724,52.144351,-0.879108,421572,1,detached,Milton Keynes,MK3 4GS,D,2024-12-09
a5891157-26b1-47e9-b7b1-c46cc65d2d9b,51.44349,-2.631592,524597,2,bungalow,Bristol,BS18 8CH,D,2025-03-24
07e5cbdb-1b86-4bbe-bffb-376a2cd1aeba,51.628476,0.369304,790742,3,semi-detached,London,WC30 3DN,D,2025-03-26
0cb2b8dc-4950-49e2-b694-b19dd293f2e6,51.462238,-0.206168,1604541,4,detached,London,NW3 4TF,E,2025-04-09
9f65cb77-fa85-4043-a315-157350d84343,51.487519,-0.290966,1758155,6,terraced,London,E7 2GC,F,2024-10-17
b7a37f15-1ba8-4ce0-a2b1-4b0488a4c834,50.783489,-0.278715,330430,1,flat,Brighton,BN9 1UR,D,2024-10-01
257bf1ce-6c5a-4471-9b86-bcd4b4e1374d,51.464581,-2.474163,441580,3,flat,Bristol,BS12 7BU,F,2025-02-11
fc21f987-06a8-45a5-8bdf-6cab173a1c16,51.768796,-0.124955,846530,3,flat,London,WC34 7DF,F,2024-11-08
a796da5a-a0af-4dc0-873d-bbda44d7e423,52.914549,-1.219419,424086,2,detached,Nottingham,NG1 0PJ,C,2025-05-31
a0350b0f-8eec-44a7-8667-4c34f8151bc5,55.862101,-3.151345,776191,3,detached,Edinburgh,EH1 6UL,E,2025-07-25
b3b18a4b-f2cf-448f-928b-2b957211e730,51.492848,-0.000745,842999,3,terraced,London,E25 1FC,C,2025-06-12
fa47395f-3cb0-4946-bf84-2c0ed9aa35bc,50.889978,-0.029502,530836,2,flat,Brighton,BN20 5HD,C,2025-02-13
cde0d4c4-7d77-467b-86a7-1ac480218c74,51.434076,-0.845978,438123,2,semi-detached,Reading,RG16 1SR,E,2025-07-26
296d7f0d-dfb3-4cad-8d50-f76c082f709b,53.393129,-2.586304,383095,2,terraced,Manchester,M6 2NE,D,2024-09-19
c02c3a89-5260-4b6e-b80a-81fc0b7f21be,53.011888,-1.313751,250143,3,flat,Nottingham,NG9 4UL,F,2025-06-22
3f325d54-9e07-479b-9285-e1eeff7aaaed,51.660647,0.062998,676885,3,terraced,London,SM32 0GL,D,2024-12-22
0f8e69fe-6b23-441d-8ca7-966447ef16e1,53.581954,-2.163716,472054,3,flat,Manchester,M27 7PH,C,2025-03-10
4a5f565f-8c4c-4920-8396-e40117d525ff,51.768684,-0.211888,1120229,3,terraced,London,HA30 3MP,A,2025-07-16
19e54bfb-4196-4e4d-b08a-24a60410ca6b,56.010559,-3.023977,704748,2,detached,Edinburgh,EH29 3CK,E,2025-08-08
6a738314-ffd3-4d80-9103-5bd3f154e393,52.217807,0.283643,464631,1,detached,Cambridge,CB19 9JS,E,2025-04-12
3c6dd484-db3f-4b67-885c-ab26c87ce88c,55.090733,-1.674513,183754,2,terraced,Newcastle upon Tyne,NE25 6FB,D,2025-01-14
6911cc4e-0982-4467-baaf-eb434133e66b,52.191196,0.071264,485669,2,flat,Cambridge,CB14 9UB,E,2025-02-18
d33f422f-805d-401c-aa3f-403193800454,51.495772,-0.512229,748705,1,detached,London,BR31 4UO,D,2024-12-22
ff36d9de-cdde-472b-9fcf-40d7c792544a,51.661358,-0.198034,304318,1,flat,London,WC31 7LK,D,2025-08-13
512209c9-b28d-438b-91d5-47583a4b7bbb,55.88033,-3.199272,201929,1,flat,Edinburgh,EH12 9TM,F,2025-04-03
9d495fda-c413-4676-9316-7fc4aedd5bf9,53.35597,-2.369791,317012,2,flat,Manchester,M7 4CA,D,2025-07-09
3111637d-7784-4fcc-a22a-d964c9c11e82,51.093859,-0.260625,682798,1,detached,London,EN24 5NL,A,2025-02-28
c5423451-4d2d-4c83-93fc-cb1a27d99e5c,53.760399,-1.809608,286268,3,flat,Leeds,LS1 9EU,A,2024-09-09
2a4b2164-9623-4101-bf7a-20590b65fec7,53.449935,-1.427608,200281,1,terraced,Sheffield,S24 1HM,C,2025-05-12
60c54635-34ef-4974-a81f-0746fd384fb8,51.4267,0.062584,1879347,4,detached,London,SM33 5CY,D,2025-05-15
486ab11b-819b-4c24-87a3-53be61bce4d6,55.942811,-2.94606,648216,2,detached,Edinburgh,EH14 3UL,E,2025-06-22
80fa8005-7738-49e6-a9c6-037a45285442,51.515919,-0.913975,617785,4,terraced,Reading,RG32 2RS,C,2024-09-18
8419f33d-98f5-4685-9257-43c4b21aba0c,53.769316,-1.683698,617822,5,bungalow,Leeds,LS20 5YY,E,2025-07-15
b196ae46-39fc-49d8-8e68-b65c38027dd5,51.682993,-0.091854,858454,2,semi-detached,London,DA8 6WR,E,2025-02-11
48869b7e-b772-4b58-9a5a-7719b594d1fa,55.938879,-3.971235,276123,2,flat,Glasgow,G15 5HO,C,2025-01-15
004046ff-42ff-4734-a93c-1efeead93eb9,51.831817,-0.167964,520395,1,flat,London,EC34 3PU,D,2024-12-20
aef3525f-c047-41d5-9cc9-0b39276324ba,54.611689,-5.719899,348411,2,bungalow,Belfast,BT19 8FW,D,2025-02-02
448ad9cc-19e1-4f29-9fbf-a7f67d1525e0,51.390796,-0.327176,1162144,4,flat,London,UB27 6HY,B,2024-11-08
d0eb6ca9-d170-4f4e-b864-323dfccefdf1,53.487125,-1.636613,244163,2,flat,Sheffield,S14 0YB,E,2025-04-28
6618de48-bfee-4a7b-aa42-9487b9a15ca6,51.407877,-2.599848,385995,2,flat,Bristol,BS31 2NS,B,2025-07-28
ba3b7fcb-3dea-41f4-b020-f1a94b403fe1,51.320059,0.568957,1639372,5,flat,London,NW6 4ZA,B,2024-11-19
46162103-ed4c-4683-b8b0-a14a34ffda44,53.392412,-2.178638,290375,2,bungalow,Manchester,M16 6LL,C,2025-05-08
b512b2e4-2c17-4b54-86d0-6ad6eff788ab,51.43356,-2.653135,758589,4,terraced,Bristol,BS13 2FB,F,2025-03-06
13027e60-9879-4530-8898-75e1831ae2b1,53.928493,-1.254318,513993,3,flat,York,YO35 7UR,E,2024-11-28
00e70e9b-2e0f-479a-9ec9-0f116244ab0a,53.398494,-2.178937,167544,1,flat,Manchester,M15 2OW,D,2025-06-06
ede774c4-8121-4b08-b46e-59f8cae7b30c,53.387648,-3.022158,342296,1,detached,Liverpool,L19 3NN,F,2024-09-27
57e77bbc-916a-45d1-a1e0-a6d707b400fa,55.932659,-4.573057,272501,3,flat,Glasgow,G16 8CT,F,2025-03-28
92d279c9-fe5b-49f1-b907-e93ad63f1583,51.391224,-3.219828,270157,2,flat,Cardiff,CF34 5DU,G,2025-08-14
0a972ee8-a4fb-46b5-96b2-edce083acb0d,51.74758,-0.019737,339728,1,flat,London,DA13 0FF,C,2025-03-30
d8dc9564-348c-4b47-8a44-0df8d745a2a0,51.188255,-0.352458,869458,3,semi-detached,London,EC34 5ZF,D,2025-07-08
af07038d-b659-43b0-aff5-9321849a03b5,51.520062,-0.074042,1073340,2,detached,London,N13 2GD,C,2024-09-06
b96c0eec-c16c-44b6-b760-395e4860f7dd,55.861449,-3.005235,407642,4,flat,Edinburgh,EH28 8UF,E,2025-04-10
3076230a-32bf-4aed-a452-2ca33ddc1758,51.749705,-1.186137,378213,1,flat,Oxford,OX11 5CW,D,2024-09-20
679c253d-7ffe-4c01-a6b5-802216bc2e4c,54.985752,-1.490569,331856,3,flat,Newcastle upon Tyne,NE25 6AW,G,2025-06-26
35130ea2-6475-4f77-8bd5-8edccd5a86f3,55.077601,-1.684795,416823,3,terraced,Newcastle upon Tyne,NE34 6BH,E,2025-02-09
05196851-9737-44b9-bb06-7524544cb518,52.282677,-1.885743,234553,1,flat,Birmingham,B19 1EC,C,2025-02-01
bc509a20-5313-498d-8148-7ac1dda79511,53.897492,-1.394273,296286,3,flat,Leeds,LS17 5TW,D,2025-06-01
ae3c388b-31a1-44fc-91e0-a0be4ac9fddf,50.828186,-0.160361,873996,2,terraced,Brighton,BN5 6AC,F,2024-09-21
3b8e57a2-0968-4815-9ce0-d36d1d39f3b2,51.527967,-0.542872,602739,1,bungalow,London,NW21 7FD,E,2025-08-31
e6f2bbb0-82e0-45bd-a810-399f31f9937e,51.987845,-0.294852,757519,2,terraced,London,WC13 4GE,D,2024-12-17
754d229d-c5e8-4430-b24d-e567d2f22b05,53.926069,-0.799865,209656,1,flat,York,YO32 7OM,F,2024-12-21
2c6f167d-9b6f-4622-8d99-7130df19d941,51.502795,-3.188566,440366,3,flat,Cardiff,CF7 2EG,D,2024-10-11
0eae958e-2596-4812-9613-f0a8d20791e9,53.92567,-1.797063,347075,3,flat,Leeds,LS12 9SB,D,2025-02-10
80878b54-0d5d-4b29-8d2e-095c0d43fda1,51.495178,-3.102782,658775,3,semi-detached,Cardiff,CF4 0HW,E,2024-11-27
f1552a41-5548-45c1-b929-6ab46b2b024e,51.493294,-3.418109,405587,3,flat,Cardiff,CF32 4NT,B,2025-01-23
f85e98d3-b40e-467c-9598-605334fa3a38,54.65383,-6.030299,306373,3,flat,Belfast,BT8 1EH,D,2024-11-13
0dc97145-1686-4dbc-a612-013e18c0548c,50.93298,-1.295728,404519,3,maisonette,Southampton,SO13 1BT,D,2024-11-07
13454dda-d2d0-468b-ae0c-9ce18fa6e124,51.3918,-0.602362,523531,1,terraced,London,EN35 6JP,F,2025-07-21
74ad88be-b6e5-4e9a-a8b9-066c0fe24d36,51.759975,0.253696,713883,4,flat,London,NW20 6WO,D,2024-11-05
052c0c8f-a677-4796-9c37-8b6f18b5819e,51.657089,-1.180412,725165,3,flat,Oxford,OX3 2MZ,D,2024-09-28
f63a9da9-254d-4673-9376-ef5e2eb51785,51.597061,-0.365441,651063,2,flat,London,EC14 5CN,D,2024-12-09
a092f79f-27df-4e7a-97aa-45036ad6eddc,51.447155,-0.933755,498545,2,flat,Reading,RG30 1GF,A,2025-01-03
1e8fd66b-7eaf-4075-9c05-5058944766b9,51.446764,-2.593514,239486,1,flat,Bristol,BS4 9EK,F,2025-02-09
33d5145f-8ba5-46ca-9aec-41012e5a8fd6,51.496533,-0.385871,887916,4,flat,London,E31 2TU,E,2025-08-09
b70b812b-1070-4d69-a761-0c15b8639f94,52.436318,-1.910443,597664,2,detached,Birmingham,B35 5PM,B,2025-03-03
bccf8bc7-61d2-40e8-a91c-0407355b72d8,53.391014,-3.177647,306493,2,flat,Liverpool,L2 4BB,F,2024-11-23
3bb36732-caa3-4adb-b3e9-13a332b7822a,53.525351,-1.95341,264248,1,terraced,Manchester,M26 5SO,E,2025-05-10
e165e1b8-23b2-46de-bb0b-d88cfe4291e3,51.439879,0.118754,2066887,4,detached,London,N4 6JH,E,2025-06-18
1bfd1d83-9dc4-4ae4-bdce-27e72c4f1c98,51.515698,-3.126289,211395,1,flat,Cardiff,CF34 5YH,C,2025-02-23
4fffef3b-bdb0-4985-8ca3-b11d688e802b,55.948454,-4.048779,261095,2,flat,Glasgow,G24 3PS,C,2024-11-15
e7fd1884-ff49-44a5-9d7d-e2fb03777753,53.818649,-1.574953,355343,2,detached,Leeds,LS24 7SU,D,2025-06-16
5f8d6bcd-966f-4599-af41-d954f67e3f70,51.523666,-0.236862,986194,2,semi-detached,London,WC35 0LB,D,2025-06-09
f4ac0622-680f-4964-b7fc-abb9c2ce1307,52.61106,-2.179,303468,3,flat,Birmingham,B23 9GP,F,2024-12-14
beeac34c-8fcc-44e6-a2af-bb7802b6a924,51.454463,-0.386542,492735,1,detached,London,TW28 4FW,C,2025-05-24
3274845b-639d-4cf4-a64f-d98846608ee2,52.21865,-0.107858,991829,4,flat,Cambridge,CB27 7RT,E,2024-12-19
144fc299-5457-4783-91b8-ffe9d68b35b9,55.077168,-1.700704,311904,2,semi-detached,Newcastle upon Tyne,NE12 2LL,E,2025-06-23
1d7fdc5b-a807-4d32-9360-14d9a57c0e75,51.705588,0.135091,549095,2,terraced,London,SE25 6CE,D,2024-10-16
2044177e-41ec-41cf-b22c-021c6267871b,53.282044,-1.496634,390740,2,semi-detached,Sheffield,S19 4LX,D,2025-02-23
94c66625-4dc5-4888-910e-1ae2c344bea8,50.788193,-0.165606,534944,3,flat,Brighton,BN25 5UH,D,2025-08-01
b08caa3a-4e22-49eb-8049-ac6678e8f8ec,51.26496,-0.660193,1163714,3,detached,London,SW10 4LT,D,2024-10-05
6194face-d01e-41e6-a03b-f38ab12a3cfb,53.349187,-2.965583,107734,1,flat,Liverpool,L19 1FG,G,2024-09-21
64724eb6-40bc-46c7-bae0-1fa27b3f4866,51.560295,-3.271735,474938,2,detached,Cardiff,CF34 9OA,A,2025-05-08
031c0a4e-0085-48ab-bad0-826cb86d9dc9,51.747982,0.169025,451335,2,flat,London,HA34 4XH,C,2025-06-20
8797d1c3-4eca-43cd-90aa-df087f9d90b6,54.613738,-6.103945,538277,5,bungalow,Belfast,BT6 4PG,F,2024-09-24
cb0e7829-8a06-4c4f-8702-450fd6e0e479,52.423347,-2.139071,307900,2,flat,Birmingham,B3 4KN,E,2024-10-30
76fd1301-6bcc-4ae1-a8b2-694fa7ad49b1,51.471124,-0.92508,469464,1,flat,Reading,RG2 2SB,C,2025-04-15
2d62b2de-4edd-487d-812f-5440af88a6cf,55.764235,-4.233153,404184,3,detached,Glasgow,G35 1YM,F,2025-04-28
b48d930e-97a5-44f2-9d6e-e790d7b3babc,53.492149,-2.078066,598320,4,terraced,Manchester,M8 3JW,G,2025-03-15
c00837a1-2c9d-48f2-b34d-83b7cb0877a1,55.956292,-3.186377,651663,3,semi-detached,Edinburgh,EH16 4AF,E,2025-01-11
6e4a3a7a-b9d3-4c50-92cc-7f5c96d29e85,55.903301,-3.142608,385620,2,flat,Edinburgh,EH32 6ZC,F,2024-11-17
6e87fdaa-9771-4fb2-b687-a7df7891c5f0,52.954374,-1.22408,625496,3,detached,Nottingham,NG9 9ZG,A,2024-09-20
18cd8ea0-897a-4945-8d1c-962e9fd74caf,53.562364,-1.995652,256503,2,flat,Manchester,M9 5OO,E,2024-10-29
e06e13e5-3531-4440-a234-f73ae3ce5ce7,51.824145,0.340455,539306,1,detached,London,EN35 0YX,G,2024-10-11
1e981fa3-2a4e-435b-8f58-a7e53fbfbebc,53.951912,-1.042943,341069,2,flat,York,YO25 4DH,C,2024-11-28
a598ca6a-0526-4a7a-85fd-56f71a90f0c7,53.548812,-1.993572,343330,3,flat,Manchester,M24 2DL,G,2024-10-24
f4167479-248b-41cb-8bef-c63ffcdd0fb2,51.34101,-3.003056,383533,2,semi-detached,Cardiff,CF34 7LT,C,2024-09-16
8fea5ab3-4e01-429f-bc93-35dd88ea6e14,51.24101,-0.334788,720321,2,terraced,London,IG11 5ZD,B,2025-08-11
36bf5e90-976f-4be1-b198-c4039787ad25,51.647488,-3.429125,696057,4,semi-detached,Cardiff,CF31 2ZW,C,2024-10-03
6c40a388-8407-4e08-b617-92f74e0f5f1f,51.465542,-0.092526,463635,1,terraced,London,NW31 5ZP,D,2024-10-28
f0d0ed62-6ba2-4c9e-8b44-3b14e78283bf,51.605381,0.171942,1394271,4,detached,London,EN17 7EJ,B,2024-09-04
ed19c7d5-5db4-4db4-8458-9ea22b3d9378,51.447258,-3.366061,424735,2,terraced,Cardiff,CF26 2GK,C,2025-01-04
6ddb2a63-157c-4c18-a3e1-55e64e57eb92,51.729532,-0.314459,999604,1,detached,London,WC20 2UO,D,2025-07-05
db79f616-427c-45b4-8bda-c744fbbac713,51.616005,0.103511,833091,3,flat,London,SM35 6WP,C,2025-01-14
d6b22aa0-3188-4534-80fe-5f34bc5caf38,53.994161,-1.141308,201189,1,flat,York,YO13 9RD,F,2024-10-20
aba5813d-5c0a-4917-b917-cabbfd99c77d,52.212141,0.132999,818947,3,flat,Cambridge,CB12 3UF,E,2024-11-16
3bdd0105-7af2-4dca-803f-9287b8dbdbb2,51.656888,-0.275258,734868,2,maisonette,London,KT5 6EY,F,2025-01-24
76df7e55-e345-4095-8de6-513cca6a6c66,51.260689,-3.247468,724303,2,detached,Cardiff,CF18 0XE,E,2025-01-07
6365c4ec-9380-4891-8809-23f63bd0a103,52.437499,-1.582361,300281,1,semi-detached,Birmingham,B23 8NC,D,2024-10-03
fcccfeb0-3f5f-4dfd-8b0c-f63a240138e1,52.975467,-1.182773,296097,2,semi-detached,Nottingham,NG10 7TH,E,2025-06-20
4965e870-0530-4c65-a793-4cc81556a07d,53.515971,-2.139457,229419,2,flat,Manchester,M19 3HD,E,2024-12-09
19d765bc-23bb-4257-9e43-014c74c7d54c,53.405125,-1.437996,237382,2,flat,Sheffield,S30 1GH,E,2025-06-11
b40ae635-a606-43f0-854e-c64a8741fea9,53.528258,-2.242667,185811,1,terraced,Manchester,M19 3WD,C,2025-08-05
d7b50079-231c-4e06-819a-b94c54b49b6a,51.762991,-1.317525,424260,1,flat,Oxford,OX3 9LF,D,2025-06-04
4cf399a3-5434-40cb-9724-b8cccbbf7e6a,51.830154,-0.188799,782326,3,flat,London,WC22 5RA,E,2025-06-24
bfc9eaa5-9180-4b3b-9286-2aaefa41a931,50.992912,-1.281659,422778,3,terraced,Southampton,SO15 4HS,C,2024-12-08
3951ff62-0252-48bc-af22-2c2e0e464bcd,54.574585,-5.91411,181474,1,semi-detached,Belfast,BT21 2WT,A,2024-09-07
d9640e76-d7aa-4721-a434-ba89862be86a,51.472443,0.13919,403237,1,terraced,London,IG26 4NL,D,2024-09-23
dfac963f-12f0-4db8-9cb8-761190734a6f,51.76539,0.736034,928341,2,terraced,London,W26 4XG,F,2024-12-12
b77bc33e-11db-4bda-b395-ece0829cb1ca,55.923826,-4.498321,220589,1,flat,Glasgow,G15 7JD,D,2024-11-25
c681dd11-c547-4bc7-a7a3-79a59c202a29,53.738853,-2.302398,218869,2,flat,Manchester,M29 9ZY,C,2025-06-27
a59d2a12-009e-44f0-b9a0-3c01da96e4db,53.918976,-1.040086,312915,1,flat,York,YO25 2OO,E,2024-11-28
3a3fd968-769f-44cb-a008-ea8cd97e8f8d,51.71869,-1.174653,813817,2,bungalow,Oxford,OX15 8HM,C,2024-12-07
553db33e-9fe3-4618-a07e-b19c033eb7bf,52.280896,-2.072371,458045,2,semi-detached,Birmingham,B26 1TL,D,2025-03-03
16551771-937a-4120-9009-f50d49ea5d1c,55.815942,-4.274053,435666,2,detached,Glasgow,G17 3TY,F,2025-08-12
586c5022-8b04-49d0-bb2c-e272046077a0,55.865978,-4.053966,254542,2,flat,Glasgow,G17 0NJ,E,2024-09-30
cc4a5def-7f94-4b3a-9c8c-12e80b5dab72,53.518564,-2.925417,262997,3,flat,Liverpool,L13 1WT,F,2024-12-30
49ad52d6-7541-4ec8-bf8e-8089e01c8dc8,53.381129,-2.956807,357793,3,flat,Liverpool,L31 6LW,D,2025-06-12
56cceaab-6036-4092-bf68-f81fc403ed37,52.488956,-1.685817,414915,3,flat,Birmingham,B7 3TP,E,2024-09-11
4cbb7f34-4c23-4fa7-8d52-44c60b31370f,52.529064,-1.905996,514204,4,semi-detached,Birmingham,B11 3ST,F,2025-06-26
3bd241c4-a7ba-416d-b680-65a3592cb3f9,51.479753,-0.148707,279426,1,flat,London,W23 4NY,F,2024-12-23
3604f3ba-4a13-4c9f-9d63-227b492a67af,56.094516,-3.024914,457616,2,bungalow,Edinburgh,EH23 6DJ,G,2025-03-26
7342a85b-ffd4-4b2b-886a-031c181bb1a6,53.344369,-1.3995,311639,3,flat,Sheffield,S26 1LR,D,2025-06-30
276725f3-d1b6-4ff0-a7d4-a41a0250f129,54.543549,-5.910352,190614,1,semi-detached,Belfast,BT1 1BR,C,2025-07-24
8732adfa-7416-44a0-be7c-17b0b524d3df,54.651838,-6.032984,351941,4,flat,Belfast,BT23 3LH,E,2024-09-10
e56fcd4c-a108-4bc8-8d18-c8e4a6991e5b,53.642974,-1.563086,247168,2,flat,Leeds,LS19 6US,C,2025-02-26
f9496e98-eb21-4ca5-b1d0-0e623858ebbd,53.517336,-2.222539,365980,2,terraced,Manchester,M32 5HM,E,2025-06-01
e23a2d9e-9246-4b96-a51d-31144656bd24,53.33611,-2.966623,348630,3,terraced,Liverpool,L8 5LX,D,2024-09-11
cea1f58d-32df-4f81-8da6-b2b9d56f7eed,51.014602,0.40238,525278,2,flat,London,NW1 9BX,D,2024-10-11
8e9531a2-9cd8-424f-a4bd-737799e049ca,53.284185,-1.730844,248175,2,flat,Sheffield,S3 8OB,F,2025-02-16
a79f2c34-20d7-42db-aa9b-d824727f955d,52.15423,0.084894,492764,2,maisonette,Cambridge,CB24 9JK,D,2025-04-18
d2e9b639-3fad-4979-97b8-8b6b28b7de43,53.805009,-1.733493,540019,4,semi-detached,Leeds,LS18 7ZD,D,2025-08-14
fe1e1d23-ea61-4484-81c5-7b86742226f7,53.023584,-1.023632,227646,2,bungalow,Nottingham,NG11 7DP,D,2025-07-07
8e6ce76a-dbfe-4ebd-827b-5a8d4668bb8a,51.258549,-0.16346,781845,1,detached,London,SW18 0UH,G,2025-02-28
33a95651-e776-4c07-a4fe-ce2d5a403025,51.088876,-0.261219,1260277,3,detached,London,W29 0RS,F,2025-08-11
3f2562dd-c362-4888-ad23-712c0f6b3a30,51.61739,-3.158452,319871,2,terraced,Cardiff,CF13 9OR,D,2024-10-03
5f84b0c1-e24d-4cb8-94ab-79905b9620f4,51.464661,-3.090872,491772,3,semi-detached,Cardiff,CF15 0CR,B,2025-08-11
c982b86c-3961-4153-af83-4d947c5e2757,51.466804,0.20195,1926974,4,detached,London,BR19 9FP,C,2025-04-09
3ea6f525-b4ff-4f16-8dea-2fab12f2243a,51.706455,-0.270255,700680,3,flat,London,TW1 0YC,D,2025-03-13
1606a9a7-d238-409e-a7d0-b2d0dbe10651,52.603704,-1.759985,242295,1,terraced,Birmingham,B9 1UY,D,2024-12-18
ea2e623c-a626-4bd3-92e8-db495ab6829f,53.404771,-3.000521,231114,2,flat,Liverpool,L2 5UU,F,2025-02-23
cdc8f157-c56a-49e4-902b-900ab0ab8b1b,52.541552,-1.885321,362627,3,bungalow,Birmingham,B6 8GF,E,2024-09-02
f085015f-b7e8-4c3b-b093-7ffcfb7cc49b,51.367305,-2.876599,280217,1,maisonette,Bristol,BS5 6SB,F,2025-08-13
1f4244b1-f55e-4e34-915e-d59c92f34b09,51.506824,0.453891,863725,2,terraced,London,HA21 0JH,D,2025-02-11
ea65dcde-70ed-4e92-adc0-80501b01590c,54.650871,-5.800144,559998,2,detached,Belfast,BT27 7BD,D,2025-03-03
ab5cb551-434d-4d62-9220-df70d11ba4cb,52.520263,-1.910571,264333,2,flat,Birmingham,B24 7OU,E,2025-08-10
96b88f36-4742-48e4-998c-8d1686c9921c,51.769193,-0.294706,752029,3,maisonette,London,BR7 9XL,F,2025-02-23
fe99bf7d-f87a-4e6a-89f6-e19d01211631,52.45593,-2.210154,257008,1,terraced,Birmingham,B17 1GG,C,2025-01-26
c7b94d9d-0995-4c39-95c0-cc837a466ea4,51.615059,-0.442117,1090391,3,terraced,London,IG18 1EA,D,2024-11-02
34b23cd7-d7f9-432c-ba9a-816977186992,51.887632,0.053153,1079298,2,detached,London,DA1 7GN,E,2025-05-18
5ec5eaff-905e-4ae4-9018-b9fe63b67ddc,52.215369,-1.88317,415610,3,flat,Birmingham,B33 8BZ,F,2024-10-12
2dc1153c-37a5-46e6-bc4e-109cb5cfa1b3,52.996446,-1.134486,277349,2,terraced,Nottingham,NG10 6HH,E,2024-11-20
621da6dd-577b-486a-85f8-a336c5c8d96a,50.904436,-0.128797,576820,2,flat,Brighton,BN26 9CS,D,2025-02-21
b1c63c62-400b-4579-b8b2-b734ffacfb20,52.543142,-1.933368,401890,2,terraced,Birmingham,B12 1RH,E,2025-07-29
1735b03c-7abd-441e-b33d-eb3ed966fefb,55.8428,-4.344205,230251,2,flat,Glasgow,G17 1AF,D,2025-04-29
86e9e6fd-7d06-42d2-b3dd-0f5ee64f3481,51.15425,-0.330948,1323902,2,detached,London,TW7 7TZ,E,2025-07-25
27d64e88-8954-49bf-949a-d13c651b1e2c,51.513202,-2.298073,214207,1,flat,Bristol,BS28 2JJ,E,2024-10-30
81e48640-3708-4e77-b873-2a64f67ee523,51.914934,-0.601273,695614,1,detached,London,EC21 6RZ,E,2025-08-22
8cfb4899-33ec-4b7c-a5ce-abd648e7f62c,52.653372,-1.953858,213569,2,flat,Birmingham,B32 2PP,A,2025-03-22
9b23f17a-c2d9-432d-88c8-cc41c3ab6ed3,51.655622,-3.209089,587030,4,semi-detached,Cardiff,CF34 4RP,D,2025-06-12
088cc498-e874-458a-a719-0dd971b9b142,52.407027,-1.806652,311487,2,semi-detached,Birmingham,B10 5YM,F,2025-04-08
47dbd5ea-ca73-4afb-904f-d18558d1bcdb,51.307308,0.044103,564276,2,terraced,London,UB31 3ZE,E,2025-05-17
e6cd45a7-b10c-4893-9645-d2e89b67324b,53.553762,-2.242883,310542,2,terraced,Manchester,M11 3OJ,D,2024-09-13
8c318987-aaa0-4072-972b-e8d7dd655154,55.897286,-4.449942,191556,1,semi-detached,Glasgow,G30 1MZ,E,2025-04-25
0f35fbd3-e553-49c0-8203-c56ec94c4b7c,53.471309,-2.014827,324006,3,flat,Manchester,M28 6ZM,F,2025-06-07
945c93df-bc30-4c55-bf55-c9c069fd192a,51.499083,-3.296935,511550,3,semi-detached,Cardiff,CF21 7TS,B,2024-10-31
14e8f896-aeef-436e-bf45-8800deec4ced,51.721004,0.188388,649591,2,semi-detached,London,IG35 9SR,F,2025-04-24
ca49aa38-e3cb-4f43-9c59-cfb5a789a53d,50.788372,-0.030309,574946,2,semi-detached,Brighton,BN4 7UC,A,2024-12-22
11b14c24-7668-4d3f-ba77-a461fd0e7cf2,52.425472,-1.832798,289108,2,flat,Birmingham,B24 3AM,B,2024-12-26
b4e8870e-24ff-4685-8a1c-7bd70f3e203e,51.210695,-0.136279,417143,2,flat,London,EN34 9FL,B,2025-05-23
8eabf3c8-6285-49d2-8a87-d2048e45f471,53.04555,-1.132395,403117,3,terraced,Nottingham,NG30 0PR,D,2025-08-14
b925f08d-ed22-493f-a412-44d2f04a5303,51.237868,0.004978,620898,2,flat,London,CR10 3NK,B,2025-05-20
a96ec926-6f4a-42d0-afec-fa2125e815fb,55.909653,-4.18804,201920,2,flat,Glasgow,G13 4EU,C,2025-07-17
4f2c533d-1c0d-4d0b-9b0b-7a041eb37724,55.786915,-4.331469,258018,2,flat,Glasgow,G33 2MU,C,2024-12-10
12a4f610-b58c-4e6f-976e-ea79df654b95,51.519268,0.312183,1113975,2,detached,London,HA25 0ZA,F,2025-07-10
084ff5bb-3360-4cf0-a3cc-da5e915cd0dc,51.735163,-0.254484,806856,2,semi-detached,London,W26 9FE,E,2024-11-27
faa84fbe-d2e0-44a6-a7d1-eb3bd3bce87c,53.352331,-1.512355,446822,2,detached,Sheffield,S14 9BB,F,2025-07-27
b2966cbd-5517-4583-a7ba-3d811187bb1e,53.981574,-1.639218,298232,2,flat,Leeds,LS32 0TR,E,2025-07-15
a1c51cee-f035-4e2e-924d-fca8354e073f,54.901699,-1.420398,279656,2,flat,Newcastle upon Tyne,NE33 0GF,D,2025-01-31
2b91da63-dc43-469f-aa2a-82eeccadac93,52.196475,0.174494,1176333,2,detached,Cambridge,CB6 0ZG,B,2025-08-26
c6c79ec4-b5ba-4439-9696-ec5ea856d1a4,55.942206,-3.146703,534312,5,flat,Edinburgh,EH26 4YL,E,2024-11-04
24b3a75a-1ae8-4024-942c-36a5248b7b84,53.619549,-2.149624,405693,3,flat,Manchester,M10 9GC,E,2025-05-29
20838492-d25d-427e-b1c6-58f5038d9617,51.747949,0.275696,614337,2,flat,London,EC16 9PY,E,2024-09-23
b69e79c9-c931-4780-bd3e-85c487470bae,53.412442,-2.973297,412697,6,flat,Liverpool,L1 1JY,F,2024-11-18
394329f9-44ed-4058-b54b-990bd2f089c1,51.475744,0.069769,442585,3,flat,London,SW18 4SR,E,2025-01-03
4eb21155-b4d5-4881-8078-3a6f3f743753,50.851704,-0.184041,373096,1,semi-detached,Brighton,BN3 8DO,D,2024-09-05
c3299098-da82-487a-9233-9dfe6e09200a,51.750435,-1.282704,660951,2,bungalow,Oxford,OX15 6BU,D,2025-04-18
65682bf6-4d44-4d4e-b05a-4a2c3a3c5452,52.663166,-1.899388,445024,2,terraced,Birmingham,B26 6DH,C,2025-06-18
0c8cf55f-4477-4da8-868e-b7e3d7399418,53.377743,-1.368739,374372,3,semi-detached,Sheffield,S17 5FZ,D,2025-07-25
b08763e7-a3ed-464a-9812-7a81782e730f,51.384665,-0.29762,665387,3,flat,London,EN5 8JS,F,2025-01-08
353f9f92-ec42-4305-9ee7-067d1ec74810,53.724335,-1.680364,819061,3,detached,Leeds,LS24 2RU,D,2025-05-11
cab17fad-0672-4876-b0c3-e14974fc832d,53.319039,-1.443728,213513,1,flat,Sheffield,S15 1OW,G,2024-11-07
7b721bd9-6baa-469e-8b8e-87cd6194a1b0,56.045793,-3.232976,610778,3,semi-detached,Edinburgh,EH16 8EL,C,2024-09-18
f5358f5d-b221-4178-965d-af8d89ee412f,55.895929,-4.369434,278786,2,flat,Glasgow,G27 0JN,D,2025-01-04
134a46c2-ca12-46f4-acdb-d5ff69946c1a,51.337995,-2.456501,293483,2,flat,Bristol,BS33 5YN,F,2025-08-20
5a67f702-c3d5-4ae7-a256-672f27620c0c,51.376897,-2.470758,547131,2,terraced,Bristol,BS7 4ZP,C,2025-04-24
65a6a5f4-5c07-47c7-b05c-2738f7fb8309,52.02827,-0.73332,307887,1,flat,Milton Keynes,MK2 3PX,E,2025-07-21
91d9c9a4-1b40-41b4-9f6e-5b8c65bf8f6f,51.78801,-1.2648,1185496,3,detached,Oxford,OX3 8LL,G,2025-08-27
17408c7d-61b9-44d7-8478-e6ec36c536de,51.602709,-0.413651,508026,2,flat,London,DA13 7TG,C,2025-05-10
639fda82-3d10-4611-b538-cdd8f1d1c6ff,52.981531,-1.359029,260225,2,semi-detached,Nottingham,NG14 3FF,D,2025-07-29
f380a0b8-25bb-4ae3-a975-5201cc2e5797,51.368401,-1.08996,456998,2,flat,Reading,RG2 6KZ,C,2024-11-11
d1cc3ad0-1bde-41ef-8b5b-d22caad75b39,53.043656,-1.394453,159151,1,flat,Nottingham,NG30 2TN,D,2025-01-14
c16f3d08-88b0-40ec-bf61-66cde455d868,54.865957,-1.481827,292487,2,maisonette,Newcastle upon Tyne,NE4 5LY,D,2024-11-08
99e28484-71d0-4b57-85a1-023334c4ca71,51.257854,-0.230707,458108,2,flat,London,TW33 8YS,C,2024-09-27
191ecbc8-c242-4bf9-bc6d-cbb6a5985a2a,54.498661,-5.879468,399730,3,bungalow,Belfast,BT34 7NY,G,2024-09-22
91d1e21c-22cd-43bc-b867-908153e10e55,55.857865,-4.109837,181713,1,flat,Glasgow,G9 4PL,E,2025-07-07
79d6aee5-a749-4f77-a991-c914461fe3a3,51.43751,-2.82764,302004,2,flat,Bristol,BS11 5CA,C,2024-12-04
18b16618-4b80-4f54-819d-903933502c73,51.666013,-0.736586,675149,3,flat,London,EC30 0ST,E,2025-04-16
5ee6976e-9356-4537-bb47-4267b1a9259c,51.356132,-0.090711,1162841,2,detached,London,W1 3ON,D,2025-01-27
187eb505-840f-416f-9221-4aa600a50954,55.996285,-4.452861,246236,1,semi-detached,Glasgow,G19 1OK,C,2024-10-23
3711b42b-4782-4a57-b8d2-55a8e6dd11be,51.409449,0.170721,838666,2,terraced,London,DA15 1RJ,D,2025-04-04
9795c637-72d4-4603-a8ec-b2a5bfc8e844,55.906661,-4.231797,823786,4,detached,Glasgow,G5 2KX,E,2025-04-29
e6ab8fc7-4ff6-4c86-80c7-c44f3c614abf,56.000585,-3.12372,797405,6,flat,Edinburgh,EH9 2WF,C,2024-09-17
1bb21c53-df5a-4805-8dd3-912f08cfa9ba,52.136239,0.081198,1222123,4,flat,Cambridge,CB7 6XJ,D,2024-10-19
578f8c14-edf4-43de-b463-b11141ae27fc,54.627818,-5.876176,272634,2,flat,Belfast,BT26 2FU,A,2025-07-04
7920db03-bc6a-4e5b-8926-28a86dcc2123,50.818113,-0.00102,617287,2,terraced,Brighton,BN4 7CH,C,2025-05-08
97c90a30-c3d4-4e37-962d-90a132d00daa,52.925081,-1.147893,563216,2,detached,Nottingham,NG25 8KK,C,2024-09-16
14eb5880-251d-4ce3-8be7-e18420bf582c,51.697111,-0.778545,590140,2,semi-detached,London,EN22 8WF,E,2024-09-13
5f66c763-4dac-4c6e-9166-4fd3df015dd5,51.665867,-0.303764,806318,3,flat,London,BR27 3RF,D,2025-01-17
466c979b-5e45-4831-8ccd-d6ee4064c2cc,53.468557,-3.048597,435310,3,bungalow,Liverpool,L34 3AH,D,2024-09-13
431bdd9e-d77a-4a1c-b8cd-e6136202f8ac,51.526439,-1.098899,579647,2,semi-detached,Reading,RG24 2ZR,D,2024-09-19
52e51571-9a74-4ed1-b3eb-2d8982cae12f,55.95449,-3.233602,572666,2,semi-detached,Edinburgh,EH27 0SF,B,2025-06-07
bef96249-39eb-4b2c-9444-8eb59173482c,50.839472,-0.134063,553904,3,flat,Brighton,BN29 1TF,C,2024-09-06
170e8126-185a-42f1-8f01-9403128a0a92,53.650955,-2.3696,251351,2,flat,Manchester,M31 3CW,E,2025-07-12
902b5b67-f8a7-4427-97de-0c9da2e2451a,54.035336,-1.260164,750191,5,flat,York,YO11 6GZ,D,2025-01-23
c3d4b044-8bdb-49e1-9c2c-8618662f2ee4,51.371672,-0.996127,522681,2,flat,Reading,RG15 4OT,E,2025-07-18
ce97c899-9eba-4fda-8b5b-3a8c34764a4e,52.584639,-1.721594,462753,4,flat,Birmingham,B16 3CY,B,2025-04-14
89ec6dda-6c03-4759-8b19-3fc5d5ae7f35,51.425808,-3.309571,379460,2,terraced,Cardiff,CF5 4UT,A,2024-12-24
47566d9d-24a2-4679-8e53-78b831225fd0,51.562204,0.196138,669068,1,detached,London,TW19 4JK,F,2025-02-24
bfa7dcd2-c921-4438-811a-ed7355c92281,52.505355,-2.134729,356955,2,semi-detached,Birmingham,B9 7RE,C,2024-09-08
9d98c4b3-c4b3-47e0-ae31-d978e873c4f2,51.353727,-0.985288,474905,1,detached,Reading,RG31 7TO,G,2024-10-09
2d1fb0cc-11c2-4c43-a237-234db0108109,50.827151,-0.013516,567889,2,flat,Brighton,BN11 2KU,B,2025-03-14
8ce9f700-049f-42ea-9de1-86ac3c606af0,52.521965,-2.049289,281179,2,semi-detached,Birmingham,B26 6JN,C,2025-04-21
bd686c5d-ad71-4363-b671-df312c28c4cc,51.507077,-0.131296,1107040,3,semi-detached,London,EC33 1EP,D,2025-08-20
494e8085-da79-4c33-b58c-740529c121f1,52.517314,-1.881268,441288,2,semi-detached,Birmingham,B24 4OK,F,2024-12-06
c856785a-8201-427c-aea8-ce64bdeff360,55.906575,-4.383602,247138,1,terraced,Glasgow,G7 2YK,F,2024-12-17
1ff74cb9-0817-4042-a962-8680761807a8,51.64402,-0.302268,638594,2,semi-detached,London,IG22 1RU,E,2024-12-03
4cc370d5-0306-48d4-9622-87657cdd82c3,52.199534,0.124772,949475,2,terraced,Cambridge,CB25 2PP,C,2025-08-23
195f8646-68cc-4a53-b069-45ce84194f8d,55.80419,-4.172818,140739,1,flat,Glasgow,G19 6LW,F,2025-08-02
30a7e75b-ba11-4812-b872-afea9ce9389a,51.430556,-0.009902,355536,1,maisonette,London,W22 0PH,E,2025-07-16
c5632d21-9bf7-49f8-81b7-444e3dc1ed75,54.891058,-1.536611,460713,3,semi-detached,Newcastle upon Tyne,NE18 9KP,E,2025-02-27
7a6132fc-cbff-44a6-a132-9e3996587b7c,52.473512,-2.264392,183549,1,flat,Birmingham,B2 9GP,D,2025-08-28
e4bcd8e1-fc51-4545-9c80-3085e721c9c6,51.408779,-0.213742,1660313,2,detached,London,W7 4UM,C,2025-02-06
8f5e3af7-1dde-4e9d-98af-b7651dbe90b2,52.437447,-1.418032,452767,2,detached,Birmingham,B33 2OL,D,2025-04-14
47015571-5875-40b8-be51-107a171e3821,51.453676,-2.653523,388974,2,flat,Bristol,BS20 4BC,C,2025-08-24
0dad23e2-1140-41f6-8cd2-a9578276d3a3,54.544415,-5.935462,619337,4,detached,Belfast,BT15 4CA,D,2024-12-05
0ec2281f-8cee-415a-9849-043030553a9c,51.199149,0.402725,509498,2,terraced,London,EN2 8RE,D,2024-11-04
d13e8c2b-03f0-46f1-9aa7-07d3549aecd7,51.5796,0.279231,871881,2,bungalow,London,NW9 9JM,C,2025-01-06
b6dcadab-a760-492e-a04f-b815525e5e85,51.470667,-3.380689,258237,2,flat,Cardiff,CF10 2YT,C,2025-01-26
492a8d6b-67d5-418c-b65c-cb953df6c48a,51.575053,-0.142074,1258551,3,detached,London,SE35 1DA,B,2024-11-05
ff3a4216-c493-432f-91b4-136a8b9987a2,51.490706,-2.374022,927562,3,detached,Bristol,BS22 3FK,C,2025-07-05
ade1ff0a-bbf8-44c9-891b-a2ee5b6eb527,51.383589,-0.183005,958648,4,terraced,London,IG25 2PO,B,2025-02-13
957f3a79-1143-46f7-8159-1b3b98664adf,55.810987,-4.064167,323280,2,terraced,Glasgow,G17 5CS,E,2024-12-31
d948daf2-a105-48cc-aed5-b32f1858c0a5,51.52407,-0.474445,838727,2,semi-detached,London,KT5 0NA,C,2025-05-15
c9c54119-304f-40cb-bcca-fc6cd6b16087,51.484992,-2.57311,451298,1,detached,Bristol,BS27 6AO,B,2025-03-14
0d00159e-a870-4efb-ae2e-947ba33c9dc0,53.809731,-1.573956,240796,2,flat,Leeds,LS15 9NA,F,2025-06-15
47919319-fe56-4a14-9004-b7408f531f76,51.744712,-1.307388,1216850,4,detached,Oxford,OX26 0RM,E,2024-09-05
a4d00ce7-301c-495d-9a89-bb2a32701c52,53.99154,-1.174514,615207,2,semi-detached,York,YO28 7NL,D,2025-03-10
608a1a5a-69ae-45ff-8c5f-016bb1076aba,53.580437,-2.293125,439404,2,detached,Manchester,M18 7TT,D,2024-12-08
4b5983df-5d92-4599-94df-9696edb83d5e,51.340316,-0.169311,722368,2,flat,London,DA18 0NG,D,2024-11-21
1504f8df-e721-4d7b-a34a-65cbaa5e40e2,53.413121,-2.123767,320550,2,semi-detached,Manchester,M15 3WG,A,2025-01-17
0fa82575-8fd8-4c23-abd4-ddfaaff54442,51.26139,-0.589329,619915,2,flat,London,WC20 6YW,C,2025-05-22
b0084584-9855-4346-9e6a-8197f0d22255,51.550063,0.080844,570834,2,flat,London,BR7 9JC,B,2025-05-23
60d19641-ac75-437a-a5f3-215d6c1faf3b,53.820446,-1.511341,877155,3,detached,Leeds,LS16 6ZM,C,2024-09-23
ecf5e594-1d83-49a7-8704-ccbead699ecc,52.539322,-1.780849,652091,4,maisonette,Birmingham,B27 9MS,D,2025-05-12
44f30bc9-77de-4a93-94cb-1d7da989547b,53.43538,-2.248994,546407,3,detached,Manchester,M31 3ZM,D,2025-08-19
b333a55f-9e05-4f3c-947e-0cf61409cfc6,53.748693,-1.311057,390514,3,semi-detached,Leeds,LS30 7GM,D,2024-12-31
02045ae9-061c-45ab-adc5-8f0afc5019ad,51.924903,-0.585774,346702,1,semi-detached,Milton Keynes,MK22 1MA,F,2025-03-08
23cc210c-27fd-4a10-a775-01a6910555be,51.487103,-0.166373,1330279,2,detached,London,BR34 4LJ,F,2025-07-22
b8032278-e601-4359-90ad-0b9b39a26b7d,50.763512,0.004926,650465,2,terraced,Brighton,BN23 4PX,C,2025-06-27
b46f2745-4606-4276-8b59-777ebeae66b2,51.554347,-0.425454,433675,2,flat,London,SE29 6SK,C,2025-02-01
e7401e3b-bca0-4561-82d4-f56b69abbece,55.947586,-4.226609,255960,2,flat,Glasgow,G32 2FE,B,2025-04-07
014f4b46-5a9f-42f7-b604-19a6a83683da,53.029497,-1.013879,190322,1,terraced,Nottingham,NG26 6YF,D,2024-12-12
2fb0157a-2b3e-42e2-a926-c4235802ddb7,55.822896,-4.060031,342833,2,terraced,Glasgow,G30 9RU,E,2024-09-06
c7fdb555-e1ea-457f-a020-3a9073237ecf,51.454239,0.034587,470383,1,terraced,London,CR16 3EN,D,2025-02-27
a5ed305e-0342-45c7-ba42-7e75e86de5ac,53.313011,-2.175483,396099,3,flat,Manchester,M6 5UD,D,2024-09-16
4fd0b892-f10b-437a-85a5-294f07a17358,56.086329,-3.232383,437064,3,flat,Edinburgh,EH17 0JE,D,2025-05-19
c2e225d5-caa9-47e5-b355-5dfdb329623e,53.790844,-1.190775,396733,3,terraced,Leeds,LS28 0SS,D,2025-07-08
045c5f62-2d95-43eb-bdea-8435504f6444,52.433588,-1.590139,293611,2,terraced,Birmingham,B31 2TJ,F,2024-12-12
ff3e036c-f3fb-4edd-aec3-5457b9ff076b,51.645556,-0.053561,1090190,3,terraced,London,CR2 0LS,E,2024-11-13
35505a50-7278-4b4d-8ba7-376cbfd23816,51.612526,-0.389329,470876,1,terraced,London,SE23 9MM,C,2025-08-08
2a2ccdf5-5856-47f0-b64a-2d3341f48518,51.622337,-0.265141,450963,1,flat,London,EC32 0NC,F,2024-09-13
0f1aa281-1d3d-4fdc-82ed-a4fba8605608,50.776544,-0.167208,640165,3,flat,Brighton,BN8 7UZ,D,2025-01-25
8d89cdd4-5486-4970-9737-b0f362afe5c5,52.043193,-0.724948,418085,2,maisonette,Milton Keynes,MK29 8SH,D,2024-11-04
7f9ef081-8e74-4f2c-97a7-867fcd8d7953,51.40861,-1.045855,494765,3,flat,Reading,RG8 8SM,B,2025-06-12
b1c77fff-2561-4671-9196-6f2f9a2bbf71,51.554466,-0.282092,880264,2,terraced,London,BR15 6UG,G,2025-04-27
e9bbb4b9-674d-4efe-a7b1-e60524b2a8f2,51.087877,0.218884,367690,1,flat,London,N15 5FG,E,2024-11-04
7ca37b40-91f3-4ffe-82d3-7115b1101936,53.322306,-2.297675,571740,5,flat,Manchester,M8 9ZO,C,2024-09-08
1e809f48-9d11-4d5a-8904-5afaa76c2e8b,55.882135,-4.509611,227620,2,terraced,Glasgow,G22 1GJ,E,2025-01-11
0841885e-c6fd-4fff-bfec-0d09bc36ae84,53.381391,-3.11843,258213,2,semi-detached,Liverpool,L21 8UU,D,2025-03-09
6b7d35fa-c195-4a7f-9817-9b28d245d0c6,52.81511,-1.424505,415481,3,maisonette,Nottingham,NG6 7KM,A,2024-12-25
83139273-4632-4358-8f6b-5b44a2d06f53,51.99243,-0.742111,1413055,6,detached,Milton Keynes,MK13 1RW,E,2025-06-21
99050904-d0eb-475b-a862-2e04685d60be,51.392636,-0.128864,895786,5,flat,London,N32 4GK,D,2024-12-18
20da99ff-84f5-4a74-aa96-90b2bbbf0b4c,53.813436,-1.648851,428806,3,semi-detached,Leeds,LS35 8AM,C,2024-11-30
4c6c766d-8230-49f1-9a27-c337fef978c3,55.932134,-3.195415,648769,2,bungalow,Edinburgh,EH19 9XG,E,2024-10-30
dc2e42fc-0d71-4dc3-bb2d-3978d7c93417,51.668516,-0.862498,415308,2,flat,London,BR13 8DY,A,2025-07-19
5caa99ce-6431-416b-8e66-5bad4e228f82,51.397097,-0.257781,1707553,3,detached,London,HA12 7FC,E,2025-03-11
c90a6094-202b-4f3d-967e-5c22318eede2,51.307542,-0.050332,722511,2,flat,London,TW3 4YL,D,2024-11-29
9ce7ce88-3da0-489b-b007-7c5e5f1ae476,56.094629,-3.278737,1004501,3,detached,Edinburgh,EH35 2BF,D,2025-05-11
87426a2b-b391-4039-8c53-7ed798480045,52.92862,-0.982524,253177,2,flat,Nottingham,NG14 1YT,C,2025-04-10
70141953-c34a-4fd2-9d2b-8c03fcb45da1,51.711115,-1.293753,1068655,4,terraced,Oxford,OX35 3DA,F,2025-02-19
048073d2-07d3-4743-92d8-d19d8915c4bb,51.401288,-0.939224,516613,3,flat,Reading,RG30 7CD,C,2025-03-25
97fe6763-84de-4bde-94e2-232848a9472c,53.364097,-1.385787,532874,2,detached,Sheffield,S33 4ZZ,E,2025-02-20
4817e5c5-b245-48d7-8082-0f251d98459a,52.421368,-1.907149,301861,3,flat,Birmingham,B29 9DL,C,2024-10-29
bb60e8ff-994d-4036-a927-91c063dd1739,51.79724,-1.000674,852751,3,bungalow,Oxford,OX1 9GW,B,2025-08-15
01e5263d-ed8d-4cc5-9a54-1ed3f5dcc650,54.927938,-1.761975,238618,2,maisonette,Newcastle upon Tyne,NE32 3YA,D,2024-12-31
f72ca541-22bb-4171-ad1e-5449821e3e37,55.936093,-4.656484,294750,2,bungalow,Glasgow,G24 0GM,C,2025-05-26
e3da9152-db64-4a62-8b01-43107d975677,51.341197,0.166861,976750,3,terraced,London,NW23 9TN,E,2025-01-08
36db0043-bcef-4e14-8229-81ad471a1d1d,51.316038,0.3409,422975,1,terraced,London,NW28 1OO,B,2025-08-02
5494fd00-f02a-456b-9519-385d710041a1,51.452864,-0.523123,1204991,2,detached,London,NW35 9FX,D,2024-11-03
22b59507-f506-4c9d-bbea-cef62bd539ec,55.975338,-3.195976,420662,3,flat,Edinburgh,EH25 4NB,F,2024-12-06
f8e7e586-1572-4735-8924-760c54725cda,54.539571,-5.764839,202533,2,flat,Belfast,BT17 1TG,E,2024-11-12
2a36a18a-216b-4917-935e-80cc7357b397,55.945847,-4.065042,524606,4,semi-detached,Glasgow,G13 8BW,C,2025-05-19
d299035c-c373-440b-bd98-345d582fee4b,50.835511,-0.196703,379627,2,flat,Brighton,BN4 9TW,E,2024-12-07
f7f223b9-8f97-41d3-940a-2fb1e732b0ce,51.241765,0.197509,813810,2,flat,London,NW33 8MH,F,2025-08-21
1985b55a-8379-44a7-bc3e-eb5db2aa9fd7,53.940347,-1.038478,447686,3,flat,York,YO7 1DK,C,2025-03-27
07540df3-8fdb-442e-956f-60fb10401015,51.534109,-0.863843,717374,1,semi-detached,London,HA29 9HA,F,2025-01-01
0128f09c-d67e-4253-9ad3-b2632a5dab2d,50.778413,-0.074798,1977697,6,detached,Brighton,BN21 6LT,D,2025-06-20
a0005fdc-b82a-4d2f-af5f-bd8902a62bd0,55.920216,-3.18154,407380,2,flat,Edinburgh,EH20 7LS,E,2024-10-29
263ada5c-32fa-4732-9ee2-2b1cdbb09146,51.524873,-3.194519,548799,4,flat,Cardiff,CF29 4WP,G,2024-10-30
e0fda864-a226-4ab3-b004-b7a6b68b446e,51.594432,-0.482493,415053,1,flat,London,DA7 7XW,D,2024-11-06
ccc8e6d3-3ce8-4d14-9200-0cf560d478c6,53.362957,-1.456052,217666,1,flat,Sheffield,S16 0HS,E,2025-03-08
c24ef164-2130-4125-a55e-72b46d4b85b7,54.596482,-5.826307,355137,2,detached,Belfast,BT32 4BH,E,2025-01-13
3132582f-c72d-4e6b-bc77-132055c95f3e,51.603842,0.125199,893218,2,detached,London,UB12 0LE,D,2024-11-29
aa3f2242-123a-4808-8d5d-58424bd4f230,52.078113,-0.84116,418470,1,semi-detached,Milton Keynes,MK21 9MD,F,2024-12-02
2f843af7-1955-485c-bc9a-81170d554de5,52.079502,-0.798019,584796,3,semi-detached,Milton Keynes,MK24 1LT,D,2025-05-16
2a1c8281-82d3-46e3-94a2-09d76012bd06,52.578974,-2.150725,303341,2,flat,Birmingham,B23 4NK,A,2025-02-03
3d4759c8-840a-4ac1-b73f-e1375c054487,55.975798,-4.303458,275037,2,flat,Glasgow,G29 9BS,E,2025-01-09
a8132bbc-ff75-4a06-8e9f-3d5ff8f684ca,51.759475,-0.15448,1003094,2,detached,London,HA5 6ZX,E,2025-04-20
32f74517-deb6-43ee-9c52-17fa883e9ec8,52.282142,-0.037075,860215,3,flat,Cambridge,CB17 6OR,C,2025-03-01
7645ba4c-81e4-487a-b2e2-438ca1b39bd8,54.599685,-5.771158,554079,5,semi-detached,Belfast,BT30 9TJ,G,2024-12-12
755c0496-f0e5-4906-ae81-85a4dc33742d,53.462145,-2.366161,612408,5,terraced,Manchester,M12 7FF,C,2025-03-15
97709eee-6d9f-41ba-a693-0db7f3d9045e,53.512928,-2.131359,487523,3,semi-detached,Manchester,M11 3FD,D,2024-12-01
139c46de-022f-480e-8826-c95b48bc84ec,51.494312,0.282654,1042185,3,detached,London,SW13 4UP,E,2024-09-20
7a523185-8036-4cc8-931f-aef20b0d82ba,55.882568,-4.20514,291239,2,bungalow,Glasgow,G19 2HG,B,2025-08-04
6dd35905-e5ab-40fc-ae59-615489bcee1c,55.821466,-4.214978,278801,1,semi-detached,Glasgow,G8 3GN,F,2025-06-12
86f7e3e6-e29c-4824-9084-1b52b165b2e1,51.559649,0.340223,942660,3,semi-detached,London,NW9 6RZ,F,2024-09-17
7e9eb08d-cf0e-42bf-ac6f-946d65bf88d6,50.894819,-0.167216,647604,4,flat,Brighton,BN14 4FY,F,2025-01-26
281837e6-8151-42ef-a880-e4e1e969fa16,53.504306,-2.237898,267334,1,terraced,Manchester,M33 2MC,D,2025-05-15
3d5197e2-9978-4023-85c5-0790b907eca1,51.565225,0.170415,846470,2,semi-detached,London,HA28 8JP,F,2025-02-23
427b784b-a09f-4e82-ba6a-ce5b2a6aedb7,53.577397,-1.956175,386409,2,semi-detached,Manchester,M19 3DK,E,2024-10-17
6b5fd857-af95-4ec1-af3d-607692e44724,51.781386,-0.377856,670922,3,flat,London,IG1 2FD,F,2025-07-04
d59bf7fc-e964-4ca0-b7a4-c900083d8540,51.626073,-0.847984,863880,2,semi-detached,London,BR33 5JN,E,2024-10-30
55cf4914-ff79-45e1-853e-569ca4f592fd,53.883381,-1.6549,341886,2,semi-detached,Leeds,LS13 7OT,C,2024-12-07
7750cdbe-04e8-4431-9ba3-7f79415bb3e0,51.43024,-2.548801,653732,2,semi-detached,Bristol,BS19 2AU,E,2024-09-27
a115448a-37f0-412d-9640-9d02c60339a7,51.582966,-0.348355,1250880,4,terraced,London,N35 2EK,B,2025-05-06
23364b60-43a4-4d26-b9b3-9f67c47bf8c1,51.483882,-2.824647,638844,2,detached,Bristol,BS23 0ON,B,2024-11-29
610218ac-449e-48ba-a756-fdc5f5e65835,53.781873,-1.517639,223161,2,terraced,Leeds,LS20 8PN,C,2025-06-19
8039162a-b88b-49f1-b2eb-3d30e04e709f,52.405886,-1.8121,325149,1,flat,Birmingham,B13 1CO,E,2025-01-25
b41dd2f7-8c26-4f74-bf8d-8b5f7b46cead,54.062204,-1.086544,331705,2,flat,York,YO10 7ZN,C,2025-02-01
8c330265-6ae4-4dff-88c8-130feb3f7a13,51.467677,-2.672254,348512,2,flat,Bristol,BS9 6AS,D,2024-11-17
81f0a309-240d-4046-b3a9-d0ea71ab087a,53.358641,-1.303318,188495,1,flat,Sheffield,S11 1YM,D,2024-10-30
e2110d83-e2de-4cbf-850e-73062c4f351a,51.371979,-0.716344,408366,1,flat,London,W14 3RB,C,2025-09-01
b5e0ff72-b360-4f76-892e-413d9aa74d75,51.541929,-2.581706,428874,2,flat,Bristol,BS4 3PF,C,2025-04-10
268c2937-b466-4445-b9f6-6b6393c98a7b,51.648861,-0.215267,514287,2,flat,London,CR35 8GX,E,2024-09-26
a8bcacd4-8f23-468a-ad14-e24aca0045b6,52.514164,-2.187712,311248,2,maisonette,Birmingham,B32 0FL,C,2024-12-04
a91afd33-55b8-46a2-b64e-49022ace5fd7,52.385641,-2.016845,413479,3,semi-detached,Birmingham,B27 0WG,D,2025-08-12
c12714ac-5230-421c-b2d5-e7f59dfad498,51.581798,0.041052,1098177,2,detached,London,SM11 1EC,C,2025-04-15
401f866b-06a0-44b7-a8f8-31824e418263,53.296374,-1.425151,271678,2,terraced,Sheffield,S12 2ZJ,D,2025-07-18
2ae3c782-0d79-4cc0-b4be-f1f98581c904,52.571356,-1.941216,394190,2,bungalow,Birmingham,B8 4DF,E,2025-02-20
3bd59b61-4377-46f9-9c4b-f40ed611dc26,55.814791,-4.281047,361285,3,terraced,Glasgow,G4 6RS,E,2025-05-27
ac6e27ad-500f-40d1-b867-8906173e0b00,55.844221,-3.177661,433191,2,bungalow,Edinburgh,EH32 3BR,B,2025-01-30
13f3fb8f-aca7-44d0-a5bd-1fbd91578f83,51.445969,-0.968742,353334,1,flat,Reading,RG21 9LW,D,2025-03-07
3b7900c5-cce5-4b0f-9a90-895d135577eb,51.508085,-2.773575,473737,1,semi-detached,Bristol,BS4 4MO,F,2024-11-22
fbe1a209-22ad-4647-9ee5-ab1b6fb3a0b2,51.378595,-3.101454,301231,2,semi-detached,Cardiff,CF23 0AZ,A,2025-05-16
e4ab7e04-4f70-490f-8d0e-b1ee6f350b5b,54.690949,-5.920651,530617,4,terraced,Belfast,BT30 7DM,A,2025-02-12
e0b7828d-a751-4d44-bf1c-f36688b27520,53.429315,-2.347316,440178,3,bungalow,Manchester,M9 5CZ,C,2025-06-20
5949a602-e9f1-4eee-8edf-7792f9b4da40,51.627709,0.170614,1018916,2,semi-detached,London,CR24 7ZA,C,2024-10-19
26c1d3fe-e196-4372-9462-6222113f0163,55.861912,-4.082472,468635,5,bungalow,Glasgow,G28 7EU,E,2025-04-18
f81ff53b-a1e3-4d01-bed3-8f8211b825b9,51.64224,0.471616,1203785,5,terraced,London,TW33 0ML,F,2024-09-04
42b84e44-0e90-464c-99e2-37fce6ece33c,51.700974,-0.671855,1143477,4,bungalow,London,SE12 5NU,E,2025-05-16
f067ff66-10ab-422b-9862-2802f5959154,52.976652,-0.926723,330431,3,terraced,Nottingham,NG23 2OB,F,2025-08-10
35319b81-9703-4453-a459-14c8c17c3117,51.555105,-2.952212,305256,3,flat,Cardiff,CF6 4RX,D,2024-10-03
40c6e5fb-257c-4206-a04c-9320e6f747ae,50.996368,0.024371,796765,2,semi-detached,London,DA29 8LG,E,2024-11-13
5606fc8c-2f85-4752-b91e-250ff8fc383b,52.445423,-2.015472,173805,1,flat,Birmingham,B12 2GL,D,2024-11-01
c060918a-bc8c-429e-b073-47c9cc2d352c,51.701027,-0.065872,580489,3,flat,London,NW8 9SY,E,2024-10-08
8709395c-77f6-4e7b-b846-f2324b36cf76,51.481371,0.527811,889523,3,terraced,London,DA16 2AJ,C,2024-12-27
157b6c30-867f-4363-bf7a-4b728260d198,51.33637,-0.009982,1246287,3,detached,London,SW25 7DZ,C,2024-09-04
169436f2-c74d-4723-9d6c-854b03ece626,51.558492,-0.97478,790389,2,detached,Reading,RG1 3OU,A,2025-03-18
0d42d2f7-b7f9-409d-b0d5-f21784b0d3eb,55.744249,-4.082056,136719,2,flat,Glasgow,G27 8FM,D,2025-01-31
de32663f-ee59-4e6c-84a7-22b8391c0851,53.376388,-2.045719,428269,4,flat,Manchester,M29 9CN,B,2025-03-01
95a1d4c2-aa92-4164-87f7-8a720ea1fcc6,51.575,-0.421344,409458,1,flat,London,EC10 9MC,D,2024-09-26
9abce85a-8514-4d71-b0ce-ff88013177ff,55.803657,-3.913185,215273,1,flat,Glasgow,G28 3EZ,C,2025-06-05
10375b3d-0ce5-421b-80db-ce8e837f6a8c,54.007079,-1.105517,575707,4,flat,York,YO23 1NM,F,2025-04-21
3d49690a-4340-47ed-9d80-2c2907c5e128,52.23324,0.020294,578919,2,semi-detached,Cambridge,CB3 0PC,D,2025-01-11
f582ec32-8b18-45ed-a1b2-1c1532fc55c1,52.604265,-1.698111,257529,1,semi-detached,Birmingham,B10 6AU,F,2025-05-27
229fe499-c25f-4dc3-80ca-966da89155b0,51.517121,-0.076926,820008,3,terraced,London,DA31 4PJ,E,2025-01-23
83fe2fd3-5584-42c2-890c-001185cc3d5b,56.018327,-3.122564,579185,3,semi-detached,Edinburgh,EH31 1SH,D,2025-08-10
db0fa074-429b-49c3-b318-c90317689aa6,52.062139,-0.676958,460362,3,flat,Milton Keynes,MK5 4MX,E,2025-06-02
983c3ba4-5b1a-4ba9-9eb4-f1c52c9e8c92,51.789186,-0.138232,724834,3,flat,London,KT11 8DB,E,2025-04-29
569fabba-8f17-4a1a-a611-a0f38402efcf,51.496305,-0.263515,1059139,1,detached,London,IG35 1DY,B,2025-04-26
1aa66817-539f-41cf-b8f8-46e941173aa4,55.977347,-3.150683,673698,2,detached,Edinburgh,EH27 1OE,C,2025-06-15
fae12719-1293-4b72-93bf-4a220c4003da,51.381778,-0.63529,1132760,3,detached,London,CR10 2LO,D,2025-07-23
a6030f81-da52-4463-a43f-eacd4c35ba21,55.827705,-3.893311,210278,3,flat,Glasgow,G24 1AR,D,2024-11-20
634e6388-1f17-430b-996b-b92419571938,52.604971,-1.95058,534751,4,flat,Birmingham,B4 2HR,E,2025-04-21
afb6d69d-68f0-45e8-82ec-64d3a6c72096,51.313863,0.199782,757799,3,terraced,London,SM10 8FN,F,2024-10-18
86a6552f-262b-42f5-99f8-7517d0bca31f,51.495286,-2.512504,253283,1,flat,Bristol,BS28 2FD,E,2024-12-22
1365cd79-0511-42b5-936f-05a2fc621601,53.377699,-2.415871,438085,5,flat,Manchester,M26 2DX,D,2024-12-31
befe9a1d-30bc-400f-a1c4-ee19a9f631a2,52.334881,-2.132843,281297,1,terraced,Birmingham,B13 6DP,E,2025-03-04
4dd15d04-c757-4246-a830-51d6c77aec7e,51.570564,-0.041248,1226873,3,flat,London,E28 0PO,C,2025-07-28
c1a010c8-0df1-48b0-b63d-d07c20f41d46,53.024547,-1.205074,778774,3,detached,Nottingham,NG12 1ZK,D,2024-11-27
270aaefe-9ab1-4c97-bb19-b7d797882630,50.880268,-0.088524,1384587,3,detached,Brighton,BN14 5BS,F,2024-09-22
bef969f0-1656-47bf-8124-a1fc8c9d1025,53.920161,-1.456945,683846,2,detached,Leeds,LS1 6DC,G,2024-12-02
82ea7941-b9c4-4af0-aedf-fa6fd572b098,53.86127,-1.346868,446488,4,flat,Leeds,LS24 5XZ,B,2025-05-24
6557bf58-fab8-4592-831c-a660ba493680,53.490941,-2.863247,178875,2,flat,Liverpool,L4 9CZ,E,2025-08-18
8a82d3e9-b7f3-4678-a7b3-ffdba2a454b1,55.929026,-3.291121,552858,2,detached,Edinburgh,EH5 3GW,F,2024-09-21
22d3d48c-f7b6-4858-b341-4f6da9c58d79,51.751996,-1.352988,351354,1,flat,Oxford,OX29 3HX,D,2024-12-12
34b96d5b-eea2-42b3-bbfe-3ea3cddf30c7,51.691199,-0.297896,1015556,2,terraced,London,SM16 0NB,E,2024-12-29
f2633251-5199-4fed-bf6c-8e5bd075d366,52.210966,-0.032716,414855,1,flat,Cambridge,CB1 9MB,E,2025-03-17
20e62a02-2b3e-4741-8a29-2e2712e90dd1,51.443173,-0.989825,800663,2,detached,Reading,RG17 5FJ,F,2024-09-15
93c0c6a6-4525-4ed3-bd09-a03ba6e1a0d7,51.527524,-0.304121,560284,2,flat,London,UB2 2AT,E,2024-10-21
5357d44e-2d88-4bcc-8c11-6ad7cd20ba96,51.45791,-0.030894,486823,1,flat,London,EC21 3EF,G,2025-03-10
5347c315-8940-4104-868e-f85a389366bd,51.295699,-2.423147,892084,3,detached,Bristol,BS31 8FS,C,2025-04-27
fa226a1a-79dd-4233-8c8b-89ed2a431649,51.350418,0.026362,1162843,2,detached,London,KT12 0NS,D,2024-12-17
53ed8b60-488b-496c-89e2-be80bafabcfd,51.700878,-1.157777,563211,2,flat,Oxford,OX19 2NW,E,2024-11-13
3d253673-e5a2-473e-b02b-447c2553a754,51.417951,0.217418,971244,2,detached,London,BR22 7DN,F,2025-04-22
48eaff7d-4179-4118-885f-2a05baec64fe,51.62194,-0.505853,1101147,5,terraced,London,N28 4RO,C,2025-08-27
ff2605c8-e4ca-4e2a-a79d-146093feb2b5,53.503241,-2.198881,432066,2,semi-detached,Manchester,M20 1OE,C,2024-12-09
d65925f5-ebd3-426f-935d-f50e9abf8c27,51.62609,-0.155172,760031,4,flat,London,EN35 8JJ,D,2025-07-16
fd3f53f9-b40e-40f3-8fbd-47e1dd692368,56.099306,-3.237138,388415,1,terraced,Edinburgh,EH13 5MT,E,2024-11-15
0a9d067d-1d65-4dba-9438-82a10e21a497,53.386401,-2.410343,382807,2,flat,Manchester,M17 9KR,E,2025-04-04
7c94b4a5-7527-4bd0-b300-1ef69e69abe2,53.616515,-2.230959,298827,3,flat,Manchester,M29 9KF,F,2025-08-10
af7d30f5-0499-48a6-882e-e043aec5b6c5,55.658678,-4.294686,508294,2,detached,Glasgow,G30 6UM,F,2025-05-30
e094ca64-2875-449c-b85a-6020f4f29664,54.590791,-5.934928,157396,1,maisonette,Belfast,BT33 8CG,G,2024-10-20
b64d8401-80c0-4d7e-b22a-11b07d2de7de,53.438931,-2.410474,429147,4,terraced,Manchester,M31 0KR,F,2025-09-01
9ee944d8-6238-48a6-ae65-5c4a8b0b18a8,51.207054,0.033897,1295955,3,detached,London,W29 0XT,F,2025-02-06
71814d38-68d6-487d-96f6-80d9df1b6be1,51.488242,-0.180364,802580,2,semi-detached,London,SM5 6WM,C,2025-03-07
0353ccf8-6a83-4aa6-a3f7-7a9fb9d93f6d,51.577882,-0.25122,544177,2,flat,London,SE4 7DB,D,2025-02-21
1b036db6-2dd9-4e43-b5a8-e2f0b06e9596,51.392606,0.228048,487451,1,maisonette,London,CR9 7BJ,D,2025-01-10
c0f672a6-de18-4475-9919-9a8828e9abb1,56.006946,-3.080713,341345,1,maisonette,Edinburgh,EH27 2PP,D,2024-11-26
57fdd496-c7f6-4adf-93da-37179fea2d77,50.784157,0.071517,648106,3,flat,Brighton,BN24 0EE,F,2024-11-16
7382217b-b229-4ff6-9a13-13694f6f954b,55.862776,-4.241451,786401,4,detached,Glasgow,G35 6EP,D,2025-01-23
40ed4fd7-9003-4dce-afc9-3e9ba71e8302,53.501143,-3.17157,292901,2,bungalow,Liverpool,L16 8MR,C,2025-08-16
d6a5dadd-f43a-4a02-aeee-b047ce8b2613,51.139986,0.212561,517818,1,flat,London,IG18 9KD,C,2024-10-29
3b3abdc2-1ffb-4223-8f4a-2c91ed754a7d,55.891431,-3.16193,351481,1,semi-detached,Edinburgh,EH27 2NC,F,2025-01-23
c4045bdb-ab39-46ac-aff2-66795098fcdd,51.142563,-0.389522,494318,2,flat,London,EC32 5AE,E,2025-05-05
3d7a6991-7222-4504-beed-dda64e4150eb,51.402357,-1.043714,394254,3,flat,Reading,RG21 4EN,E,2025-07-27
252fcd42-97c1-4855-8d77-7acf3a31a3d5,51.754872,-0.214513,801723,4,flat,London,W28 3NU,B,2025-02-18
5fe90d51-cb22-4e9a-8871-145590ce85bd,55.955801,-4.472978,230049,2,flat,Glasgow,G1 7XB,D,2025-04-09
3bc2b74a-8c26-4f2c-b762-99079a55481f,52.503637,-1.87439,443408,2,semi-detached,Birmingham,B22 6GD,G,2025-08-20
c5906a06-7f5e-479e-b209-0c26724e22ba,51.409251,-2.498752,781823,2,detached,Bristol,BS31 7XM,F,2024-09-22
63a6b837-73d6-45e8-87ed-b212523c1511,51.485425,-0.62551,907736,4,flat,London,IG5 4UD,D,2024-10-04
4b81b235-bca7-4434-8c07-6fa976db7eb6,51.410343,-1.274759,472052,2,terraced,Reading,RG2 3OM,D,2025-01-11
c60f4fc4-df27-49da-82b2-65dbd7c8620c,52.346721,-1.685603,543918,2,detached,Birmingham,B13 3ZC,D,2025-02-09
d0b32262-7585-453f-a7c8-6c5e5e73a8f7,51.402445,-2.586518,1053117,3,detached,Bristol,BS14 5AB,D,2025-03-30
8dae6d85-0f45-4a70-af65-c29593bb3499,51.509567,-0.09144,886701,2,flat,London,EN18 0UP,C,2025-07-19
0388da5a-df78-45f5-be7e-461e3abbcc4f,51.198549,-0.480658,1102374,4,bungalow,London,E29 1JW,B,2025-04-21
61ddf887-c1d7-4a2b-97fc-ed2605a83c57,52.246556,-1.873058,754863,2,detached,Birmingham,B20 0NC,D,2025-07-12
b3218ad5-00e7-480d-8d1e-3a0b8b03ad20,53.523646,-1.885626,245530,2,flat,Manchester,M26 9WK,G,2025-01-14
a3386880-2635-4f7f-b9d1-86e985109fb5,53.393528,-2.233712,293019,2,flat,Manchester,M17 7RD,D,2025-05-08
6946a6df-c110-4fab-a6a5-5f03340c5b6f,53.851457,-1.417711,388280,3,flat,Leeds,LS33 2NZ,B,2025-08-16
a949c9f4-83f3-4956-b3d0-ad158d80c814,51.816636,-0.274366,2027411,3,detached,London,IG32 6WN,E,2025-01-19
c8ae6188-c132-4b63-a13b-be65fd5d0067,51.593591,-3.195051,303374,2,flat,Cardiff,CF24 9ZC,F,2025-01-11
441ac25a-322b-4545-894b-af85c8895cd5,51.694046,0.07216,809083,2,semi-detached,London,NW22 7XK,E,2024-12-12
52d4f023-dab6-4294-85eb-93add9573661,51.881665,0.098204,520239,2,flat,London,HA7 7NF,D,2025-07-18
28822f4a-df34-4c1b-9e74-dcef4f08e5b8,52.506659,-1.857928,239053,2,flat,Birmingham,B7 4WN,C,2025-04-10
af6be59a-cef7-48ae-8090-7a6ba11faab9,53.699201,-1.720709,532244,4,flat,Leeds,LS15 5XN,C,2025-08-26
46f820ac-4136-4377-98d1-25e745eda33f,56.00517,-3.21883,381596,2,semi-detached,Edinburgh,EH27 3XM,F,2024-10-10
d2184542-07d1-4d1b-a506-5f37579fc71a,53.766674,-1.796489,207549,1,semi-detached,Leeds,LS3 1RR,B,2025-04-19
86eb56db-0496-4286-917a-c2541e280057,55.016363,-1.436806,385467,2,detached,Newcastle upon Tyne,NE28 1HH,C,2025-01-23
25fa6e2a-599f-46c4-bff5-1fc9c5cf6a5e,51.256624,0.193891,918864,4,flat,London,WC20 1SO,D,2025-04-24
4ba4b972-ffa1-4282-821e-4c0fed20ef9f,52.293422,-1.948746,288986,1,semi-detached,Birmingham,B15 7JS,E,2025-05-09
7fe2fa71-d18a-4aae-9573-c1614ba50e1e,52.489448,-2.010182,295342,1,semi-detached,Birmingham,B6 8SO,D,2025-03-10
ac6ecce8-98ef-4af4-b6a5-967766400c83,53.428374,-2.741386,308213,3,flat,Liverpool,L10 8XO,F,2025-01-29
d2ce495d-30d6-4ce4-b781-2698cb9f8b72,51.357846,0.02363,844167,4,flat,London,EC9 9UD,F,2025-06-19
efef3fe5-a000-4eb2-99ff-8ab330afd427,51.523298,0.268597,624114,1,semi-detached,London,TW34 1GE,C,2025-07-26
dd0ceb22-262d-431a-af8a-19b12c0cbdb8,53.451585,-2.144167,488894,3,semi-detached,Manchester,M3 6FA,C,2025-08-17
9243662b-4226-4b26-831f-5a7012aa5902,51.503725,-3.211137,377627,2,semi-detached,Cardiff,CF2 0LP,E,2025-04-22
3fd56906-a600-45a8-8084-18fcc6989b57,52.529026,-2.031642,193826,1,terraced,Birmingham,B9 2JG,E,2025-04-30
ecb4d032-46e8-4925-a3b5-4e61864e6af0,51.629736,-0.417637,708492,2,terraced,London,CR29 5HG,C,2025-08-05
dca9781c-6795-4677-bfa2-6dbce6563476,53.7355,-1.4855,311750,2,terraced,Leeds,LS2 4YU,C,2024-12-28
2e0295ab-cc33-4e97-8a84-178f1da583d5,51.629076,-0.093558,462394,1,maisonette,London,UB13 9EZ,G,2025-04-21
642d4fe6-ac9f-47ef-bee1-99b1cdeba74d,53.039113,-1.051048,277907,2,flat,Nottingham,NG3 5RM,E,2025-07-10
4f05c7ac-3dc1-4c17-ba7b-63d145237721,51.663122,0.126411,477588,2,flat,London,WC35 4OR,D,2025-02-19
15dbd939-b4e5-4150-a39b-08c88f5a09e7,51.6982,-1.321063,549583,2,flat,Oxford,OX32 5BF,C,2025-03-18
a45d0cdc-0c70-44a8-86fb-c5d5b2d80728,53.787282,-1.642684,224636,2,flat,Leeds,LS12 9XP,E,2025-08-23
1e50ff1a-1025-4faa-93a0-054b43ec29e4,51.737817,-0.002923,1061683,3,detached,London,KT35 6JU,C,2025-03-03
496c9311-fd34-4621-b5bd-be53ae126e72,51.417881,-0.83013,490896,3,flat,Reading,RG23 4BF,D,2025-07-08
272207fb-e2f7-4cab-96fa-fe7d053c87cc,51.345665,0.069783,914158,3,terraced,London,E9 5CH,C,2025-04-13
53fbe556-590a-4d6c-870b-96278ceb61ac,51.963862,-0.680985,601578,3,flat,Milton Keynes,MK6 6ZX,B,2025-01-31
0f71424b-76ec-4879-abda-3d6df9c547f3,51.380331,-2.650472,557468,4,semi-detached,Bristol,BS24 4JD,F,2025-03-12
c8a1cdef-611f-4ff8-8e26-95c1a1c07398,53.430798,-2.745508,164178,2,maisonette,Liverpool,L7 5MR,E,2025-07-30
296fc788-262e-4ed4-b9f2-78d5a9da7c12,50.969423,-1.344909,317439,1,maisonette,Southampton,SO3 8JB,D,2024-10-27
40428122-7951-492c-aba8-7f5b234c3368,53.414966,-2.312372,381790,3,semi-detached,Manchester,M14 6XP,E,2025-01-06
c0064349-abb9-4f5a-9913-839e88c52834,53.557062,-2.93622,315834,3,flat,Liverpool,L29 2FA,A,2024-11-17
c221a5f8-4f55-43a9-80e7-b5f6a5e9b30b,53.500283,-2.088873,256638,1,terraced,Manchester,M20 2UO,E,2025-01-09
23115c49-ab4c-4285-9152-3dacd2c04bb8,56.070017,-3.19206,625073,2,detached,Edinburgh,EH18 5OT,B,2024-11-28
821ed362-642b-44fc-801f-b40811d7e771,50.769602,-0.039535,621169,2,terraced,Brighton,BN30 7RU,F,2025-07-20
d515f489-768e-446c-9401-1177951b8375,50.851922,-0.092967,696696,2,terraced,Brighton,BN11 2JM,A,2024-10-12
da8ed252-0f8a-4e47-8d8a-ab5089cd1a99,51.355365,-0.295834,497810,2,flat,London,N9 2AW,E,2025-02-13
9e181a8f-e61c-43fe-8a87-f2f51171ce59,53.755475,-1.23886,431854,3,terraced,Leeds,LS16 9HG,C,2025-08-13
d174973d-f471-4475-a3d1-4cd7d039b7b4,53.331993,-3.060567,266793,2,semi-detached,Liverpool,L25 0XE,E,2025-01-28
55ca79f0-a30c-4f07-9e82-b38fa1297c84,55.889091,-3.887519,227031,2,flat,Glasgow,G3 8ZC,D,2025-05-19
ea2c3fe4-b6f5-4ff4-9ab1-1bfd83a1c838,51.417915,0.141013,738289,3,flat,London,CR14 4AA,G,2025-04-19
f68fcd99-951f-4714-8e06-ef86e1512ce1,51.57713,-0.034881,847454,3,terraced,London,WC13 9MO,E,2025-07-26
17a6d7cf-e2c4-43f3-940c-87ecc9c87b74,51.526122,-0.206295,1233656,2,semi-detached,London,EN6 3BE,F,2025-02-14
b61b8bc5-c30c-4e0c-9741-d9fc6ff34862,53.337645,-2.331058,360490,5,flat,Manchester,M33 6OC,E,2024-10-20
59112da5-e4c8-4c4c-9ea8-8fbc10e744db,53.544786,-2.114747,487848,3,bungalow,Manchester,M15 6XW,F,2025-05-01
5b0c6167-4dbc-4043-9ca0-fe7da63b1cdb,51.373334,-0.987012,531042,2,flat,Reading,RG19 7UE,E,2025-09-02
51dc6e56-477b-4857-8eb3-374d8ebb49b4,55.97745,-4.013582,216590,2,semi-detached,Glasgow,G12 5XH,F,2025-04-12
644beae5-4882-46d3-9d87-5428a5dbe442,52.343175,-1.737809,317334,2,semi-detached,Birmingham,B29 9DS,E,2025-05-09
49128472-1aca-4529-988e-52572ac96f1e,50.808525,-0.272194,521503,3,flat,Brighton,BN15 7JB,C,2025-03-21
8bb42d61-d15f-4539-940f-c44552f78ed7,51.67686,-0.304501,407263,1,terraced,London,WC30 3BE,C,2024-12-24
1f45250a-3292-4602-bba3-98a6689a291f,51.622082,0.117916,740299,4,flat,London,SW14 2GF,D,2025-01-19
d483fa02-455f-42a2-ad39-652696ec2376,51.355134,-0.231893,620932,2,flat,London,KT19 6XC,D,2025-07-03
cc6dc855-7a0a-42a5-a499-debb4eb80db7,51.7451,-1.252383,665873,2,detached,Oxford,OX18 3DB,B,2025-03-06
f385ca64-3e90-46a0-8f2e-9c396ba8f671,51.459394,-0.240228,530978,2,terraced,London,W26 2PC,D,2025-07-06
a3129f68-b5b2-4e85-b046-7059ac41f76e,51.444989,0.141944,1224003,2,detached,London,TW19 0NK,F,2024-11-23
b8bdb0b9-f942-4b6c-bf7f-b47c9f8ffe1b,50.87305,-0.028945,535845,1,semi-detached,Brighton,BN2 4PS,E,2025-06-27
ae45e753-9872-45b6-8ed7-fcd731d8349e,51.532728,-2.622431,940502,4,semi-detached,Bristol,BS20 0UG,E,2025-04-12
b3c50584-223c-42d9-9ff9-8e34f0320363,53.432275,-1.335967,397437,5,flat,Sheffield,S12 3XT,D,2025-02-11
6aaac8a6-4ba6-4fac-8840-a858c693eba1,51.252182,-0.127185,1237652,3,bungalow,London,EC15 4TK,D,2025-04-16
129fded3-eab3-45b0-9ca1-c076802118ec,50.871352,-0.118139,622075,2,semi-detached,Brighton,BN25 4HU,E,2025-07-12
4f323b70-c8a8-46e9-8b1e-5ad05f7a03a4,53.824163,-1.757708,223993,2,terraced,Leeds,LS1 7XM,D,2025-08-03
3f1c9944-0864-45d7-84dd-f50d4dc15acc,53.79663,-1.114141,315421,2,semi-detached,Leeds,LS21 7NW,D,2025-01-30
c182c4fe-21d3-4039-b6a7-4c63408fe178,51.470116,-3.092435,843938,5,bungalow,Cardiff,CF15 2AM,C,2024-11-17
b3ad6a6e-2e8a-4c6b-ace3-83f52eddc86e,52.922023,-1.111676,322629,3,terraced,Nottingham,NG35 7OK,F,2025-06-11
aaee3714-84ae-4a10-a7c3-43d9cef72eaf,51.344181,0.409291,970071,2,semi-detached,London,KT27 1GS,D,2024-12-21
b617add7-986b-4f5d-90ea-f9ec7c24ab7f,55.814688,-4.467148,169268,1,flat,Glasgow,G23 4YK,F,2024-11-21
36d1c643-f6ba-4893-9e19-62547595daab,51.532347,-0.112417,718837,3,terraced,London,EN1 3PL,D,2025-03-16
ea4075e9-3ba7-48b0-91e0-efeae915fd5f,51.14297,-0.260403,688532,3,flat,London,IG31 7NJ,G,2024-12-24
28529f01-b62a-4125-aa8c-6624c7fd9158,51.643628,0.360085,760739,3,flat,London,EN13 1CJ,C,2025-01-04
d7659f61-ad1f-498d-aa75-efd2ddaea7d5,51.466826,-0.232343,813168,2,semi-detached,London,E14 8GO,D,2024-10-16
43259af2-c160-4d8f-9dcd-3ad725ffcb06,53.755746,-1.549688,508125,2,detached,Leeds,LS1 6AX,E,2024-10-21
f824227a-d398-48bc-a11a-4e49859d1cbd,55.031687,-1.659395,532765,5,flat,Newcastle upon Tyne,NE3 3KT,C,2025-08-27
6f8b0663-c818-495d-a3fc-819ae1783af6,51.554093,-0.200431,811502,3,flat,London,W4 0WB,B,2024-09-04
1da7090a-0184-4bd6-84f1-169f207ba18e,51.917222,-0.007735,1006611,5,flat,London,HA9 6NC,B,2024-12-02
d6c35175-2143-44a8-bd25-8ed76d3eea6b,53.397416,-1.427662,493852,1,detached,Sheffield,S16 6CX,E,2024-10-11
f0f92a85-4d75-4ca9-bd4d-78f3a07e4c2f,51.688671,-0.481199,451040,1,flat,London,KT24 2ED,D,2025-02-20
0cd4329c-306f-4ea7-9947-077ac72c851e,51.541244,-3.099849,264626,1,terraced,Cardiff,CF11 9CR,E,2024-09-21
91db5ae1-6beb-4f86-a0ee-0502d09470cc,50.788105,-0.112432,464165,2,terraced,Brighton,BN5 9TP,E,2025-08-11
50b03fac-ceda-492e-9b26-9ee16c7a42bf,51.700209,-1.171831,1306331,3,detached,Oxford,OX35 9YE,B,2025-03-05
0ff4efa0-f46f-4cdd-afa4-c1c4bcf4694a,53.181279,-3.014985,520514,3,detached,Liverpool,L27 4CP,D,2025-04-15
7a5c3416-bf81-4299-8386-400bffa5e669,54.459639,-6.079536,255087,2,terraced,Belfast,BT11 3SL,F,2024-11-11
5f134a93-b3d2-434c-bc81-62ed91c1038e,55.858809,-4.040101,242351,2,bungalow,Glasgow,G7 2NG,E,2024-09-02
a199e848-2c7d-4012-9b5c-3ac092c0b7a3,53.865125,-1.148018,758081,3,detached,York,YO10 6BM,D,2025-05-12
ca9da199-f277-4fa3-b97f-1b8823e1743b,52.292884,-1.902271,307907,1,detached,Birmingham,B10 5BS,E,2024-09-08
e300f782-49ee-43c4-b04c-13cd1224c8c0,55.89552,-4.09883,225431,2,flat,Glasgow,G6 0ZE,F,2025-07-28
ea11fd68-aaff-46d7-846a-ee4063cbf2b8,53.77975,-1.452919,214605,2,semi-detached,Leeds,LS35 7PY,E,2025-04-06
5d555798-4cab-42e8-91f0-33f4e3022a9c,51.50181,-3.178663,295751,2,flat,Cardiff,CF24 7FK,F,2025-04-12
c1ac24d8-0140-420c-9e10-6540e56536b1,51.563732,-0.283089,359650,1,flat,London,SE21 2ZD,C,2025-06-04
645f9e52-d038-4754-9a3c-8fd41865f066,53.957459,-1.12939,464803,2,flat,York,YO17 4LL,A,2025-07-14
4eb2ed27-1476-4262-8e6a-c2fb5529ff34,51.716395,-1.272284,626282,2,flat,Oxford,OX21 5KW,D,2025-08-16
d0af191d-aeb7-4779-ac96-4263dcbaf00c,51.781988,-1.225921,632714,2,flat,Oxford,OX33 8JR,D,2024-09-20
d2ce8b26-1c9c-4c38-a533-2a69c7dc12f3,51.432615,-0.478393,973768,2,detached,London,EN26 1ZX,G,2024-12-27
0eb0fe30-c16e-4d0a-9e52-b339b6604bcb,51.565705,-0.241227,662422,2,flat,London,SM24 5DK,E,2024-12-29
2ff5afad-45e5-45a2-a8a6-fd0ce12ae013,54.908175,-1.459283,350811,2,detached,Newcastle upon Tyne,NE21 7OU,D,2025-03-05
1487306f-a771-415f-921b-e6d278f454a6,53.340048,-3.015346,210183,2,maisonette,Liverpool,L29 5KN,E,2025-01-15
f7dece8e-48da-4577-9526-ae6c275e49d2,50.978625,-0.024737,884771,3,flat,London,KT14 5FA,B,2025-05-01
e2446686-e68e-4d1b-b669-941034fd3433,51.331585,-0.410543,1057840,1,detached,London,NW7 8FR,D,2025-04-12
4d575a06-465d-410e-8aab-e9d238013e26,56.029776,-3.211654,302349,2,flat,Edinburgh,EH9 2LH,F,2024-11-27
56369cb7-f68e-420c-927b-72c5951cba20,54.646086,-5.931965,169178,1,maisonette,Belfast,BT1 3SP,E,2025-08-08
0fb26a55-4c16-4dae-93f0-8f699b843513,53.649114,-2.395207,260158,2,semi-detached,Manchester,M20 7NS,D,2025-01-31
19e6e7d0-3f23-4ca6-a35f-b7b54b469b6e,51.72707,-0.17049,676820,3,semi-detached,London,CR18 7WD,E,2025-01-06
5531aa76-f84c-44c1-8ef4-1094ea725cf7,52.541632,-1.860083,302340,1,terraced,Birmingham,B4 7TS,E,2025-05-10
a6afc9e9-c0aa-499e-99b1-e6fa90fb9429,51.459077,-2.500281,524966,2,bungalow,Bristol,BS14 8SM,E,2024-10-28
d6c6bf6d-003f-49b8-9a20-c3c31f637d2f,51.491606,-0.583719,1114395,2,detached,London,E13 3GD,D,2025-05-17
ccfd549c-b801-4527-8720-090bc74db13e,51.54864,-3.305374,512413,3,bungalow,Cardiff,CF29 9LT,F,2025-01-26
926dbee9-d574-41e0-8e93-e6a022635392,50.816862,0.093696,448413,2,flat,Brighton,BN24 1FY,E,2025-04-06
076a3ffe-99c5-4951-960c-f28d2608175a,53.390289,-2.085008,168164,1,flat,Manchester,M17 0GP,C,2025-02-14
fdd58e56-08a2-457d-b827-b9e5d16fec57,55.896514,-3.324788,409291,2,semi-detached,Edinburgh,EH18 4ZW,E,2025-01-17
4f3bbb82-78e2-4967-a73c-03efb147f582,51.860991,-0.187024,708755,2,maisonette,London,SE32 2JM,F,2025-08-26
e658c0bd-b6c4-4472-b565-0d90d54d7bba,51.242669,-0.514399,391748,1,flat,London,SE25 0JZ,E,2025-08-24
2a01df2b-dd74-4479-9590-7fb0cdbe09ca,51.345292,0.098337,504737,1,semi-detached,London,SW23 0HU,E,2025-03-27
f40d8040-54e4-43a9-9694-97ec32b9a41b,53.47478,-2.53477,345275,2,terraced,Manchester,M15 9HN,C,2025-08-23
c61c37d5-8138-4151-99e2-f810aa680b1b,51.992078,-0.781289,312429,2,flat,Milton Keynes,MK2 3HW,D,2025-08-10
6b17b4e5-dcb7-41b8-a4df-8e4cd94dd1e4,51.689766,-0.460744,595087,2,flat,London,DA4 1HN,E,2025-02-23
ccfc8e0d-fe60-4144-8f9b-cd54f46a5e6e,52.401666,-2.01978,319487,2,maisonette,Birmingham,B7 9BT,D,2025-01-20
d89844fd-6cde-42e3-8992-36e3046b7867,51.483335,-0.071644,952952,3,flat,London,SM33 3OY,B,2024-11-17
e8340196-c27f-4566-9c84-46e8f9e352e4,51.71897,0.174512,985946,2,flat,London,HA35 3AL,G,2024-09-09
ba8aaa95-9489-41e7-bd64-a54364eb8cf3,51.52662,-0.257839,1665694,4,detached,London,SW31 2RC,B,2025-07-14
27a414a9-840b-4ecb-8d7a-2803d557edb5,51.684924,-0.008958,641137,2,flat,London,CR25 7NS,C,2024-11-09
db49c7ee-78e8-424e-b799-fdd901d5ecea,51.404439,0.096504,821773,4,flat,London,TW1 9TR,F,2024-10-23
528fedcc-d03d-4d70-9a35-ec2ae3c04a35,54.684454,-5.908214,239146,3,flat,Belfast,BT32 7GD,E,2025-01-17
8bf114b0-cd41-4703-9e91-e1671d8d5dcf,53.338928,-1.196028,201322,1,flat,Sheffield,S28 4LX,G,2025-02-12
2d60ba9e-45a4-43ef-9b79-ca6230303845,51.435471,-2.623154,324898,2,flat,Bristol,BS1 9YE,D,2025-07-23
c74b169e-750a-42ea-9f55-9263093d46aa,51.987333,-0.869483,352062,2,flat,Milton Keynes,MK7 4US,D,2025-06-17
8c5eeed6-f2de-4609-8520-2024ab11a63b,51.383872,-0.287742,433760,2,flat,London,TW17 2FN,D,2025-08-14
bc0ec999-1e5e-4208-8926-0244c9cd4d77,55.884105,-3.186081,299184,2,flat,Edinburgh,EH27 1BH,D,2024-09-23
3ac0d92d-39c7-4c5a-84d6-16feef165341,50.900527,-1.455504,364084,2,flat,Southampton,SO22 9OT,G,2024-12-04
745e8661-f2d0-4474-9785-250f68602e12,52.852096,-1.327803,234712,3,flat,Nottingham,NG30 5WJ,D,2025-02-21
41d6c364-aa57-4311-8110-32fc0a4f0b65,54.966208,-1.868539,324708,3,flat,Newcastle upon Tyne,NE28 3EL,F,2025-06-22
9277b33f-3148-4504-8157-652e3f78afba,55.071339,-1.704723,427786,3,flat,Newcastle upon Tyne,NE9 4PJ,B,2024-09-08
0055bf27-fe56-4918-a7c8-6081107d5cb6,55.988156,-3.057035,377264,1,detached,Edinburgh,EH30 3XX,E,2025-01-27
4d4ea4b1-98e5-4e6e-aaa4-c959c514bd3f,50.815736,-0.224795,386080,2,flat,Brighton,BN22 8MH,D,2025-03-17
41fd60a0-65de-40da-945c-c35b6f94567f,52.587699,-1.730382,265710,2,flat,Birmingham,B7 7JG,E,2024-09-19
2fb9e19c-069a-4096-8371-3c9709d953f0,55.055008,-1.655947,263666,2,flat,Newcastle upon Tyne,NE19 3UY,G,2025-05-25
d0dae314-6887-4cb0-80bc-e970a88c419f,53.844513,-1.885555,221754,2,terraced,Leeds,LS21 9OW,A,2024-11-10
47f818f1-1310-46de-903d-ce4585f61b6b,53.480123,-2.066825,376316,4,flat,Manchester,M28 9XR,E,2025-07-27
ec900608-a234-4670-ab91-6260ed8d5cfc,52.465073,-1.629702,254446,1,semi-detached,Birmingham,B18 4EC,C,2024-09-20
88b25a84-714e-4427-9be4-e3c8515fac70,53.693807,-1.826034,476605,2,detached,Leeds,LS4 5DB,B,2025-06-07
2893a271-ebd0-43d6-a4c9-8752a4e50d11,51.472909,-0.931841,527823,1,detached,Reading,RG34 4TO,E,2024-12-25
e0558eed-589d-4b23-8ff6-62994cab9118,51.40041,-0.208866,675705,1,bungalow,London,DA32 3MX,D,2025-01-21
7d90fab1-6322-4b3e-b45e-57a96d26e2b0,53.503573,-3.128766,272096,2,flat,Liverpool,L6 8TP,C,2025-01-03
61135d27-07cf-4b8c-b475-c7594abefda2,51.770513,-0.765566,1012561,3,bungalow,London,HA16 8WY,D,2025-04-18
0d3471f8-6712-478c-9e1f-6222e3591765,50.91749,-1.394997,392511,1,detached,Southampton,SO32 7PP,E,2025-06-06
338814c7-617d-4261-869a-b20a679215c1,51.711096,-0.171591,830650,2,semi-detached,London,E33 1HN,F,2024-09-08
c26992f9-0749-4483-908f-30ee4eff03dc,51.94395,-0.072222,1070058,3,detached,London,HA21 9SU,D,2025-08-22
5887136f-c26c-472c-b966-0ebc104e1318,54.605762,-5.760773,324209,2,terraced,Belfast,BT6 6KZ,C,2025-02-13
e96793e7-c664-4456-8aa0-39e7113f8bfd,53.423373,-2.111412,719031,3,detached,Manchester,M3 2SL,C,2025-05-23
b01053cf-53d8-4c72-b7d9-d944db5c936a,53.983323,-1.159236,611054,2,semi-detached,York,YO34 8GD,F,2025-03-07
6a4f0943-de28-4441-ad2c-1313eda3499e,53.42796,-2.084787,317244,1,terraced,Manchester,M15 5DC,F,2024-11-03
8d949904-c9c8-4d2b-8636-4d948856c8e8,52.472606,-1.902665,284716,2,flat,Birmingham,B11 0RK,C,2025-01-01
ff73e0fc-bfd2-4aa1-814f-fcd4cf9f00f2,52.253374,-1.796385,243333,1,semi-detached,Birmingham,B27 1TL,D,2024-12-02
f27718f6-8edb-483d-94be-a97644bcc85b,53.426377,-1.553638,486914,6,flat,Sheffield,S23 9ND,D,2025-05-16
64a52e91-1dde-4e3b-a175-d6579b18088c,51.491788,-1.062011,258043,1,flat,Reading,RG28 1TK,D,2024-12-02
9334714e-2fd7-40b3-8758-e1590ed0546f,51.60834,0.100827,852103,3,flat,London,E13 4NE,F,2025-02-21
dc112218-c64d-4f7e-9a8c-984147faba1c,53.494496,-3.139148,227362,2,bungalow,Liverpool,L32 7GY,D,2025-04-29
ccc97103-f998-4f31-b9d0-4022c60c7d75,52.026993,-0.763668,1396756,5,detached,Milton Keynes,MK27 8CJ,E,2025-08-23
494cc997-2237-4843-9447-d67edb39b434,51.705866,-1.264255,1158969,6,terraced,Oxford,OX12 1HO,G,2024-11-30
39638d22-5083-4eb3-8908-0a2feb91b8f3,53.210003,-1.511555,450652,3,flat,Sheffield,S10 2TP,C,2024-11-09
1f55d354-8d2a-4f62-b233-c3d742911cd4,51.509521,-3.068666,418577,3,terraced,Cardiff,CF23 3KE,C,2025-07-24
eb4b1fad-ce8e-4283-84ee-be817c1d826a,51.967442,-0.716667,227944,1,flat,Milton Keynes,MK4 2PX,C,2024-12-22
a33c88d0-2692-44b5-8565-6937bcb19dd7,51.30897,0.533246,673389,2,terraced,London,KT6 0LH,A,2025-05-26
542f3d4a-e37e-4973-8587-f45b4cc4a040,55.965165,-3.254203,349552,2,flat,Edinburgh,EH12 0SS,D,2024-12-24
c3ad0bec-ec44-454d-a3f0-3507fbdd4961,52.292742,-1.781716,462835,2,detached,Birmingham,B9 0UB,D,2024-10-05
7b52f851-ea62-4eb3-871b-58ebbf43c0b9,55.889271,-4.366534,218750,2,flat,Glasgow,G2 9EL,D,2024-09-24
b32fc2bd-fa26-41cc-80f6-1cd8f4b5afe3,51.221696,-0.848731,928177,4,terraced,London,EC24 6YR,C,2025-08-06
3cea216b-8d3e-4b87-981d-500150fcfc8f,52.053306,-0.925512,671635,3,terraced,Milton Keynes,MK31 4BD,E,2024-11-09
93d5fe69-b0ef-4ee6-9c26-695425bd0558,52.531155,-1.554713,401595,3,flat,Birmingham,B25 5FU,F,2025-01-28
763da8a5-3924-41df-bdff-5e876b103d5c,53.755661,-1.467947,351842,2,flat,Leeds,LS13 6PB,D,2024-09-28
365888bf-1e09-4a73-b444-4f49ad4e7ca6,51.482902,-3.064227,425627,3,maisonette,Cardiff,CF24 8PN,E,2025-07-06
8088a6ad-6ca6-472b-ab91-b48aff62429d,52.319057,-1.906267,247450,1,terraced,Birmingham,B14 9ZZ,D,2025-05-04
f31de34a-319b-4251-b1cc-5ebdf1569911,52.987372,-1.178708,254071,2,flat,Nottingham,NG33 5EO,E,2024-11-13
f76b957c-4891-4ad3-bafc-25b8ff6cc086,53.412962,-2.300828,300322,1,terraced,Manchester,M12 7MM,D,2025-06-18
d8cec6ea-51bc-4591-b85c-c9e4222cd592,55.964931,-2.947269,625619,4,flat,Edinburgh,EH35 5CG,E,2024-11-24
383d128f-a228-4b1c-ab63-37a37be66b71,53.524834,-2.224661,338932,2,terraced,Manchester,M28 1UY,E,2025-05-03
97ba1efe-3e27-450b-9968-a50d5cb3fbd1,51.607272,-0.752747,656941,2,maisonette,London,NW10 0ZA,E,2025-01-03
1ff3c12f-2b9d-4ba5-9c41-90183f8c9d39,52.397632,-1.956298,314215,3,flat,Birmingham,B21 0DG,F,2025-01-05
cabfa285-847d-44f9-a35a-c9ec7c2aa887,51.613265,-0.221861,601937,1,terraced,London,HA1 7FL,C,2024-10-16
014185b9-ec78-47f6-8fd0-ba3f73ecda2e,51.38236,0.061893,474748,1,flat,London,IG31 4DH,G,2025-07-19
969822a8-da5a-4582-947a-4fe9c32c6a93,52.191932,0.255768,588512,1,flat,Cambridge,CB35 2KS,D,2025-08-19
96582ae2-1624-41f6-b952-16504c574868,51.279464,-0.520409,745080,2,semi-detached,London,TW3 7PG,D,2025-06-13
45e77490-f5ca-4a4d-b9df-733f2e965fcc,54.699876,-5.77965,615352,3,detached,Belfast,BT12 7RC,A,2025-01-13
30d274db-0850-4958-94a4-b7bcc7c05c22,52.245952,0.117531,660071,3,semi-detached,Cambridge,CB15 3SS,D,2025-07-28
5c6924de-3431-41e0-9428-b302217a09e6,51.514319,-0.082883,849048,1,detached,London,WC32 3AL,C,2025-05-03
548eb5f1-c289-45be-8098-7296eb2bb075,51.347474,-0.919096,234201,1,flat,Reading,RG13 2TE,E,2025-08-09
e778af22-073c-418d-a0f9-8d2eb17b0d5e,53.422054,-2.852933,283644,2,bungalow,Liverpool,L31 0ZE,F,2025-06-04
fe311385-f1ad-4313-ba4b-5f145cb32090,53.403751,-2.096458,256765,2,flat,Manchester,M29 0HC,C,2024-11-01
941512c1-051b-434f-9137-b2bb1ee7dcbc,51.343491,-0.066885,631172,1,bungalow,London,NW16 4JA,D,2025-07-06
8047ab20-b74b-487e-b013-3958a100cdd0,51.592502,0.187593,759963,4,flat,London,EN29 4DF,D,2025-07-30
e678a7b7-ded0-4010-993f-4cec4a88e464,55.031524,-1.57117,411473,3,semi-detached,Newcastle upon Tyne,NE25 3OP,D,2024-10-31
84126b14-051a-408e-8b42-3ce69793a8d0,50.843335,0.022359,568131,2,flat,Brighton,BN21 9SB,E,2024-10-06
15a74711-0907-47b1-97c0-93e096c575d9,51.838129,-0.112177,832687,2,detached,London,KT6 3AZ,D,2025-01-31
a6911cd2-289c-4e49-8c8e-2e076e898842,53.473141,-3.171505,171725,1,flat,Liverpool,L34 7PN,G,2025-06-19
5a7cd3f9-9a30-4fe6-ada3-95334eb2f6f5,54.615008,-5.789548,242354,2,flat,Belfast,BT6 0UZ,F,2025-03-23
122c866a-1875-4c86-9195-d2e315a9a669,51.904101,-0.735475,897375,3,detached,Milton Keynes,MK16 0YU,C,2025-08-02
e2ce96a5-d0dc-48fa-a81c-cbff7f6dd48d,52.916835,-1.010809,140843,1,flat,Nottingham,NG1 8FR,D,2025-01-05
c4234ec4-4783-4910-869d-3410b86b3b6a,52.938729,-1.121881,344910,3,flat,Nottingham,NG25 9UP,E,2024-12-15
f3c92a7d-850f-4640-ad41-c034e6cb2075,51.625085,0.059638,686678,3,flat,London,KT6 8UJ,A,2025-01-10
c7e5fa91-5784-4974-b098-8a5cbc56b379,51.021802,-1.400113,861627,3,detached,Southampton,SO32 5NY,C,2024-09-22
6ddd6572-ddcf-43f1-aa04-e281f1c89574,54.577835,-5.978199,185158,2,flat,Belfast,BT31 9CX,D,2025-02-09
6d0e0c9f-b9ff-4f65-bfb3-c9f44faf1c00,51.902822,-1.349599,491278,1,terraced,Oxford,OX6 7TB,A,2025-07-25
f368ccc5-224b-49a1-8ec3-61c8613b69fd,51.572888,0.090462,1280310,3,semi-detached,London,SW32 5UO,B,2024-10-26
23f2f488-eb1a-4a8f-b74b-91717b492d45,53.745658,-1.790744,249170,2,flat,Leeds,LS5 8MZ,E,2025-06-12
6934bc38-3b5b-4c51-a2bb-cde4501ec73d,51.416482,0.066029,732879,2,flat,London,KT14 4ZT,E,2024-10-28
75a13444-dbd3-4f73-96b8-39b9cee8c5d0,51.461136,-2.584513,325560,2,flat,Bristol,BS28 8YB,C,2025-04-13
2550959f-e455-4027-a2fc-5e5f046941b2,55.912349,-4.620637,294810,3,flat,Glasgow,G18 0JG,F,2025-01-21
ad24d4a8-3f64-4f02-973e-8addb22021d1,51.182451,-0.036786,487985,2,flat,London,WC25 3ZD,D,2024-12-05
7ed19596-3aa1-4935-b9e9-465ffb35169c,51.649448,-0.402883,1155690,2,detached,London,EN24 2YW,B,2024-09-23
d2559a76-54ad-4971-924e-925cdbf66b8d,51.150541,-0.371437,877053,1,detached,London,SE14 1TE,A,2025-03-18
1fbfe3aa-2397-42d8-8f0f-560cbdfc094d,56.108514,-3.441477,606291,2,terraced,Edinburgh,EH25 4UL,E,2024-12-31
fe67fe8d-f1dc-4356-b056-bd1a2d9bf7d0,55.759105,-4.299677,332746,2,terraced,Glasgow,G4 9ZR,F,2025-06-08
2f05563b-4079-4975-886e-e5829bf67777,51.388118,-2.393187,1058267,3,detached,Bristol,BS35 8HH,E,2025-04-17
d299bac0-55c8-4974-8c87-9c78fd9aa7d0,51.66247,-0.407218,1183855,2,detached,London,KT18 2CM,E,2025-01-13
2323eb19-1776-4684-b21e-6e2bb4dc05ef,51.554615,0.004293,326307,2,flat,London,DA10 3OG,B,2025-04-27
fe110b1f-7b8e-4fce-b3ee-ede17ced450f,51.593354,-0.217405,420701,1,terraced,London,EN19 0OS,C,2025-02-24
af8b8478-b4c5-4889-aa1a-c9135f359aaa,51.239964,0.283386,1257549,6,terraced,London,EC13 4KX,B,2024-11-18
adfc5b93-b3f9-4db1-9c88-d7f96dcd1823,51.586726,-0.066866,1560611,6,semi-detached,London,HA23 4ED,B,2024-12-02
e813d02e-4ecf-4167-9587-2c5250661e32,55.872676,-3.446081,390965,2,flat,Edinburgh,EH10 5GX,C,2025-07-18
36d141d1-2d0a-46cc-aa0a-b7771d2a8f92,51.523517,-2.437052,763872,2,detached,Bristol,BS31 5WS,D,2025-05-01
8ff97053-9284-4f98-ae27-840323eb7f87,52.767549,-2.003988,509241,3,detached,Birmingham,B14 7UD,C,2025-08-14
db7c8f3c-3343-4c0e-8339-6800650985d9,51.759472,-1.18488,470436,2,flat,Oxford,OX29 1FL,B,2024-11-02
ee75352b-7ad1-490a-a8bb-1914509da01c,53.38295,-1.341466,239437,2,flat,Sheffield,S7 6RP,C,2024-11-02
b19c50f7-716f-436c-9af7-160c17867889,51.677864,-0.033372,616886,1,terraced,London,WC34 9OR,C,2025-08-07
ea378c3d-249f-42f6-9c1c-b7814b58537a,51.566756,-0.035716,560883,1,terraced,London,CR16 2WH,E,2025-06-26
ea8444e5-b159-45af-b270-54c32b4e261f,51.500436,0.419096,811843,2,semi-detached,London,NW18 4CF,E,2025-01-09
bda36231-d2a2-4aa8-93a4-02d3d453f888,51.569559,0.26582,1074660,4,terraced,London,EC28 8XU,F,2025-03-18
ecc9cdd4-3f3a-465e-b656-2faa759d46a0,51.041111,-0.427176,1060566,2,detached,London,EC12 0JC,D,2025-03-01
792ec756-a2d7-4953-8518-87fb603830e2,51.394825,-2.75709,790397,4,semi-detached,Bristol,BS7 3PS,G,2025-07-02
18e72793-8b40-493d-89e0-cdbf62f8997d,51.367923,0.224435,507458,1,bungalow,London,HA35 4AL,F,2025-04-22
301ac0dc-a93d-44e3-a92d-917d3d4802db,51.418935,-0.002356,1277531,3,detached,London,BR19 4GD,D,2024-12-26
e2905b5a-6962-4f47-b87e-75e7542207f6,53.765658,-1.654744,432090,2,detached,Leeds,LS15 7EJ,B,2024-10-23
4b967a42-fc4e-4f84-822d-405f28453e16,51.843794,-1.290805,753146,3,flat,Oxford,OX17 2TB,E,2024-12-21
db5e0aba-f5d0-4e57-94cc-ee9ffa6f59bd,51.403205,-2.648587,295855,3,flat,Bristol,BS11 8OF,D,2024-10-28
4c18e3be-0003-456e-94bf-13110a70225d,51.607219,-0.055735,979650,6,terraced,London,IG7 1TC,E,2025-07-07
d55da563-e5a1-4182-af3a-06611e283d83,53.467324,-1.768153,441525,5,flat,Sheffield,S21 6PO,D,2024-09-25
4fee79a1-13d7-404b-83ce-90aee0939089,52.486156,-2.071748,599956,2,detached,Birmingham,B17 7YW,C,2025-02-15
fbb68294-9498-42fc-b226-40c6af57da93,51.549985,-0.044526,772230,2,flat,London,SW25 1HC,C,2025-03-21
c7c38618-5788-4f08-aa76-3bd1ced41263,51.722984,0.385163,669768,3,flat,London,N10 0SL,D,2025-03-26
5fd27a9e-2211-4c10-a53a-44961b7a194c,51.944817,-0.102469,1356520,5,flat,London,HA7 3SS,D,2024-09-17
fbffee5d-171d-44b4-a174-7a07a6dcf44a,53.236647,-1.252686,321975,2,maisonette,Sheffield,S1 3EX,F,2025-02-11
61319cb1-4108-492b-99e9-ed7eb37189ad,51.664262,-1.327508,528670,1,semi-detached,Oxford,OX13 0EH,C,2024-09-17
05d41ae8-f4ce-4722-94ee-f05a0d9154da,53.486158,-2.224578,336892,3,flat,Manchester,M32 1MO,D,2024-10-25
d8deb61d-04db-4a61-a68c-c44da021e442,51.47122,-0.511606,695023,2,semi-detached,London,IG2 2SA,E,2025-05-22
53b3d1f0-0b79-4694-ba47-b0b64d6cc317,55.953568,-3.178175,384789,3,flat,Edinburgh,EH20 0NJ,B,2024-09-24
fc19d7aa-4093-4650-94e2-99710772f36e,50.826362,-1.429785,502937,2,detached,Southampton,SO28 2JK,A,2025-07-16
079dd8da-a6e0-49ed-909d-e713708a15a3,51.550957,-2.777396,434687,2,flat,Bristol,BS6 4WG,D,2025-09-02
d49bbb49-4f3b-431e-b350-60807de50724,51.487123,-3.174469,255502,1,flat,Cardiff,CF2 2SA,C,2025-03-21
f5fc6ac9-95b3-40b3-8306-9654580fd7e5,51.594172,-3.166215,233371,2,flat,Cardiff,CF22 2RN,E,2024-09-30
cba69c9e-de5a-47f2-a627-a0b5f1951480,51.387398,-0.507008,749514,1,detached,London,EC12 9GJ,E,2024-11-17
aa6a24ab-3ac7-4b27-b36c-f3b46c2fbf68,53.486904,-2.266365,458926,2,terraced,Manchester,M20 5SP,D,2024-10-21
d20eb59b-b2ae-4de7-b46e-8b93c799162b,51.427237,-2.367706,593256,1,detached,Bristol,BS35 8NP,F,2024-11-04
9a1bff3a-da7b-4929-8b24-022aa1ad656d,53.35443,-1.407513,340755,3,flat,Sheffield,S9 2HA,E,2025-06-25
6d3b1033-d40c-4409-ba69-a2b3836d4b55,51.269828,0.181176,597792,2,flat,London,SW9 1JW,F,2024-11-04
9427734f-9303-4c63-9d40-d3d5942fd831,55.931311,-4.388878,403050,2,detached,Glasgow,G18 3YM,E,2024-09-17
4a0700fc-c641-420e-81e0-6fe50a49e07f,50.843415,-1.326115,248777,2,flat,Southampton,SO32 2RC,D,2024-09-17
21d7a4c2-f615-498c-afbe-eb943716d2c4,51.501147,-2.563645,622511,2,terraced,Bristol,BS26 1DF,D,2025-02-22
ae147f37-662b-4a70-b379-a28dd384cd71,51.268306,-0.433689,763364,2,flat,London,IG10 5SF,C,2024-09-23
622680f7-3b4c-4502-b0b9-6848e6165671,53.327477,-3.097017,400477,2,detached,Liverpool,L5 8JP,D,2025-05-23
e7283396-8a01-479f-b0d2-bd531e9495f9,53.891146,-1.130704,513429,3,flat,York,YO27 2DW,B,2025-04-05
fbefecb5-7efa-4741-90fc-74b9ce7d2054,55.025514,-1.277626,258094,1,semi-detached,Newcastle upon Tyne,NE35 2SW,E,2025-05-20
bfd23f67-6e5a-4858-8ab1-75f9296fc992,55.875749,-4.069779,342956,6,flat,Glasgow,G17 1XB,F,2025-06-20
9eeb9d42-54f2-4279-8f64-a2008d867e44,51.498572,-0.326577,904842,2,detached,London,EN15 4ZW,E,2024-11-05
82ff7942-fd55-4e56-ac41-0d02ebd95563,51.64594,-0.378498,1186711,5,flat,London,EN23 0XU,E,2025-03-30
1e367680-86b8-44b8-bd37-8f04863de758,54.041048,-0.989025,412822,1,detached,York,YO32 3LF,C,2024-11-22
2092af61-0ec6-40a9-a683-37a942cbfee5,51.544174,-0.088743,1536113,4,detached,London,EC9 8SS,E,2025-06-27
382cab05-a373-4cca-b183-d74d43b9e93c,56.063264,-3.436741,518923,2,terraced,Edinburgh,EH31 8DH,C,2025-04-10
5f33a46c-cc05-4bf6-96df-8bce4e4267cc,53.745286,-1.617282,317139,2,terraced,Leeds,LS19 7DN,E,2025-05-27
4bbfee05-2a13-4869-bd0c-7cd72ecb58f0,54.57779,-5.899421,333701,2,detached,Belfast,BT27 1UN,D,2025-03-17
7c80af2d-f418-494d-a3a8-c33bcc8e5c48,51.77612,-1.365755,948077,3,semi-detached,Oxford,OX7 7XA,G,2025-05-24
9ed83fe7-76f9-4803-9c78-91ada34ee3a2,55.944464,-3.105213,717231,4,terraced,Edinburgh,EH15 0AJ,C,2025-01-22
2c0b0d49-c8ca-4291-8ef2-bd886ac334a0,52.393244,-1.70599,298368,2,flat,Birmingham,B8 6OZ,D,2025-02-06
ade12d37-b499-42ba-b116-3be5e8a5946f,52.041391,-0.799826,367290,3,flat,Milton Keynes,MK4 7DH,C,2024-11-01
ce6b210e-ce95-40de-82db-0b4c8a920520,51.56616,-3.231891,541348,5,flat,Cardiff,CF32 0CD,E,2025-03-15
6d8c96f3-8311-4ec4-9c6c-b7248c6c4d95,51.528881,-0.269684,1118906,3,terraced,London,N33 6BC,C,2025-07-18
bcd792b2-6c22-4638-a478-6b97951ad1a5,52.60475,-2.343694,251449,1,semi-detached,Birmingham,B16 6KL,D,2025-06-13
83ec7684-df05-4b50-8260-d48d03904304,51.544569,-0.449121,621028,1,terraced,London,DA8 0BK,B,2025-08-07
7f5d6639-b951-496a-85f2-d365c3280921,51.268559,-0.390405,1038571,3,detached,London,WC14 5YG,D,2025-04-26
0a5786b0-b19c-45e4-b40d-c562a1a3a031,51.384155,-0.875128,722422,3,semi-detached,Reading,RG1 9ME,E,2025-06-24
b950a541-d704-44ed-8b39-6316344e9dde,53.321941,-1.5549,403496,2,detached,Sheffield,S24 5AY,C,2025-07-16
7042ee2b-cfae-4c01-a13d-a6d26404dcd3,52.611317,-1.952401,399937,3,semi-detached,Birmingham,B19 0KU,F,2024-10-10
a3165e97-0a76-4b1e-a0c8-5f9050623bcf,51.663554,0.112896,391431,2,flat,London,NW35 3CU,E,2025-06-09
2724d92a-5b7f-4e2c-8375-7eb7721d6657,52.383175,-1.864166,190201,1,semi-detached,Birmingham,B16 5MU,E,2024-09-10
cfd78d12-8d7c-43de-9240-00b5ea2bdc09,51.419327,-2.534687,407318,2,flat,Bristol,BS30 1EL,A,2024-12-19
9c721eaa-255a-4ca7-854b-44165dd23875,52.991624,-1.323796,500687,5,flat,Nottingham,NG9 8SF,D,2025-08-16
615baf65-d8b0-47be-9e49-d0f91d5466fa,51.474785,-0.068296,493653,2,flat,London,WC16 1GF,C,2025-03-04
5fc30c6d-a648-499c-a23f-7714e9a60fe0,53.424468,-2.869393,364359,2,semi-detached,Liverpool,L20 4XS,E,2025-02-14
b8934441-bc43-4d06-98ee-61dc4b704091,51.586197,-0.148297,386410,1,flat,London,SE27 2WJ,F,2025-08-19
88b86fd7-62b8-4804-b8a8-95aebb55eed2,52.47501,-2.086867,185542,1,flat,Birmingham,B20 9FL,F,2025-04-24
a3875385-f37c-407c-8c89-09ee40611c4d,53.320807,-3.073357,222082,1,bungalow,Liverpool,L16 1PJ,D,2024-10-25
0544a142-d926-49f7-91b6-7de274395c9c,52.549335,-1.749868,233062,1,terraced,Birmingham,B26 6YY,E,2024-10-15
127ad9dd-f19f-4682-af50-90495df144c1,53.587389,-2.328581,473133,2,terraced,Manchester,M33 8PM,F,2025-07-14
14c01d57-2dad-4824-b6fe-22a15d54f04f,51.498578,-2.558952,358127,2,flat,Bristol,BS2 8KZ,D,2024-11-30
eaa5d615-275e-4b1c-8626-649ac0aab867,53.457521,-1.961061,283611,2,flat,Manchester,M35 2NX,F,2025-05-30
0645104d-66a9-4636-ab90-2bcc15955086,53.759378,-1.718467,394781,3,semi-detached,Leeds,LS1 2AT,A,2025-06-25
b74e37ea-333e-4200-a9dc-cfa9317b3d7f,53.484004,-2.390887,173780,1,flat,Manchester,M3 4BO,E,2025-04-11
7173d5b9-9f13-4514-b7bf-42a49d1994ef,53.452464,-2.216949,492934,2,bungalow,Manchester,M18 0OB,C,2025-01-16
f33c8de1-c482-49dd-af42-d555237d5d6d,53.396758,-3.133023,342198,2,semi-detached,Liverpool,L35 1RO,D,2024-09-22
4ec33800-2615-4745-a3a9-df093c08ed29,51.521943,-0.103607,873554,1,detached,London,UB32 3BT,D,2024-12-12
1a7cc1bb-c308-42ab-8b20-9910af28002f,50.822048,-0.281011,909036,3,flat,Brighton,BN30 2AC,E,2025-07-16
2331fa89-6170-4daf-a878-232ab0f4bbc2,51.37289,-2.63463,539755,3,flat,Bristol,BS9 0ET,F,2025-03-13
fe083f8f-66ea-4a9f-901c-3ca5f5e4e03f,52.928971,-1.186345,302202,3,semi-detached,Nottingham,NG25 2SH,F,2025-03-16
332f46a3-2d1d-4cd0-8ad5-36f90f926167,51.45683,-3.162992,525909,3,semi-detached,Cardiff,CF25 4CT,E,2024-10-05
8115480d-cc36-43d8-b124-a60e2eed3c00,51.383874,0.446399,887508,3,flat,London,TW27 0XT,G,2025-06-25
6456d474-a3da-4263-aa25-ed6c023e4199,51.295024,-0.005395,1047216,4,terraced,London,KT25 1MB,D,2024-12-31
18d799a0-52d7-426f-9977-9afcbc8182f2,53.420649,-2.996599,433313,5,flat,Liverpool,L30 6HO,E,2025-04-21
b54ae114-b1dd-4e7c-b357-65381309c622,51.290241,0.127924,626449,2,semi-detached,London,WC24 0LL,F,2025-08-22
6e063c65-4418-47c5-8d7b-731a0168e709,51.592702,-0.068716,975075,4,semi-detached,London,WC23 6KK,G,2025-07-11
f1481047-96d6-4ac7-8088-d3053cd333e9,52.129239,-0.79734,800615,3,detached,Milton Keynes,MK21 5XP,D,2025-08-07
a7f69d8a-cf86-445e-99a6-a28018590a0b,55.99067,-3.126195,387630,3,terraced,Edinburgh,EH13 3TM,C,2025-03-19
cdea43e5-fdd5-4001-b2b6-d7c8d0fc864c,53.565019,-2.419885,421402,2,terraced,Manchester,M10 7JC,F,2025-08-19
68b75878-5c32-4712-9ed9-2250832b85df,53.421704,-2.108521,1044020,6,terraced,Manchester,M12 5AC,F,2025-02-06
adfbe38f-6e9f-4b94-8065-59a3c8080409,51.596942,0.002856,583914,2,flat,London,UB32 7UL,B,2025-08-14
42c22c2d-fbb4-463e-9b46-2899c0873002,53.3785,-2.428488,179133,1,flat,Manchester,M16 8YF,F,2025-04-11
a498d682-20bf-496e-8f0d-d6bd136df79d,55.856138,-4.258759,405879,5,semi-detached,Glasgow,G27 1NW,D,2025-02-06
33a5b83b-e24a-4164-882f-32143d10dfac,51.483115,-1.12737,591244,2,semi-detached,Reading,RG21 5FS,E,2025-06-29
41b10995-bae6-416e-8c90-7c158f0c44df,53.468086,-1.42603,416194,3,semi-detached,Sheffield,S13 7US,C,2025-05-12
8db6e9fb-0b5b-41e8-a8d5-5f2b9d44dbbc,51.503956,-1.001986,942485,3,detached,Reading,RG35 3DN,F,2024-12-28
5b56e869-d594-440b-9729-98167f148ea9,53.748687,-1.553165,598932,4,semi-detached,Leeds,LS12 6LJ,E,2025-01-21
325173fc-a1a5-449e-9815-ea5f4ffd6128,56.003735,-3.260661,496660,2,terraced,Edinburgh,EH27 1DE,C,2024-11-02
1d7e00e1-24d3-4213-b00a-ecfca3fce145,51.575193,-0.648351,732089,2,flat,London,EC11 0LG,C,2024-12-27
16ea0e63-63b5-402d-8734-d03b3e118ab9,52.462332,-1.878643,318020,2,flat,Birmingham,B31 4ZC,E,2024-10-10
59e3712f-4ef8-4b8d-b19b-491127bbaa8c,53.931775,-1.503919,336623,2,flat,Leeds,LS2 6DE,F,2025-04-05
7109f915-a1d8-4280-b342-c029da16f235,51.488398,-2.649555,678270,5,flat,Bristol,BS32 6SM,E,2024-09-06
2890caff-cac2-4d4d-a28f-dcf620cb63b1,51.844089,-0.471886,1712500,6,detached,London,SM34 2MB,C,2025-01-14
1c9397ae-84b1-4bd3-b890-6160eea731df,51.432246,0.037606,479057,1,flat,London,NW16 7BT,B,2025-07-06
b0016fa0-8690-478e-801c-aec3ab248a69,51.401026,0.092881,737437,2,terraced,London,N21 0YW,F,2025-05-10
7cbde5ca-d891-4d69-8226-8df40f979256,51.539513,-3.180183,136662,1,flat,Cardiff,CF12 1DL,F,2024-09-09
3a029b65-11f4-4f7d-bf74-17bfc1899fd1,51.480373,0.085707,576932,2,flat,London,IG24 1US,C,2025-03-26
9a537a94-3909-4bfd-b375-4ae191f90357,52.212163,0.148339,454152,1,flat,Cambridge,CB18 6NH,D,2024-11-26
2e8db7f3-e44e-4755-99f3-affea04f8ed5,55.965056,-3.243422,449236,1,detached,Edinburgh,EH9 3PC,D,2025-01-18
bef1f0d5-88a3-4d23-8b6c-125ae990b76e,50.887653,-0.080684,459918,2,flat,Brighton,BN4 1NK,F,2024-11-08
28264d7f-37e1-4f0c-b799-399d36cf7922,53.939366,-1.152426,559554,2,semi-detached,York,YO16 1XE,D,2025-07-20
b483aaf0-75f0-4212-992e-4af7086988bb,51.446535,-2.697405,680904,3,semi-detached,Bristol,BS20 5XZ,E,2025-02-10
89cf4b0e-ab0f-448e-93ce-177755e402ba,51.948476,-0.782701,699276,2,detached,Milton Keynes,MK30 0BN,F,2025-02-28
ca60ac90-3553-4216-927d-f34cbd09fe39,54.962892,-1.740783,204024,1,flat,Newcastle upon Tyne,NE19 2EK,C,2025-02-14
be06cc82-3982-41bf-8bf7-ef618ca8629e,56.034347,-3.20105,381003,2,flat,Edinburgh,EH7 3GF,C,2024-09-08
092c064e-dbf4-4485-bb55-47ba8917a866,51.325938,-2.390674,754346,3,detached,Bristol,BS5 1OY,E,2025-04-25
1eaeade8-5fc6-4806-965f-98aedf9c214a,52.492995,-2.011099,294561,2,terraced,Birmingham,B1 1BJ,E,2025-08-01
ad2fed17-6647-4073-9c8e-a026c1b7171f,55.902741,-4.477314,209627,2,flat,Glasgow,G4 9ZH,C,2025-07-27
dcb4b820-909f-4fa0-ac49-9407c90e9dd4,51.575734,-0.270376,529219,2,flat,London,KT22 4FJ,E,2025-06-21
d331b5f1-1afc-4022-8a1d-b9e15422a245,54.702317,-5.753731,232793,3,flat,Belfast,BT3 1MZ,A,2025-08-17
6f09c74e-83f8-4b63-9907-50d566054bbd,51.365841,-0.190153,716453,2,semi-detached,London,E31 4FB,E,2024-11-21
fa76088a-f372-4c06-b87b-6b849ad6a270,51.692624,0.159545,691946,2,flat,London,EN35 3ZJ,A,2024-09-19
6a527bfe-581d-45bc-89f6-a92b245e94d2,50.716906,-0.1524,421068,2,flat,Brighton,BN6 4UF,E,2024-10-18
358dac78-1212-489b-91a7-42167cb91b3b,52.187594,0.102993,1140064,4,flat,Cambridge,CB32 3OG,D,2024-10-29
9ecf83eb-f0a9-4f0a-90b7-bb0a0838f935,51.50817,-3.231084,693974,3,detached,Cardiff,CF19 0HN,E,2024-11-17
a6e97b34-5876-46de-81dd-5346679bba67,53.282024,-3.00947,221629,2,flat,Liverpool,L22 2LA,E,2024-11-30
e3f478b2-c191-48c4-90bd-8e7516db6c8e,52.657008,-1.919936,290999,2,flat,Birmingham,B9 1LJ,C,2025-08-06
16038482-d819-4d75-bc44-d977affd2ae9,51.554452,-0.711773,1051548,2,semi-detached,London,WC12 1TM,C,2024-12-27
ea24996b-174d-4dbc-beb8-e30c0fccff52,51.364571,-0.374337,952584,3,terraced,London,E15 4US,D,2025-01-09
4dc1fade-8dcb-44bd-b32a-abbe7668a1d7,51.735541,0.343271,529516,1,detached,London,EC4 9KM,E,2025-05-31
a53d166e-f865-4302-91bb-4ff6b2f8070a,50.921822,-1.387109,348107,2,bungalow,Southampton,SO25 8SG,F,2024-10-05
4d9056b6-8d5d-4950-a965-492c359f7f66,55.972388,-3.132785,516578,2,terraced,Edinburgh,EH11 7AU,F,2025-04-21
8e27e701-ae21-4213-bf93-6f1b5da96e47,51.400003,-0.147491,867105,3,flat,London,W18 2UE,B,2025-05-20
9e2ba5d7-ec9e-4c25-a863-cea75769e38d,53.760723,-1.422405,569752,2,detached,Leeds,LS13 7AN,E,2024-09-02
1d30d67c-066b-40de-a647-f4a27b828351,51.458481,-2.623771,656810,2,detached,Bristol,BS4 0FE,D,2025-04-19
e9a5402c-c3a9-4cbc-b39f-84a84163c04e,53.82349,-1.601245,159888,1,flat,Leeds,LS25 7ZS,F,2024-12-02
b14bcf89-9f3d-4c35-b852-c3ec41866e5c,53.843978,-1.604096,308012,3,flat,Leeds,LS2 2LO,C,2025-03-05
d21a4500-75a8-4f1c-91e3-9fa43de5642d,53.71094,-1.653422,336141,2,terraced,Leeds,LS22 3YG,B,2025-06-16
476121ce-86e7-42f5-94b1-9964e1f4f9ae,51.665102,0.321306,842167,1,detached,London,EN30 6HN,E,2025-07-17
fb98e450-eac5-441a-b0fa-2065641a2a7c,53.413121,-2.316833,417353,2,detached,Manchester,M26 3HM,D,2024-11-11
a1e97c44-ed42-4817-93a5-1dd7dc5e2061,51.578409,-0.086941,375136,1,bungalow,London,IG15 1EG,A,2025-01-11
b40ec175-de71-44a5-8c28-dad8e93fbcc6,55.855153,-3.380085,421755,2,bungalow,Edinburgh,EH5 5MR,F,2025-02-18
a2403806-0872-446b-9683-fd9db153b727,53.413424,-2.947484,308316,3,flat,Liverpool,L33 6NU,G,2025-06-21
9650864c-71d4-46cc-a100-c1ef9f7c339c,50.985708,-1.398737,434317,2,semi-detached,Southampton,SO24 3LH,E,2024-12-28
eec2b79b-a28f-4adc-a926-25ccde8b639a,51.530372,0.050191,535709,2,flat,London,N16 5OZ,E,2024-12-23
a9c3e863-2c9b-4b9d-9302-72dd34ef925f,51.610271,-0.165782,1808362,3,detached,London,BR13 0OG,E,2025-07-11
cc958c1d-f3b9-4fa8-b53e-e4dd52d4f850,52.511012,-1.911098,378376,2,terraced,Birmingham,B21 9HN,F,2025-02-24
29df55c5-9daf-4214-8f21-ee1842711861,51.554565,0.080448,618182,2,semi-detached,London,UB32 7NW,E,2024-09-30
c14b44e4-6b8e-4514-9ec5-da0569c18795,53.470968,-3.122227,345284,3,flat,Liverpool,L14 3SJ,D,2024-10-16
d6351507-671f-40e6-ab16-107b039c794c,51.870743,-1.29319,463172,2,semi-detached,Oxford,OX33 2XD,D,2025-08-15
a49a6f76-85de-4f81-8863-22f418c15f2a,55.891263,-3.351868,294852,1,bungalow,Edinburgh,EH3 3JK,E,2025-07-30
5dc93aed-8bff-4e34-ac8e-b25c51b97b06,55.952273,-4.281106,359442,2,detached,Glasgow,G5 5SY,D,2024-09-23
e398c9d1-024d-4166-b680-1a7ae1605df0,51.543742,-2.616124,862950,2,detached,Bristol,BS24 8SL,D,2025-07-05
8978a034-8653-4de9-8493-b69aea172525,54.659281,-5.891404,181369,2,flat,Belfast,BT3 3YC,E,2025-02-28
728d31f3-a6f9-4a28-a4de-0f21db9a7e8a,53.949369,-0.98701,386880,2,flat,York,YO5 6SP,G,2025-06-09
6242c2c2-47f2-49f1-a2ee-709b94bb4705,51.436519,-3.154617,309060,2,flat,Cardiff,CF34 3TM,D,2025-05-14
71cae80d-d05d-4b25-b7b1-5ee9e45e91de,53.322497,-1.519299,331281,2,flat,Sheffield,S34 1YG,D,2025-01-10
b03feb8f-5026-4edd-8a0a-f53eaff565b2,53.36665,-2.661257,574425,3,semi-detached,Manchester,M35 9CD,E,2024-11-12
0f7a9e0b-60eb-4758-ab59-576bcbe87c7b,51.217552,-0.068936,847336,2,detached,London,KT26 9HY,C,2025-01-20
b178c235-aef1-40ca-a170-18275796b2e2,51.43143,-3.057882,455493,3,flat,Cardiff,CF17 6UR,E,2025-03-10
55dfb9d1-9376-4eb4-be8b-c365c37a6de9,52.517621,-1.866626,303829,3,flat,Birmingham,B30 3CG,E,2025-03-10
539c96a0-b3fb-4608-821b-f52ee9e41cfe,52.870534,-1.180018,487679,4,terraced,Nottingham,NG16 6BS,F,2025-07-11
81db16a6-9b50-4d87-8e94-27cb3825ff98,54.982968,-1.654582,272320,2,maisonette,Newcastle upon Tyne,NE20 6XT,F,2025-01-04
a0a7dfd8-f965-41b1-8202-6b268617e4d5,51.916336,-0.183615,491422,1,semi-detached,London,BR10 7AC,E,2025-02-10
a64d4822-c795-4864-b2eb-fe07169e5929,53.925278,-1.389287,435599,2,detached,Leeds,LS15 6EL,C,2025-01-12
a72b32c8-f027-4261-96ef-9b7c7bbae183,51.986966,-0.876224,383530,3,flat,Milton Keynes,MK30 5NE,E,2025-07-29
c7aea3f5-11d2-45e5-9b68-3018f6a7d1c5,51.322218,-0.459112,1184865,2,detached,London,NW20 2DD,F,2025-05-05
dc5a3c47-a35d-4e50-9b9d-9d5f6062cea9,51.483205,0.239948,628265,2,terraced,London,EC8 4BS,C,2025-04-11
5b3b8a9b-ca0d-4b5a-b09e-6c782bcd0343,51.396142,0.013971,1015004,2,semi-detached,London,DA21 1OF,D,2025-06-22
a6551a22-f29c-4f91-bbb3-8163981b1333,53.544701,-2.255673,260308,2,terraced,Manchester,M18 6MZ,E,2024-10-24
4654647e-4cc7-4313-ab67-1a3b8cb01544,51.421546,0.08091,738774,2,terraced,London,UB32 0DS,B,2025-08-25
77373db8-e644-4a30-9ce2-123d87beb087,53.38265,-2.298581,289303,2,semi-detached,Manchester,M14 3SU,F,2024-09-06
b843eae7-72d2-4681-82af-dc8b61f4283a,52.200695,0.014287,701721,2,semi-detached,Cambridge,CB20 8EZ,C,2025-03-29
3793ae14-9dcd-4e9a-84c6-c614a7686ab3,55.931919,-4.136477,670947,3,detached,Glasgow,G12 5XS,G,2025-01-15
b8ea4b98-c71e-4ca1-8b35-9204d60b3b77,51.763098,-1.210927,371811,2,flat,Oxford,OX11 1MG,D,2024-10-04
5b508f37-ebda-442c-b16e-942039f01563,50.9245,-1.400594,414298,1,detached,Southampton,SO1 9DF,G,2024-11-25
f1c00549-fe0b-4afb-85cc-3d44d8ce4876,51.268937,-0.072576,374118,1,flat,London,WC3 6YA,C,2024-11-30
144814ed-6c0f-4635-84eb-79a9bb849faa,52.875372,-1.216959,280678,1,semi-detached,Nottingham,NG19 8AB,C,2024-10-01
1c3d26d7-49c5-4c2d-ae89-c312a4d917bb,51.382404,0.346034,1348610,4,semi-detached,London,EC11 1LF,F,2025-02-07
7a914fbd-afae-4e77-88fd-25f695099b27,51.384507,-1.013043,349103,2,flat,Reading,RG13 4LS,F,2024-10-01
7a43b1eb-a9e9-482f-8af6-48ba6b74a96b,52.057359,-0.696705,508970,1,bungalow,Milton Keynes,MK20 8ET,D,2025-08-01
25e39259-fa5e-4f39-8bda-80e7e7c00b24,55.7704,-4.415894,268306,2,flat,Glasgow,G29 6NO,D,2025-02-16
be5daaca-668a-42b9-9914-8d519898831c,51.587659,-0.15279,565364,2,flat,London,CR6 7RF,D,2025-07-25
dffa29d2-13ca-4251-85db-d0341d21687f,55.935963,-3.035117,547813,2,semi-detached,Edinburgh,EH35 7BR,E,2025-05-30
94b3f536-323c-4c4f-8673-de0923302c17,52.053369,-1.040377,480665,2,semi-detached,Milton Keynes,MK6 7DH,D,2025-08-02
c987ed8d-5b04-499b-a382-b6a0246ec45e,55.735478,-4.606361,247551,2,flat,Glasgow,G20 1JM,D,2025-07-20
ca926d80-87a3-45fb-8526-c46daa2b1320,51.117791,-0.162421,655270,2,flat,London,N13 1OB,E,2025-02-09
6d4b18d6-286b-4e48-92d1-6ccd3511a7dc,55.911865,-4.280074,341580,3,terraced,Glasgow,G28 2NT,C,2025-03-01
ff062ca6-04d2-436d-8fde-f98db328834b,51.468411,0.154935,755655,3,semi-detached,London,KT5 7PA,D,2025-01-13
ff834183-ae78-45a4-8069-7a3aaca63e82,52.205427,0.140285,598331,2,flat,Cambridge,CB14 3NG,D,2025-04-08
b5a57fd1-3a8c-4b1f-8ebf-67751fafb5c5,52.575654,-1.968564,438773,3,flat,Birmingham,B10 0FE,A,2025-03-22
0decfba0-b9f6-465e-9773-685e9d9dabc6,51.575917,-2.558978,231174,1,flat,Bristol,BS15 7PT,D,2025-05-29
ae16cf4d-e480-473c-920f-31b91b6fa384,51.657538,-0.179939,993439,2,detached,London,NW25 6AZ,E,2024-09-22
9cc1e694-04fe-4ae4-ad7b-7d22e204b129,53.285585,-2.720243,381606,2,terraced,Liverpool,L23 2UA,A,2025-04-07
d453476c-c338-4804-8b15-85137d2659b1,52.604338,-1.687955,251881,2,flat,Birmingham,B17 7BK,C,2024-10-08
0f6090bb-0cd3-4663-9a87-d63c0111a189,51.388405,-0.743866,909747,4,flat,London,W35 6FC,C,2025-08-31
55f88d53-e494-45a5-b0b8-4c9aac069d29,53.357132,-1.675423,791902,5,detached,Sheffield,S9 2XF,B,2025-08-01
422a86cd-606d-4255-b5fc-e3190b36d4e8,53.531251,-2.14138,674113,3,semi-detached,Manchester,M3 5GT,F,2025-04-30
3d9eeebf-03b3-4740-a58f-43d236114100,51.556048,-2.622231,463062,2,bungalow,Bristol,BS28 5UE,C,2024-09-18
e9547373-399d-4820-ad57-87cc528afc68,54.941487,-1.780419,230907,1,flat,Newcastle upon Tyne,NE33 7EA,D,2025-08-23
859daf43-16ea-44c6-85ee-72372d81a054,53.283545,-1.433815,820872,4,detached,Sheffield,S5 7OG,E,2024-12-26
295ecbc7-2d61-482a-b134-fe838b9d60d0,51.407956,0.225053,479103,1,terraced,London,DA4 5PH,B,2025-08-07
0c3655e7-ebe4-4b92-81f7-ea6e979918b0,52.034815,-0.774773,730801,3,detached,Milton Keynes,MK33 3RS,E,2024-10-14
08a58df7-202d-45ce-baf7-3dac2db3719d,53.7329,-1.340755,230563,2,terraced,Leeds,LS31 3TK,D,2025-03-03
06fbd051-f026-4976-bfb3-b641f8309d6d,54.671616,-5.918795,339991,2,detached,Belfast,BT20 7AW,D,2025-01-21
a1ef35ea-820e-4892-8619-e9f272f731a6,52.282035,0.184855,482266,1,terraced,Cambridge,CB8 1PM,F,2025-05-11
5d7ace69-b765-45fd-ac00-10605117f552,51.338357,-3.167122,390296,2,flat,Cardiff,CF28 3SL,D,2025-04-30
074d8183-7d27-42be-98d8-7c514fed3273,50.894529,0.085644,683292,3,flat,Brighton,BN27 2ZC,B,2025-07-15
de74093a-63bb-4a79-91e3-1eda56859352,51.154671,-0.130042,616268,2,flat,London,TW8 0RA,C,2025-04-21
424d19da-320e-41ef-bffa-465a95fa0ef0,51.578559,-0.240944,1028692,2,detached,London,NW1 3TS,E,2024-12-28
29691c25-7c80-4167-a9a5-9617a87a5435,53.980198,-1.172859,675989,2,semi-detached,York,YO22 2WN,C,2024-12-19
ca0c7b52-a31e-4937-abb8-3c4527f685ea,52.012048,-0.585285,819696,4,semi-detached,Milton Keynes,MK22 3ZJ,C,2025-03-17
e94fe5c5-19ab-4a5c-a92a-9204c97c4bf4,50.823775,-0.148623,1626520,5,detached,Brighton,BN34 9EY,A,2024-11-25
60a94196-d7cf-4b50-aece-f3b82679bc27,53.359179,-1.645644,555962,5,terraced,Sheffield,S2 0GT,F,2025-01-19
c71c8c77-1a38-4a0e-a614-389651333150,53.290419,-2.702532,664792,2,detached,Liverpool,L19 4RM,E,2024-09-27
b62a442f-e175-4bfc-b358-6505cf762728,53.457448,-2.201003,329358,2,semi-detached,Manchester,M32 4DC,D,2025-02-18
75da8e7f-2950-4de3-8eaa-9483babd27ca,52.250311,-1.891536,310742,2,flat,Birmingham,B2 5NK,E,2025-05-20
e91cca6b-6917-4392-bf62-1115881dbff0,51.465436,-2.334386,466481,2,flat,Bristol,BS13 9BZ,B,2025-08-30
e9bdd777-bfe7-4dda-8ce1-c553beac55b4,51.657978,0.260947,918992,2,semi-detached,London,SW12 2KB,E,2025-07-29
0b005819-632d-40ad-9060-3d0ed7243bed,51.450643,-2.668924,603921,2,detached,Bristol,BS28 7YH,C,2024-10-26
9a246349-7286-4862-8031-9049ba36cf5f,53.417262,-3.097868,613816,6,terraced,Liverpool,L26 1AO,B,2025-08-03
bdde5e9f-d39d-4d52-87e2-603c9146c8f8,50.702749,-0.096951,824090,4,terraced,Brighton,BN2 5XT,F,2025-04-30
161bafe2-3ec8-44c9-a693-ee1e5f1699a5,54.99974,-1.6605,482538,3,detached,Newcastle upon Tyne,NE4 7DR,D,2024-09-05
2d352895-4a78-4788-8098-cdc909fea502,53.407856,-2.350578,426943,3,bungalow,Manchester,M2 9HH,E,2024-09-25
1fc761a3-54bf-4623-9f14-2015eb2ad37d,50.851945,-1.4006,706108,4,semi-detached,Southampton,SO25 2ZY,F,2025-08-13
bdba1d68-6b55-4629-8226-3b1f967e9690,50.77667,-0.089217,758772,4,flat,Brighton,BN20 2LL,E,2024-12-07
fef1c553-729b-4bd1-afe1-fbcf4cfb87d5,53.463174,-2.066563,256076,2,flat,Manchester,M18 5DP,D,2025-08-07
6389575a-6ea7-4929-946d-3d8c9c67f365,53.370513,-1.8468,218507,2,semi-detached,Manchester,M34 8KH,E,2024-12-02
c39e4aaa-7506-449a-9134-7343a83a928a,51.325873,-0.232981,789120,3,terraced,London,IG6 0WJ,D,2024-10-16
336dc494-d3f1-4fd4-914f-1315e952d191,50.963604,-1.511477,927415,6,detached,Southampton,SO31 8AG,E,2024-12-08
3d393156-90e4-4e32-a01c-336664cf8190,52.275916,0.135616,816794,4,semi-detached,Cambridge,CB7 4TK,E,2025-07-09
f225f045-1bd7-4685-b26d-cfc85d1a40f6,51.502813,-2.626064,433327,2,flat,Bristol,BS29 4PD,E,2025-01-11
d2c6389c-2302-4530-b688-9cf4dc1df0bc,51.672776,-0.441845,701910,3,flat,London,BR34 7YM,D,2024-09-16
5dfb15b0-86e2-4171-b7d3-f7c91a69580a,51.50891,-0.261499,1542632,3,semi-detached,London,IG15 4MP,E,2025-05-10
ee932dbe-e8f4-431a-835c-0f62d2eaf694,53.368315,-2.51336,828655,3,detached,Manchester,M3 3YF,E,2025-08-24
76b9ccaf-4ecb-44bb-b049-f5a63981c560,50.939215,-1.41092,597295,2,detached,Southampton,SO19 1UO,C,2025-02-19
4b6b4085-9abf-4a69-a418-08a69880cdf1,53.875808,-1.053868,362784,2,flat,York,YO35 7WA,F,2025-08-03
4787bf58-f3c7-4f04-ae06-f3bd19212cac,52.122859,-0.760822,560215,2,semi-detached,Milton Keynes,MK24 6EC,G,2025-07-06
818971e8-9580-4525-8a21-816bdad48dd3,53.352087,-3.06379,360777,4,terraced,Liverpool,L13 1MN,B,2025-07-24
9bf860f4-dad0-48c7-8e90-bd7273cc278f,51.621452,-0.031602,1439066,5,semi-detached,London,SE10 1YS,C,2024-10-29
64b1a4f6-34ab-4576-864e-3ff74ccfae95,51.569975,-0.056148,2390688,6,semi-detached,London,TW20 2HP,D,2025-04-18
3d1ff148-621d-4a07-a9a6-727cb5e98bb8,55.936817,-4.347768,240251,1,semi-detached,Glasgow,G15 6NH,D,2024-11-16
15ac8aa5-bcc9-48aa-8277-f3a7f6b06e91,51.431344,-1.102194,289088,1,flat,Reading,RG6 1HP,D,2025-05-29
89209479-2703-4d99-b65c-b51e1e107a2c,51.25005,-0.315316,944728,3,semi-detached,London,EC9 8AS,F,2025-03-07
1083defb-db6e-4e40-aaa6-95c9c78e5e56,51.216911,-0.328137,922093,3,flat,London,SW17 7RF,D,2025-06-17
9244e169-a170-4b57-93e2-59b3feb486e9,52.410007,-1.933296,472515,4,semi-detached,Birmingham,B16 3OT,D,2025-06-08
4c69ae76-49e9-483a-9345-a41f262722c2,50.884523,-1.237626,725940,3,detached,Southampton,SO28 8ML,G,2025-05-13
7abcaf88-6b49-4479-94ba-9ec758a8287e,51.445052,-2.588861,498980,2,semi-detached,Bristol,BS28 1WM,E,2025-04-23
858a9f82-807c-4eae-8513-c07d5deff46c,50.782221,-0.150615,486697,2,flat,Brighton,BN18 5KS,G,2025-04-18
4bfd7b0f-61b4-4468-a3c6-9eaa0a42e625,51.27494,0.509421,822276,3,maisonette,London,NW32 7TJ,D,2025-01-20
1954ba92-3041-4033-b265-ecc8c01ec0d6,54.892485,-1.693089,400607,2,terraced,Newcastle upon Tyne,NE23 3FX,E,2025-07-23
86062db8-31c1-4427-a053-f8c10db2520a,51.928445,-0.034083,1399943,6,flat,London,WC6 1RO,E,2025-08-19
e00f73ec-b423-4c78-a360-06a41912636b,52.581635,-1.655784,259089,2,flat,Birmingham,B4 5DH,D,2025-01-04
83ae63b0-4c98-4a4e-ab04-1e3f0cff66fa,53.881461,-1.559674,435157,3,flat,Leeds,LS33 6CJ,A,2025-04-26
ce8ee861-e834-498e-aace-d01e701246cf,50.882487,-1.305731,491165,3,semi-detached,Southampton,SO9 5MF,E,2025-07-22
dd5a25ef-6d55-4a71-a6e9-1ae01427e42a,52.314853,-1.67877,451077,2,semi-detached,Birmingham,B9 7BF,F,2025-02-22
af50993a-1351-4189-ba2f-0efb3966fef8,54.962076,-1.607149,261531,2,flat,Newcastle upon Tyne,NE14 1JP,C,2024-09-06
c98b28a0-c19d-4017-a836-443a774a95b6,51.389582,-0.265501,666479,3,flat,London,UB1 2YS,F,2025-02-18
cb202e08-4168-4fb7-8904-d5565d164f09,51.386986,-2.495931,251959,1,terraced,Bristol,BS33 8CC,F,2025-02-09
07f71356-77d8-473c-9db3-9a2b7f09f775,52.559269,-1.839785,321535,2,semi-detached,Birmingham,B16 6KB,F,2025-02-09
77505174-6972-41d1-b210-805713604d62,54.57976,-6.026088,309708,2,flat,Belfast,BT22 5SR,G,2025-05-01
2d0001f1-5576-4081-ad0c-6bbf88126e36,53.789765,-1.63879,315573,3,terraced,Leeds,LS31 0JR,D,2025-05-28
2deb1c09-d5f9-4097-afc9-4809460c2fc9,51.209192,-0.313412,672309,2,flat,London,EC5 9BO,D,2025-03-10
1458e1fc-7c5b-433f-8559-720054544de8,52.954486,-1.26739,203582,1,bungalow,Nottingham,NG23 2KU,E,2025-02-17
2dc92645-bd52-483c-839c-a6eb391236e7,52.576762,-2.091354,376273,2,semi-detached,Birmingham,B3 5EJ,D,2025-01-01
0f6317be-d3b7-42fd-9371-aece2316b94b,52.391236,-1.791204,304099,2,flat,Birmingham,B5 4GN,D,2025-08-29
2181155c-b267-4253-95ca-958a9614f006,55.975778,-3.219441,326168,2,flat,Edinburgh,EH30 3RL,C,2024-09-20
d6b7f554-3ad2-40a0-b238-555a3219b6c1,53.234791,-1.521667,207319,1,terraced,Sheffield,S10 9FT,D,2025-08-12
4e1c8262-ccc1-4abd-bca1-6d6385800da9,51.366612,-2.713719,673528,3,flat,Bristol,BS18 5CE,B,2025-01-11
64efb900-c035-4136-b13d-6ce3e5106b03,51.302952,0.335907,1346084,5,bungalow,London,WC32 9CF,C,2024-09-22
caa2b956-9d75-4511-8936-029e985eff7c,54.482944,-5.944518,189053,2,flat,Belfast,BT32 5YM,F,2025-06-20
b98d31e8-7111-4e21-b54b-e9abefc9d3f4,52.395146,-1.829,242252,2,flat,Birmingham,B13 4RN,E,2025-08-23
1c18ed8e-6842-4fd5-afc3-556e479c0c44,53.417864,-3.000959,445191,3,detached,Liverpool,L12 5UZ,C,2025-08-08
bd692a94-a706-44e8-b199-19c8e50a6189,51.446617,-0.135047,976838,4,flat,London,E14 8GJ,B,2025-06-16
3feb9f9e-2379-4c98-9a9b-a7957499b0bc,53.41771,-3.107059,349922,3,flat,Liverpool,L30 7EH,G,2025-02-17
09849d06-418c-440e-ad30-2434650576c5,55.91282,-4.314267,269317,2,flat,Glasgow,G25 3BW,C,2025-08-21
c86ad9fc-b808-4d34-b137-a0df301d7471,51.431626,0.540868,619364,2,semi-detached,London,DA22 6KA,A,2024-11-25
3633b07a-4f4d-4475-8cd0-78d468393aac,51.594416,0.209403,911572,2,semi-detached,London,SW30 7EE,C,2025-04-30
9f1371dd-232d-4ef0-a41a-ce31055df5d0,53.372932,-1.391937,610406,3,detached,Sheffield,S20 8BY,B,2025-02-08
94d30dc3-8a5d-43e0-a094-8946ec9c1540,53.374778,-1.490538,465781,5,flat,Sheffield,S7 8LF,D,2024-10-31
21437343-14de-4548-8bf0-7712e4f7b94d,53.825662,-1.346291,447544,3,semi-detached,Leeds,LS10 0WN,D,2025-06-28
cdb440b1-e61e-4dde-b0cc-bfeeb13bfa43,51.35486,-0.050651,848553,2,terraced,London,TW23 6OX,G,2025-08-30
83ae260e-d704-4179-9286-8f8961ffcd24,51.7765,0.116496,638257,2,semi-detached,London,BR9 7LF,F,2024-09-17
6458efbe-a21f-41d2-871e-8ef7283f5d9c,53.854543,-1.428471,224274,2,terraced,Leeds,LS26 1WU,D,2025-07-22
8fcad59c-2d6e-4d8c-8dfa-a2f9d0c1159d,51.70617,-0.422941,1043830,3,detached,London,N5 8LM,E,2025-02-26
d90be25f-ee98-49bb-981c-c820822b56ac,51.291098,-0.057801,838919,3,terraced,London,SE3 7WS,A,2025-04-15
ff6bf4b3-a491-420c-9508-218fb327dbec,51.252409,-0.008935,709567,2,flat,London,UB22 9PD,E,2025-02-09
e3d45283-ea99-4120-bbbf-c172fa5a3535,51.161968,0.871466,1186383,2,terraced,London,TW1 6OT,E,2024-10-23
78816fe5-629d-4f4d-b25e-3d0d7b288e4d,53.475276,-2.223019,334906,2,flat,Manchester,M29 6YX,D,2024-09-19
13ef32b4-2d03-4b0e-a209-06903f770b2b,51.497512,0.054626,940072,2,terraced,London,NW34 2LY,D,2025-07-30
81a7be23-24d1-4d43-a392-9c2efd18bc87,54.513968,-5.793907,173082,1,flat,Belfast,BT26 3GB,C,2024-12-01
fbc31adb-c149-4835-9053-20b44445525f,51.490829,-2.484336,718466,4,semi-detached,Bristol,BS29 4SS,G,2025-08-30
4dc1022d-7551-48aa-9319-defa7a289dbe,52.573692,-1.996778,408883,4,terraced,Birmingham,B3 1OY,C,2025-04-29
1a8a71cf-7b20-49a7-a8c1-be942741d68c,51.435834,-2.632708,353466,1,detached,Bristol,BS29 9XW,F,2024-10-09
ba38e4dc-0e49-4770-b33c-645314f9fe3c,51.408866,0.344125,956053,2,flat,London,EC23 7TJ,C,2025-07-12
9acafcbf-eb5c-4620-a248-3d49da6a470f,53.439628,-2.248944,385156,3,terraced,Manchester,M21 6GN,C,2024-11-17
9677133e-32ff-4535-8494-6303153ab687,53.350933,-2.020197,684217,2,detached,Manchester,M35 9WM,D,2024-12-04
b5d41cfa-8ade-4645-8600-b2638f81fa37,53.457616,-2.208452,465411,3,semi-detached,Manchester,M19 7FN,E,2024-10-10
f6c3f348-900e-4f60-be24-19e480fbf219,51.556136,-2.589113,588590,3,semi-detached,Bristol,BS8 0FO,D,2024-12-09
c3acc0c5-1389-41c0-9de1-afe4dd882cad,54.96508,-1.739518,237905,2,flat,Newcastle upon Tyne,NE19 1HU,D,2025-01-10
5ebe9928-0cec-4527-9462-fae68cd27254,51.462586,-2.421259,710172,3,detached,Bristol,BS25 8KG,D,2024-12-01
a83fba73-55bb-437e-8fa7-fd0576f76c4e,51.005222,-1.360812,535995,2,detached,Southampton,SO19 3BA,F,2025-05-10
5d6e5687-11e4-4c4d-9df4-6a6967f76927,54.048495,-1.591011,290069,2,terraced,Leeds,LS3 7PG,A,2025-07-27
3e418110-6aaa-4825-be2f-6f36f02cbce7,55.921863,-3.248688,464671,3,flat,Edinburgh,EH17 0JK,C,2024-10-20
036b3d6e-d03c-442c-8b4e-f02bd5193d61,51.419171,-0.147579,485392,1,flat,London,SE19 4YY,D,2025-03-05
e21ddf00-2b4e-4d95-b2f2-e0aa2475f086,55.006101,-1.592639,271584,2,flat,Newcastle upon Tyne,NE18 3WF,E,2025-05-29
d62bc4a7-a9cc-4ec7-b85e-d3ff6c9250e8,51.465417,-0.140155,446415,1,flat,London,CR4 6PH,D,2025-04-11
93e08eba-8b9d-4977-b7a3-fc259c025af9,56.068451,-3.14335,503134,2,terraced,Edinburgh,EH7 8EM,C,2024-12-31
0c9671c0-84f4-4750-8239-b90369b3ac80,51.410244,-0.43222,709828,1,detached,London,NW3 4NN,C,2025-08-26
41de067c-2a14-44d5-92d1-874a204d9542,52.666171,-1.755948,266101,2,terraced,Birmingham,B6 4BB,D,2024-11-19
caaa2b15-c4db-499a-84db-4dffc7c40405,52.834589,-1.13452,192894,2,terraced,Nottingham,NG6 9FU,F,2025-04-01
d3d68a32-5d1d-43fd-b0dd-5376aea2c857,51.556813,0.160897,863653,3,semi-detached,London,W25 0PT,E,2025-01-15
1b443ae0-7f31-48b0-a76f-b1e6ed2b0647,52.086089,-0.804246,319685,2,flat,Milton Keynes,MK26 6GY,G,2025-03-10
8c8889b1-1a1a-4a08-b52e-210423cb97d5,53.726257,-1.606537,379702,2,flat,Leeds,LS32 9XJ,C,2025-06-16
9030d299-ef1d-4417-954a-4126612825b8,51.557837,-2.452018,360296,2,flat,Bristol,BS27 8ZN,D,2025-05-26
008d80e2-0b45-4ea3-8520-c6d4a3794231,51.751829,-0.168148,364517,1,terraced,London,DA16 6TK,E,2025-02-08
8ad851f5-8375-47cb-b41f-e9a172a577b8,52.075978,-0.864691,339460,1,terraced,Milton Keynes,MK27 8FT,B,2025-08-30
0eb77064-cdb5-43a4-a8f5-5426fb3fda0d,55.88611,-3.104729,329569,2,flat,Edinburgh,EH1 8CY,B,2025-05-20
f496ef85-9cb2-4174-9f23-3fa627e39d16,53.334914,-1.340768,372649,2,detached,Sheffield,S28 9YT,D,2024-12-16
7301bca2-3c8d-4b3d-abe5-4066871dee12,53.426509,-2.29442,335773,3,flat,Manchester,M13 6PL,D,2024-10-22
32c9f49f-d18a-46a7-bdd7-a8591b455039,52.352921,-1.917898,626024,4,semi-detached,Birmingham,B30 8FL,F,2024-09-17
2cde9b38-4d6e-4128-b266-279eaefc1f71,54.585659,-6.136107,301917,2,semi-detached,Belfast,BT3 8YC,F,2024-10-09
c6365425-0951-4c07-9090-bb973498b071,52.159784,0.104209,904175,3,terraced,Cambridge,CB29 9KE,F,2025-03-02
1bb4f361-dada-4ff3-9b1d-dc688508dfc6,51.744663,-1.293621,644802,1,semi-detached,Oxford,OX8 1ZL,B,2025-04-21
8269e1a5-b96c-46bf-939c-905b5ea252f5,51.291963,0.062568,878981,3,flat,London,HA13 2KG,F,2025-04-13
5a58b317-9163-4093-83d4-1cd04c101b8c,52.538066,-2.023797,703083,4,detached,Birmingham,B28 1DP,E,2024-11-23
9d21f771-a559-4b03-b242-8ae8a5fd4212,55.881034,-3.32959,825700,2,detached,Edinburgh,EH6 6MK,A,2025-04-25
cb6a43d9-836c-40eb-bdc9-6ad66d943253,51.659267,-0.407919,730900,3,terraced,London,SW24 0YK,E,2025-04-03
14a47e4b-7153-40d1-8f29-b239b0ac9dde,53.492727,-3.092657,463540,3,detached,Liverpool,L9 1FU,D,2025-05-13
cf8e6ba8-71a7-4211-8a46-95e2314820d8,51.442578,-3.285832,415718,4,terraced,Cardiff,CF29 5LZ,B,2025-05-07
9654ceb0-c44d-4275-8c87-0a0eed64c5fc,51.717137,-1.202565,609115,2,flat,Oxford,OX19 6OJ,D,2025-08-24
17a8d369-c83e-485c-b179-20f7cdb3a3ca,53.414672,-2.317622,615260,3,semi-detached,Manchester,M27 4LC,E,2025-08-28
cd52cd9f-69ad-437d-8dfc-dca9e9586a50,51.41703,0.676425,809309,3,semi-detached,London,TW14 5ME,D,2024-11-01
ba45f2e3-4048-42b2-8ac5-38ad43ca1419,53.859616,-1.341575,253890,2,flat,Leeds,LS23 8BU,B,2025-06-06
e5007d6b-c609-4762-a182-4d8c5a6ad3ee,53.293415,-1.393519,265577,1,terraced,Sheffield,S5 6BB,F,2024-11-04
192e3473-12af-426f-9cee-95d8afd6eb21,54.699574,-5.907524,163483,2,flat,Belfast,BT20 8CA,B,2025-03-03
cf36a2fd-8e2e-4641-8e75-9834f74d34e1,54.904902,-1.744496,213496,2,flat,Newcastle upon Tyne,NE12 7NE,F,2025-03-10
a27d43ce-5740-4764-8a0a-50225bcd9e63,50.867048,-1.499036,450382,1,detached,Southampton,SO26 7MH,D,2024-11-03
5884d606-9e59-40d2-a4c8-774ccf052b76,51.711672,-0.321267,496076,2,flat,London,BR19 9XF,E,2024-11-10
5fa3a60b-c364-4a02-a140-b896c44c7205,51.737833,-0.516815,949912,2,semi-detached,London,KT21 9AG,E,2025-06-02
3b03abdd-209f-453c-bf11-14785918ee7a,53.412289,-1.326931,264096,2,flat,Sheffield,S1 4SM,D,2024-09-27
8000945e-234e-40d7-834f-dba5ba82f881,51.524614,-0.02247,1046914,2,terraced,London,W9 0JM,C,2025-04-02
e493f7af-6059-4cdd-b0e8-8899c3580283,52.564068,-2.190996,339562,3,terraced,Birmingham,B2 1ND,D,2025-07-16
2f027ae2-298a-45e2-89da-b1ba5da5a665,51.710962,0.030198,448854,1,flat,London,EC1 3PY,F,2025-07-16
6174e936-43b3-4768-9e71-8d1cdb572a95,51.406678,-2.537929,477529,3,flat,Bristol,BS6 6NC,D,2024-10-23
a613ea8e-1078-4c0e-a38b-575d36efd963,51.487455,-0.314032,487177,2,flat,London,N6 7UD,F,2025-03-15
afa23716-b54a-4578-b08e-1ab2e4fe1c66,53.743707,-1.678225,313915,2,flat,Leeds,LS4 4HD,D,2025-01-27
71b66f15-68c3-4379-bd5d-4d970a608613,51.533162,-3.255708,421867,2,bungalow,Cardiff,CF8 7XU,C,2024-10-13
eb5e181a-dbeb-4b11-ab8b-3ebecebea8df,53.408214,-2.238611,233492,3,terraced,Manchester,M8 6OD,C,2024-12-22
f91903bf-dd8b-48c4-bced-b019e68193af,51.387236,0.359501,488094,1,flat,London,WC19 1YT,F,2025-01-02
013f3923-585c-450c-a770-8e23efd23750,51.463905,-3.276767,276118,2,flat,Cardiff,CF9 9WE,C,2025-07-08
e67f017e-8341-4633-a230-82d5d9e572c4,51.826784,0.094549,396502,1,flat,London,EC11 0KR,D,2025-01-07
d57c876f-4f72-4516-9b59-d200f8d56540,53.318279,-1.917241,266246,2,flat,Manchester,M1 9TZ,F,2025-04-05
efe6c3ee-274f-4d31-8c6d-96740d985037,52.919827,-1.124576,515598,2,detached,Nottingham,NG6 3EP,E,2025-07-26
bd9dfe6b-cf31-4150-98a3-8ab864862791,56.031976,-3.177114,486209,3,bungalow,Edinburgh,EH3 8JD,D,2024-09-20
6e50298a-c7f3-4ddf-8117-31e033897d75,53.745284,-1.598062,342356,2,bungalow,Leeds,LS6 1LN,F,2025-08-18
a6d6cbc5-db78-49f8-a348-6f6bc963c9a1,51.445687,-0.378564,942354,2,flat,London,IG11 2DX,D,2024-10-12
8d6b37d3-fda7-4874-930f-2b45858121ed,54.618593,-6.114667,257800,2,terraced,Belfast,BT15 1NE,E,2024-10-01
1a209884-f846-49cb-a27f-d4e56db06b5b,53.797207,-1.633703,263645,1,terraced,Leeds,LS15 8OS,C,2025-06-06
03b3d83e-e627-4372-9563-311872049afe,51.740991,-0.259053,1334774,2,detached,London,SW9 5GL,C,2025-03-01
0dafb4d6-c252-44e9-a7e5-433b0a4e4083,51.770357,-0.047822,1504975,4,detached,London,SW9 6LJ,A,2024-11-29
3afb8924-19d0-484d-8a4c-539137dc21c8,51.563711,-2.403564,318967,1,flat,Bristol,BS23 7AD,C,2024-12-24
5021aa0e-569f-45e6-b0a8-fcb4685a4ba9,51.439768,-2.685683,520405,1,semi-detached,Bristol,BS23 1UW,D,2024-12-26
0c2b64a4-2406-4557-b5f6-d2c5a0091658,51.290295,-0.394726,716572,2,flat,London,EC20 6XH,E,2025-04-26
d3c1dd09-aa05-4d51-96d1-a98c2fdcc9ea,52.568141,-2.053451,642632,3,detached,Birmingham,B16 0FJ,C,2024-12-02
f5430e23-e22b-4f48-9a70-7b740b74ca6b,53.433466,-2.073106,414338,3,terraced,Manchester,M31 3DK,C,2025-04-10
34be4e5d-305d-4bfe-ad99-a5b0973ef73a,53.441295,-2.068042,389212,3,flat,Manchester,M34 5YY,B,2024-11-17
d0f0025d-0329-4d1b-8579-09afe0c23c85,53.826092,-1.813565,326266,2,flat,Leeds,LS11 7BX,D,2025-06-09
025e8bb8-461e-457d-95f0-77040d0d0f36,51.571643,-2.401124,784680,4,semi-detached,Bristol,BS28 7FP,C,2025-01-16
298abcdc-c1e5-427d-bcd5-fe16bb325257,51.785072,-0.077817,727943,3,terraced,London,HA18 8NZ,E,2025-07-04
bb4727d4-62e5-4433-acf7-0d07a21686e8,53.562492,-2.147502,275220,2,terraced,Manchester,M8 6HG,G,2024-09-12
abeec2ae-5a61-47de-92f7-04b1222b31a4,53.589377,-2.216748,459337,4,flat,Manchester,M2 2GK,G,2025-07-10
1cb22cdf-0b60-42fa-b3c0-33a9529d6150,52.636536,-2.015971,247707,1,flat,Birmingham,B10 1UG,F,2025-05-13
22eef5a0-4add-49e7-b6db-d18aa33f9d9b,50.794274,-0.411187,661974,3,flat,Brighton,BN12 2WU,D,2025-07-10
f2219a3a-84cb-4011-b063-430e2a3d0256,51.479712,0.077097,809470,3,flat,London,DA19 8GH,E,2024-10-11
45cee029-cd9f-4b9e-ba01-b014a7c82e9a,55.900486,-3.393053,319724,2,flat,Edinburgh,EH17 0LY,E,2025-01-19
081a6f8d-6674-4a68-a499-988f5adab02b,51.447077,-0.441405,896625,3,terraced,London,W30 6CB,D,2024-09-12
2d58a09d-7dfd-41c7-847e-6b15fe33d9c9,53.035052,-1.144619,266695,2,flat,Nottingham,NG7 9XX,D,2025-05-14
81bcb8aa-43eb-42b6-afbf-71082024bae4,50.99757,-1.304826,539998,2,terraced,Southampton,SO2 7ZC,B,2025-08-10
d8f687e2-71ab-47f2-a902-42032c43e73f,51.343142,0.215178,627445,2,terraced,London,E18 0LC,D,2025-07-26
39b572c1-2cbf-4380-9539-46e54d1dd6e8,51.420699,-3.220366,707793,3,detached,Cardiff,CF6 2AH,B,2025-01-19
0e746199-e204-4995-aefa-6a5d87a7b01a,51.986073,-0.690324,283236,2,flat,Milton Keynes,MK25 6PN,E,2024-11-11
aca0ab45-c66a-4eaa-bacf-76da5f7ec49b,52.265158,0.135714,829590,3,terraced,Cambridge,CB31 2JL,D,2024-12-28
ba1ccd95-160c-406e-aafb-4fa97b5f7f3c,51.352599,-0.089268,560131,2,flat,London,DA2 6OS,E,2025-04-19
8784a431-994b-481c-ae1d-1671d7c15364,51.232456,-6.5e-05,766527,2,terraced,London,IG29 3CB,B,2025-06-18
de68df17-8443-446e-878e-23e07d07f3fc,51.32887,0.124878,1916628,3,detached,London,EN3 3NS,G,2024-10-12
fd623636-cf91-414a-9d2f-cceffd4172c5,52.26433,0.158245,650983,2,flat,Cambridge,CB13 2TN,E,2024-11-06
1070db78-d003-49f9-9498-4949ef15f732,55.991293,-3.022701,504399,3,flat,Edinburgh,EH28 1JR,D,2025-01-10
d296e062-7c0c-4ec2-ab06-126d556b3091,53.390703,-3.058823,241409,3,flat,Liverpool,L10 2TA,F,2025-07-05
917d56e5-1095-4f49-94c1-50c6fa224a51,53.606208,-2.176215,238340,2,flat,Manchester,M33 1CA,C,2024-12-01
3c71bbd4-0cf4-46fe-8b7b-b3b5550f4e75,51.663977,-0.173604,566849,2,flat,London,SW16 6XF,C,2025-06-23
a0ab4d09-57e7-4bf9-aeaa-2c3ccb602974,50.795092,-0.152657,456451,2,maisonette,Brighton,BN20 0BE,E,2025-08-15
766f7cec-3f49-4e3d-97b3-204d1a99a4f0,50.848946,-1.482724,361743,3,flat,Southampton,SO12 4XT,C,2025-02-02
118fcdc7-1909-4608-99b0-afa7d86bba6c,50.800434,-1.412481,430765,2,bungalow,Southampton,SO16 9CS,E,2025-04-16
76959106-2859-49b2-a311-5062530275a1,53.383279,-2.286044,515460,4,semi-detached,Manchester,M15 6KS,D,2025-01-18
842b672f-1c07-4557-99c6-99d5018b8d0d,53.498405,-2.808259,290846,3,terraced,Liverpool,L17 1TC,D,2024-09-23
a0e2a6af-65a6-4bc0-bdae-864a5a610b6a,53.961774,-1.148107,452959,2,flat,York,YO9 3SO,E,2025-04-11
d92f31d5-75f1-4e62-bb01-a4e3bc8aaa7a,53.759928,-1.620873,210310,1,flat,Leeds,LS21 8TG,E,2025-05-30
b573f035-6c8a-4563-8696-88d0dba1b292,51.488133,0.131103,867544,2,semi-detached,London,EC21 2NT,A,2024-12-13
b95a880a-5944-4c56-a3de-893aaec0428f,50.864853,-1.331592,447420,2,bungalow,Southampton,SO19 0EH,C,2025-01-05
a7eb61ec-2ef0-4e90-84f4-260e9190c36c,51.629684,-0.304695,1100272,2,detached,London,WC32 5KR,C,2025-04-06
c63c2095-9ad1-43d5-8435-ca278bd05d42,52.182554,-0.008309,1078308,4,semi-detached,Cambridge,CB9 5DL,F,2025-04-10
90a8ac93-aff5-4775-841e-42399808f4fd,50.907034,-0.06584,586406,2,flat,Brighton,BN14 7PS,F,2025-01-31
3b9e42a8-6492-4537-a3e9-270c9d096d82,53.418544,-1.364208,148094,1,flat,Sheffield,S11 2NX,D,2024-09-02
b6b9eec0-3601-4c11-8886-b273aa194008,51.53933,-3.048095,632685,3,detached,Cardiff,CF31 9GP,F,2025-02-24
9f19fc12-dd15-47c8-a59d-45a700ab89f7,51.492061,-0.084654,623052,2,flat,London,SE23 2NC,C,2024-12-06
f29123cd-9856-40df-9039-3bacd92e2437,52.459008,-1.821038,669343,6,terraced,Birmingham,B9 2XB,G,2024-11-28
64f9088a-d3e2-441f-9506-414ca4a2ba2d,55.963434,-4.540099,270381,2,flat,Glasgow,G15 6XO,G,2025-05-12
f06e5204-54bc-4b05-a4f5-05589a60a61e,51.566021,-0.063779,916652,2,detached,London,NW25 4WC,D,2024-10-14
60e1c232-1212-4f73-8c45-80149e8da6e7,51.290178,-0.152119,1044559,2,detached,London,WC5 5GH,B,2024-10-10
90026d27-4fec-4c3d-b257-9b0eb059a066,52.425436,-1.688828,632347,6,flat,Birmingham,B4 6FU,E,2024-12-03
bafccd92-a5fd-4ca9-9858-dc28477c939d,52.338472,-2.067662,689363,6,flat,Birmingham,B20 3DS,E,2025-01-05
67fb61cf-dd09-4943-b4a7-1da2cac36adc,53.506065,-2.297678,199268,1,terraced,Manchester,M25 4ZA,D,2025-03-24
857a7184-b2fb-4ac4-8e5d-f9568c88b104,51.502307,-0.813866,1134408,3,detached,London,N18 3RR,E,2024-10-01
98350ec0-95c1-4697-ab5f-2f3b1bf1e63c,52.957777,-1.466563,246242,2,flat,Nottingham,NG21 9FW,F,2025-08-07
168c3e2d-644d-4b45-8edd-904ffed5e833,53.60714,-2.312847,559088,4,semi-detached,Manchester,M21 4XB,D,2024-10-16
61bb6fbb-dca1-4c2a-bef8-a0e815be43c5,51.501863,-0.035966,1372482,4,bungalow,London,UB33 4OJ,C,2025-02-18
9a1c1ec7-7874-4d3c-ba8d-b9d8720d17f7,53.398974,-1.455787,298567,2,terraced,Sheffield,S13 8TB,D,2025-05-02
61bea327-8492-4890-885c-7d76f37ae229,55.874136,-3.181282,1069547,5,detached,Edinburgh,EH27 2PR,D,2025-08-26
95b374ef-af07-4dcd-b2ae-10096df3d8e8,53.549358,-2.480213,301624,3,flat,Manchester,M16 5PE,E,2025-04-26
5839babe-3c96-4561-8aeb-c3396ae2fb87,54.940762,-1.822147,232411,2,bungalow,Newcastle upon Tyne,NE28 0RG,D,2025-05-13
22c56ac2-8c6a-4315-bace-1eeb07b99285,53.456775,-1.303819,347674,3,flat,Sheffield,S17 8DT,A,2025-01-18
8f1e79b3-be65-43d2-aeaf-b4230b11e07d,53.932231,-1.057478,655748,2,bungalow,York,YO3 5GG,F,2025-03-31
2038f25e-a25a-40f6-994c-3c5cfd43b397,52.54734,-1.610489,468220,2,detached,Birmingham,B24 0FD,E,2025-07-30
91a6a4be-6529-4499-b279-b4f48e41f537,51.529948,0.520161,640615,3,flat,London,SE24 0HY,D,2024-12-12
db14cc58-b0fc-4689-882e-15b9709cc288,51.629931,-0.712682,954485,1,detached,London,N21 2NA,C,2025-01-25
5d9697bb-520f-4f8c-97f1-4c15c8339f48,51.635945,-0.309531,875311,2,semi-detached,London,DA27 8XU,C,2025-07-19
5e362a75-4e10-4d26-84bc-a010cab8f53c,55.868882,-4.143439,626276,5,flat,Glasgow,G33 4HL,D,2024-09-03
7d8815c0-bd56-463d-9a53-f69c299a1401,51.435458,-2.742726,890122,5,detached,Bristol,BS4 4RE,F,2025-02-06
4afe4523-af24-4cc6-8274-43b13fbb6a94,51.454121,0.133385,1791689,3,detached,London,EC29 8NR,B,2025-02-06
49d71bfe-1e07-496f-9ed4-f44964cea0a6,53.548658,-2.150444,592049,5,flat,Manchester,M35 7ZR,D,2025-01-08
fcc69045-4613-4cc1-ba0f-d52bdb040b11,55.94527,-4.237839,245714,2,flat,Glasgow,G4 4XE,C,2024-10-18
767e40c6-847f-467a-af06-0d4b757b9eb9,55.787468,-3.160455,358635,3,flat,Edinburgh,EH9 5FD,A,2025-04-12
26dcb6be-5e1e-4691-a737-30e45c3b7e70,52.5266,-1.899149,415470,4,terraced,Birmingham,B34 3YY,D,2024-12-12
c3b76caf-8b4c-4c18-baca-7f8a67b2663f,53.914713,-1.193078,511409,2,semi-detached,York,YO15 0RK,D,2025-08-31
86d33e79-8a3d-4507-97ea-ba45b9811798,53.359628,-2.88266,469933,4,semi-detached,Liverpool,L7 2GP,D,2024-11-13
4ecd8d67-c3a2-4326-824b-8eb57954bda7,53.432669,-1.51526,232286,2,terraced,Sheffield,S28 2BW,D,2025-06-17
3e2b91c9-3a8c-49a1-872e-de363cf97e4f,54.911614,-1.821357,526067,3,terraced,Newcastle upon Tyne,NE33 7ZO,F,2025-04-04
bb2f7ddc-a5a6-4f68-9dbc-f016e078d28d,53.413308,-2.106418,202367,2,flat,Manchester,M19 4SG,D,2025-08-23
7138f3cc-180d-4d1c-82cf-e9500934acd5,53.289197,-2.110629,296243,2,terraced,Manchester,M5 1CS,D,2025-04-05
dda5232d-2894-4e9d-a540-217c88629966,51.518193,0.07935,406357,1,flat,London,KT33 2NF,E,2024-11-16
20bb4970-4708-4dcb-819b-d556599d51f2,51.622262,-0.701798,1814721,5,bungalow,London,SW23 6BX,C,2024-12-04
f7e28969-8ffc-403d-a387-10a687c3dcc6,54.587318,-5.989276,199116,2,flat,Belfast,BT28 9SB,C,2025-04-09
32b59040-ddba-499c-8a8d-ad46f1202ec3,56.0384,-3.370638,248927,1,flat,Edinburgh,EH34 5SC,C,2024-11-17
aa15f7c4-316a-43f6-ad12-b66e6fe67646,51.233419,-0.126889,482939,1,flat,London,BR16 8FF,C,2024-11-01
58def31b-a700-4e18-81a7-0dac9bc19697,51.423749,-2.712325,627751,3,flat,Bristol,BS3 3UW,E,2025-02-01
70695d6a-b8df-427a-8a92-3fa3a2b9fea9,52.925359,-1.026855,588919,5,detached,Nottingham,NG29 5HU,E,2025-04-15
0bdffba8-f9c2-4170-8da5-b9527df2ac5e,53.41578,-1.509422,442572,2,detached,Sheffield,S7 4UA,C,2024-11-29
0eb09927-3187-4c5e-9528-a8dbfef7f156,50.99241,-1.428979,319553,2,flat,Southampton,SO11 8BB,E,2024-09-30
ea3315ba-10eb-47f5-a445-12d58785f160,54.550684,-5.988213,397556,2,detached,Belfast,BT31 5CZ,E,2025-06-11
80253efa-a533-44ea-aff6-09be1af8bbd6,52.122265,0.258794,1571469,6,flat,Cambridge,CB26 4DE,D,2025-02-20
f46ad5f3-0c76-4baf-b91b-4f49fd9d3afb,51.64433,-0.452893,964235,1,detached,London,NW1 7OW,F,2024-11-15
0ee8f07f-db9f-4bbb-8753-83572422edaa,51.497617,-2.642191,431313,2,terraced,Bristol,BS17 0BL,E,2025-07-30
bf6356d7-fff8-48fb-befa-5040a8bda5b9,53.488273,-2.329589,233866,1,terraced,Manchester,M32 6LF,F,2025-01-02
7db8e547-1403-4cc6-ac4f-fe996033a75f,53.391972,-1.479334,202178,2,flat,Sheffield,S23 1TZ,C,2024-10-18
5a9ea2d4-d826-455e-aaf1-276ac9513317,51.459045,-0.00776,490666,2,flat,London,SM25 4FY,F,2025-06-07
9230675b-1843-45f8-a89b-3e03a8eb7c6a,55.810869,-4.32051,137727,1,flat,Glasgow,G32 9WC,C,2025-03-20
a23f5f9d-8626-46e7-822e-2b377bd6dae0,55.959384,-3.181058,465799,2,flat,Edinburgh,EH16 3DG,G,2024-12-18
5d5abd10-e367-44be-8f87-c23191be056a,55.89128,-3.304767,276452,1,terraced,Edinburgh,EH32 0KL,C,2024-11-26
a03b9d46-6b4c-4079-84c7-2d27fc15e278,53.498021,-2.247908,314223,2,detached,Manchester,M1 9OM,D,2024-11-03
97dd87ff-4a49-4533-93ea-08e5c8c1811a,51.29752,-0.075865,1082970,5,flat,London,EN4 9NA,B,2025-02-02
7a2f2c86-bed4-4aa2-8b25-ea6b0f0d1b16,53.38198,-1.52026,432603,3,terraced,Sheffield,S11 5RP,G,2024-10-07
b9b7934a-597e-4022-a2d0-b15bf545206b,50.857394,-1.415912,463715,3,maisonette,Southampton,SO22 0RL,D,2025-08-29
825c98d5-a292-4592-bda5-ea98b3c46f9e,53.01815,-1.143061,280841,2,terraced,Nottingham,NG16 7XJ,C,2025-08-29
85768b59-dee9-4c62-8406-b1cdc62fe711,51.158302,0.073405,632213,2,flat,London,SE4 5BH,B,2024-11-18
73f25801-d69d-4088-a040-885ecff4d7db,52.214497,0.286821,338473,1,flat,Cambridge,CB32 9HG,E,2025-07-10
d2497632-229e-4769-8724-b056669ca66f,51.524098,-0.654308,820363,3,flat,London,N34 4ML,D,2025-08-21
da418971-8e01-44a5-a73d-50205e83b7a2,51.885683,-0.129337,625183,2,terraced,London,DA11 9SM,E,2025-08-21
93fece55-fa98-4bc2-8444-68357e2a2d8c,50.837158,-0.090257,565179,3,flat,Brighton,BN14 1ZR,G,2025-07-16
c45d784d-9a0d-4987-8a8d-e91ccc6fd22b,53.902685,-1.493639,180200,2,flat,Leeds,LS8 1JW,F,2024-11-06
f14f8f7d-4459-4031-8a9f-be4afbb33565,53.04023,-1.32123,275023,3,terraced,Nottingham,NG31 4ON,D,2025-08-21
1099bb1c-d7c3-4882-913e-828534e9d753,53.485566,-2.371667,398670,3,terraced,Manchester,M18 4CD,D,2025-03-25
f140b8bd-fd68-4e8c-abf1-f065b561f74f,55.94881,-3.027986,274718,2,flat,Edinburgh,EH3 1GM,C,2024-10-28
59d7e189-bf51-4cbf-8ffa-29b0db30c614,51.577546,-0.002109,545663,1,bungalow,London,SW32 7OC,A,2024-10-05
b3245aba-ee5f-42db-8e39-a158575ba4b3,51.661355,-0.341575,965633,3,flat,London,SM7 0TP,C,2024-09-05
54f80b85-0e13-4ed9-82db-ed0ace56618c,51.294,-0.474548,562476,2,semi-detached,London,DA4 1HU,B,2025-01-16
a447deac-f228-4a17-aef3-11e77fbf4f69,53.814031,-1.537343,251009,1,flat,Leeds,LS31 6XX,F,2025-01-20
544e7a8a-c77b-4d1a-94da-1c0cdc30f667,51.652155,-0.156212,478287,2,terraced,London,BR20 8JC,F,2025-07-16
93816aea-9fba-49c8-9fe4-e80fe0fc1f98,53.480493,-3.060933,219307,2,semi-detached,Liverpool,L20 2WD,E,2025-09-02
7bbed0be-f815-4215-a451-5bd43594df6f,50.761061,-0.005852,882214,2,detached,Brighton,BN30 0AO,C,2025-06-10
3849d0fc-f65c-4dd7-99c6-83cf4269ee1e,54.91619,-1.36722,421612,4,maisonette,Newcastle upon Tyne,NE21 2UE,D,2024-10-21
f5626137-d0b0-4181-bb4f-2af9822524c6,55.876555,-4.553732,253562,2,flat,Glasgow,G12 8WG,D,2024-12-18
eaee2ef1-d308-4a4c-9381-0b1531aea700,51.482641,-0.129146,834872,3,terraced,London,EN8 7LZ,D,2025-05-02
172acee9-3d5c-4b07-a5f2-87d80e0d9a94,52.627713,-1.783446,301701,1,semi-detached,Birmingham,B6 0ZT,F,2025-07-08
1ce1779d-0f46-44b1-8abf-db8a8301873c,55.808937,-4.513447,647549,3,detached,Glasgow,G19 5AP,B,2025-07-10
d923aade-657c-4f34-9474-fd605ee98c75,51.482315,0.16047,666508,2,terraced,London,DA6 3ZK,E,2025-06-25
a81d24f7-663e-4679-b21e-4c8edbd38166,53.43798,-2.364691,457511,4,maisonette,Manchester,M3 8GD,C,2025-01-17
77ab21fe-584e-4559-8d17-4a3eee1a0c58,54.604485,-5.897618,338217,2,detached,Belfast,BT7 5LX,F,2024-12-07
ab923c63-22a4-4f5d-874d-a43638cbbbc8,51.351614,0.378099,702083,3,flat,London,KT15 8NE,B,2025-03-02
9028985c-6c59-48d2-9423-66f8a800c368,51.410578,0.046099,529365,2,flat,London,IG15 4FL,F,2025-06-30
5a663416-ca20-4fed-b414-b7ec1aef2199,51.544163,-0.572316,1343167,4,bungalow,London,EC11 0LZ,E,2024-09-02
767175b5-24d7-4f57-8883-475667d6a2f5,51.44556,-2.67981,234829,1,flat,Bristol,BS7 1PM,C,2025-06-13
ccb6f780-0930-46fb-9f6b-7880cbbc6695,52.014049,-0.850303,371327,1,semi-detached,Milton Keynes,MK29 6OH,C,2025-04-20
4c9db965-2864-42ac-9d0d-b7efe1de941b,51.485481,-1.123799,422931,2,terraced,Reading,RG14 2XZ,D,2025-04-18
d533f4aa-bc1b-4990-bf35-0efd28b254c6,51.520175,-3.119592,312170,4,flat,Cardiff,CF31 6BL,C,2025-07-23
7c18f7f9-de03-4214-8888-0d05771c438a,55.781947,-4.391556,411766,2,detached,Glasgow,G35 9GD,C,2025-07-09
223c7ac7-1fa4-455a-91de-ad9668fae16f,51.444176,-3.144558,230629,1,flat,Cardiff,CF9 3DT,C,2024-12-08
d7685fdf-f521-4bd1-a88d-46ae90988cc0,51.78376,-0.091915,691714,2,terraced,London,SM22 8CF,D,2024-09-18
9c7ea6d1-8e8c-4e8c-86de-4c66b8c96c36,51.559136,-0.092996,844541,4,flat,London,W6 2OG,E,2025-05-14
73cb09f3-d226-40f4-87b9-ad0e70b7b4b4,54.994361,-1.63844,418899,3,bungalow,Newcastle upon Tyne,NE33 7OA,F,2025-01-18
15f61019-01b5-4d86-ae1d-b7f318dbadc9,51.47621,-0.721104,1518354,6,terraced,London,SE35 1PK,C,2024-10-17
0cdb6944-a17b-4d80-8166-a2381aa11828,51.482983,-0.79809,1081442,5,maisonette,Reading,RG23 2TS,C,2025-07-13
85519a1d-1737-4f2f-97e5-997588141530,51.352571,-2.715319,295764,2,flat,Bristol,BS10 7YK,F,2024-09-13
4987f1a2-1b9d-4e72-bfaf-77eadad6398a,51.532166,-0.499314,588542,2,flat,London,SW33 8RW,D,2025-02-27
d161f14c-8cf4-4efa-bfc0-e199a7a9bd5c,54.98772,-1.55499,260165,1,terraced,Newcastle upon Tyne,NE27 1HF,E,2025-04-12
260d8f88-a26f-4acf-90b0-673dc558c0c1,51.748609,0.238782,549334,1,terraced,London,EC34 2UT,C,2024-10-16
909ee133-e4c4-4d49-9c04-d925dd91aaa7,51.687427,0.126782,1232052,2,detached,London,SM30 2DO,E,2025-08-28
f9c6f5a5-2ea3-45ff-83b6-ec4d0276fa81,51.455081,-3.127008,526052,2,detached,Cardiff,CF14 6HD,D,2025-05-19
090e07d7-3f78-405b-9466-54893d9123a6,52.588117,-1.964199,442332,2,detached,Birmingham,B24 7TZ,E,2025-03-13
cdba98f5-27b8-42a1-8e93-f05ced72bd9b,50.809792,-0.107559,488394,3,flat,Brighton,BN14 5KN,E,2024-10-12
90c03404-911e-4ba1-8ee0-b6750f22c2cb,51.241818,-0.040059,995607,2,semi-detached,London,DA20 0HJ,D,2025-04-15
96bb2966-0364-411d-9010-969d4aae580e,51.621498,-0.157029,1407587,3,bungalow,London,SM2 2BW,G,2025-04-17
0e676416-047d-481d-afce-70ec697a5d38,51.453363,-2.508158,950132,2,detached,Bristol,BS6 1XD,F,2025-04-12
f93afcda-4199-459c-87de-2fbbe6ce5f57,54.526704,-5.861296,356633,3,terraced,Belfast,BT32 0ZM,E,2025-07-31
ac481297-e117-4fc7-83c1-542fe979680e,51.517903,-3.106725,232342,1,semi-detached,Cardiff,CF31 7WO,F,2025-04-01
cc10a916-f38c-415e-882c-cb8b73822853,52.938564,-1.271496,692211,4,detached,Nottingham,NG25 6XZ,B,2025-08-04
9a70b16a-a9b8-45f4-9e73-8c2a3e97197c,53.825758,-1.587795,635092,5,flat,Leeds,LS15 1NC,D,2025-07-02
dbdecf19-56c2-42b5-8ac8-070223c6a926,53.422986,-1.611571,226253,2,flat,Sheffield,S29 3CY,E,2025-08-08
fb0304fe-5d36-48ab-b280-ed10573643c6,55.907129,-3.167335,523069,4,flat,Edinburgh,EH7 2NB,C,2024-09-30
b536c12c-bdc0-4902-bbd2-d9c1417599af,53.48813,-3.032059,389697,4,flat,Liverpool,L6 5HY,C,2025-06-18
de2b5ca6-f355-43b2-accd-d867f6b627c4,53.581107,-2.338093,206556,2,flat,Manchester,M18 3OB,B,2024-11-27
80f4c206-7ff5-4d47-8c45-8789673b44c3,53.31529,-2.541832,428532,3,flat,Manchester,M29 2LW,E,2025-06-22
d6140e3b-1d4a-46a5-842d-17abecaf1079,51.097254,0.004489,1700677,5,semi-detached,London,EN15 9GK,D,2025-07-17
c999f7c0-354b-4360-9a55-e076d87418f9,52.079606,0.149224,639923,3,flat,Cambridge,CB2 4ZD,B,2024-10-15
294abadf-a326-48c5-98f8-d77dd506f191,53.44228,-2.037009,277075,2,flat,Manchester,M24 5AN,B,2024-10-05
50099907-e804-46b4-9a70-f9a9c98ec2d0,53.539899,-2.086903,429611,4,flat,Manchester,M25 6XZ,C,2025-02-18
2e9f0d93-5240-4cff-aef6-81ab5276ab28,51.496334,-0.192359,593675,2,maisonette,London,EC9 4XU,D,2025-04-09
bcf452c7-8011-4a3b-93f0-439fcc5da2ba,53.056931,-1.120204,221815,2,flat,Nottingham,NG35 5PM,D,2025-04-16
5914a968-0885-4ad3-9f16-c21a11679c77,53.410491,-2.292005,797228,5,detached,Manchester,M32 0TM,C,2025-03-24
2a15dd78-6ade-4a91-9b83-8a955e32da6f,51.424973,-0.60096,893507,2,detached,London,EC28 3FH,D,2025-07-03
38cdbbd0-1629-4445-a3dc-8f9445a5a212,53.561833,-2.330554,609863,3,detached,Manchester,M13 4FY,F,2025-01-30
80844bdf-9e0b-4c6f-a6bc-9ce407831a59,53.392861,-3.0752,395994,3,detached,Liverpool,L15 3PW,D,2024-11-25
9cf4083f-5688-4959-a048-c292d9b8f20e,51.423224,-0.396281,796379,3,flat,London,N31 5ZW,C,2024-09-13
2ccd06ca-9822-43ec-8e36-4a3a4e04a95d,50.871006,-1.237782,445041,2,semi-detached,Southampton,SO2 9MW,G,2025-08-15
d8ac39e6-2ff3-48c1-b967-52041aa4734d,50.825747,-0.009038,596237,3,flat,Brighton,BN35 3LU,A,2025-04-14
efb77db1-6ae9-4335-b001-d53827d86d73,52.104014,-0.688477,683548,3,detached,Milton Keynes,MK1 5XX,D,2025-04-02
56b3ce0f-b5a0-4b0a-8d0e-e7a372ed0b9f,51.505099,-0.014557,1089885,2,detached,London,TW16 0UK,D,2025-04-08
e14cf579-a9bb-4202-a554-fc6467aa50f0,51.343339,0.388639,1214474,3,semi-detached,London,KT34 6ML,B,2025-03-20
bae05b14-baeb-41f5-9cf7-e9fe1295bc18,53.356392,-2.14616,301438,4,flat,Manchester,M29 7OF,D,2025-08-24
b4100cc7-3ae1-474e-b044-bf483e396b64,55.95967,-3.265905,283912,2,flat,Edinburgh,EH8 1TB,E,2025-03-12
0eca497e-8e49-4eb4-aa1d-b34663a035b5,51.477417,-0.933259,684597,3,flat,Reading,RG25 2RD,C,2024-09-02
e27c1c9e-143a-485a-a5c5-1d3eff9c7cbc,52.284776,-1.586365,516300,3,bungalow,Birmingham,B2 5PK,E,2025-06-12
c3a4b73a-2d95-46d1-b6f3-2b07ed406bf0,51.78209,-1.306372,1364300,4,detached,Oxford,OX2 0WO,E,2025-03-27
7ac3dbb0-6250-4949-a7db-ddd861fcdfa1,53.392226,-3.314241,313403,2,bungalow,Liverpool,L29 6OR,C,2025-02-20
bd1e6880-4c5e-4d9b-bfff-7759c5ab1f4f,51.427117,-0.019529,429433,1,flat,London,W10 7OC,D,2025-03-23
76946b70-dfd7-440b-9c26-34d149cda060,51.315772,0.096582,736367,3,terraced,London,N30 4SU,F,2025-06-24
00ba056e-2d94-4faa-a3f2-c5829e52ffdd,51.459212,-1.096429,441913,2,flat,Reading,RG29 4YZ,F,2025-03-28
82764a61-b666-466c-8b69-127a3a03af8b,53.377663,-1.61194,245654,2,flat,Sheffield,S26 3LX,F,2024-10-02
6969c326-bf92-415c-8da1-a713b840be62,51.408781,-3.371583,446390,1,detached,Cardiff,CF24 1RZ,D,2025-06-01
6051f502-dd44-4f29-a18c-e6163040e531,51.628145,-0.006993,656748,2,flat,London,UB22 3GN,E,2025-04-07
10c17a17-a0d6-4cf7-9f99-1a24c30f7e02,55.949277,-3.966303,582951,5,terraced,Glasgow,G18 0PY,E,2025-02-02
6820579a-66be-465c-95b0-458d29f1b999,53.296289,-1.440159,348492,3,flat,Sheffield,S16 6FL,E,2025-08-07
63871f32-f192-4b68-ac89-e74e47f3455c,53.973452,-0.830934,595163,3,semi-detached,York,YO21 5UA,D,2024-12-23
14c0336c-6aa8-4d42-99f2-87957b1a3091,53.555891,-2.322191,418868,6,flat,Manchester,M16 1MB,D,2024-10-14
26aa7ea9-f936-4ad8-91e6-d83c32f9e247,51.194186,-0.587215,1077991,2,semi-detached,London,BR3 5DD,C,2025-01-21
6d7d34ca-6274-410b-b44d-92b3d5d1b1d0,53.327178,-1.48053,236720,4,flat,Sheffield,S4 8WS,D,2025-07-18
d5f91e7b-bccf-4701-a35d-fe38ed378927,54.450633,-6.040724,279146,4,flat,Belfast,BT8 7LX,F,2025-04-21
5e75686c-8ce1-497a-9587-83b2567aa192,53.837556,-1.555523,790529,4,detached,Leeds,LS5 6WW,D,2024-09-18
9e40fcf6-82bd-4b2c-8d26-bb36ffe287cb,52.448571,-1.947222,219020,2,flat,Birmingham,B23 4GJ,D,2024-11-10
bb424e4f-e98b-4dfb-85ad-d5346b2d39ca,53.46669,-1.902301,313586,5,flat,Manchester,M1 2DT,D,2025-02-10
2c0a0bdf-7814-4061-9787-4c5a053447a9,51.694337,0.163696,918711,5,flat,London,E26 5XU,D,2024-12-30
dc8e381c-36a0-47c4-9cfa-9eacd56f83ae,51.3872,0.431734,650134,1,semi-detached,London,CR5 8LJ,E,2024-09-05
53cdd817-821b-4af8-8e2d-a1635fbf4203,51.637435,-0.012735,671102,3,flat,London,EN24 7MG,F,2025-03-02
0a4c33af-2055-45c3-a558-bbb3a556cd30,51.600327,-0.378099,917798,2,detached,London,HA33 7LU,D,2024-09-18
d8b0dae5-b114-4ff7-b8e1-fcaa05e83482,52.961556,-1.146121,338734,3,flat,Nottingham,NG34 8ZE,E,2025-01-23
5e61e9d4-7227-4641-89e4-410bc0adf1d4,53.184872,-1.528781,208778,1,flat,Sheffield,S7 9OT,D,2025-03-02
8f71c150-57b9-4c5c-9263-329387110f34,51.528366,0.089211,440884,2,flat,London,IG19 9BN,D,2025-08-01
508f899c-54b5-49f4-bcdb-7113af1178bf,51.336993,-0.557144,1160194,3,bungalow,London,EN10 7LA,F,2024-09-12
8358c9e6-0c1f-4dc7-992b-8fcfc2de6ade,53.284884,-1.511328,368927,3,semi-detached,Sheffield,S22 0EY,D,2025-02-12
9e8b8b4b-468f-4430-ba6a-ca19f5b6cc2b,51.420053,0.300778,1108799,4,flat,London,SW22 4DZ,B,2025-05-27
46656f59-f3fc-4b09-8c1d-0c750299f007,55.027256,-1.407317,393245,3,terraced,Newcastle upon Tyne,NE27 0RT,D,2024-11-22
3a65e6fe-9eff-4b31-984e-fdb521ce5304,52.479605,-1.990636,251393,3,flat,Birmingham,B26 9RH,G,2025-04-04
ee53fb25-1d78-4c24-92cd-c5a694da6950,52.275827,0.127213,700364,2,flat,Cambridge,CB35 1YS,F,2025-05-03
2466a155-4c8a-48a7-b0f9-d44be699ca6c,53.285334,-2.917701,262890,2,terraced,Liverpool,L9 3SE,C,2024-11-18
69545f18-464c-4030-9789-6e5e98cc2ee1,53.500022,-1.854071,189456,1,flat,Manchester,M31 3YB,D,2025-01-03
ffa8f69b-fa28-4458-904b-d7074a58da5d,51.44979,-0.89769,877125,3,semi-detached,Reading,RG21 9WH,D,2024-09-23
e4fe6e80-b4a8-4a3c-98ae-ba2ad52c8946,53.540332,-2.380469,607217,2,detached,Manchester,M33 7KG,C,2025-02-09
108eb227-76a3-4b8c-bf17-d6b4cda116aa,51.532534,-2.673826,366418,2,flat,Bristol,BS12 5ED,E,2025-06-01
483c12ed-e119-4cac-954b-e107b831f61d,53.368133,-1.60678,270255,2,semi-detached,Sheffield,S17 7GO,E,2025-02-20
f427a6ef-4744-42df-9e79-0df2551bf342,52.538082,-1.790954,255180,1,flat,Birmingham,B10 4YO,B,2025-07-10
17b200ca-2fda-4ff5-970f-36b7fdf5b50c,51.813688,0.336151,401827,1,flat,London,TW16 6ZP,E,2025-08-03
20bb7f74-de89-43c0-844f-39442bd75002,51.405243,-0.803142,651180,1,detached,London,HA26 8SS,D,2024-10-16
d2b8bbde-d4fe-47b2-872d-458e3c01c135,50.960006,-1.405684,608980,3,semi-detached,Southampton,SO26 1FK,G,2024-09-02
496977d4-7279-4ac2-8e5d-3a9b3cbbc664,53.779918,-1.526595,281970,3,flat,Leeds,LS23 5GT,E,2025-03-26
b616672c-7e9f-4f73-b2a1-de2ec4886350,51.554518,-0.496866,550928,2,flat,London,EC22 0CH,D,2025-02-05
df960a7d-0a2c-4459-9cd6-9b6c1d176763,53.760741,-1.563931,241922,2,flat,Leeds,LS25 1JA,D,2025-02-20
723cfeef-ed2d-49e0-8a22-8389f2f552a3,53.398261,-2.891036,299512,3,flat,Liverpool,L19 9XB,C,2025-03-23
f053da52-b971-4d3a-ae45-80cfa38d711e,51.850154,-0.03897,635594,1,detached,London,TW1 7MB,E,2025-06-05
02570729-3704-4065-8069-b61de9143d72,50.91657,-1.409262,541602,3,flat,Southampton,SO24 5NP,F,2025-06-23
eedaf7a5-f2f7-4edc-8501-80eaee184dd3,50.92941,-1.270366,461593,2,semi-detached,Southampton,SO21 7XJ,E,2024-09-14
5556b419-02e8-46f1-a89d-51632e9b4d41,51.55258,-2.450472,458188,2,flat,Bristol,BS6 3GE,C,2024-12-09
f7e4dd78-2931-4189-a2b7-a6d6a3f02443,50.921034,-0.355782,927878,4,semi-detached,Brighton,BN30 1NZ,G,2025-08-26
4adbe736-d935-4890-a1e2-c538d013577a,55.050311,-1.514759,219374,2,flat,Newcastle upon Tyne,NE24 1FC,D,2024-12-10
2f4b1e09-9e38-49e4-b9d0-f0730247d137,52.218675,0.202017,901110,5,flat,Cambridge,CB24 7DZ,C,2025-07-04
a951b8e2-dd6c-4a5a-98e5-ce5912c641b9,51.706583,-1.360316,803296,2,terraced,Oxford,OX19 9GD,D,2025-03-01
8661d087-857d-46c3-92fa-f3537d9d20d6,51.537056,0.136084,1401549,4,detached,London,IG8 0YP,F,2025-06-07
b48a9482-4675-49bf-97b2-c163c6786c4f,51.362043,-0.437416,643387,2,terraced,London,N31 3FT,D,2025-01-05
89e35852-cf7c-4f2e-9824-1791c7ab3c43,51.430699,-3.297198,374684,2,terraced,Cardiff,CF3 6AX,D,2025-01-12
370eac18-c13d-420e-80f1-029ca4f4a185,53.787979,-1.720569,276366,1,bungalow,Leeds,LS21 9GA,D,2025-03-29
53411d0b-6e37-4eb6-a2bb-e50f69e4ba1a,53.779022,-1.465623,229874,1,flat,Leeds,LS31 7OM,B,2025-08-03
19cddcd2-12ab-4e10-958e-4be06080c162,51.297941,-0.624478,534400,2,flat,London,DA19 5DR,D,2025-01-27
27f3e474-595b-49e1-ba47-ea825b4843c6,51.509147,-0.220989,639135,2,flat,London,CR10 4MS,B,2025-04-14
bb837ef0-0cb5-4e69-9986-362f664c02f8,53.788154,-1.590163,320839,3,flat,Leeds,LS29 1XL,B,2025-08-29
2dea3f09-0d21-4a25-b292-87827c2a93a7,52.063803,-0.743696,319558,2,flat,Milton Keynes,MK35 2FT,C,2025-04-18
0a30e1eb-8b27-48c5-9b53-4407c41dfef8,52.662164,-1.960551,224857,1,flat,Birmingham,B7 6WC,A,2024-10-14
4fadfebf-d874-47ff-b22a-4a63738bb1df,52.553859,-1.745684,654560,4,detached,Birmingham,B6 0KK,D,2025-02-08
ad3d2f88-bea6-44b0-bcde-b030a032df8c,51.42162,-0.139023,969687,2,detached,London,N32 5WE,B,2025-03-11
702beebd-04f6-4219-9ab3-d10f5edcbe6f,50.822702,-0.151844,584127,2,semi-detached,Brighton,BN23 6ZB,D,2025-01-16
115b8607-a522-4564-b453-931c8baa71be,53.747964,-1.438069,249215,3,flat,Leeds,LS33 5WC,D,2025-05-24
89e97695-119f-418e-8cd8-20f56daecd56,50.929008,-1.40075,357088,2,semi-detached,Southampton,SO27 9UO,G,2024-10-21
71b2035d-7dc2-4cd1-8e75-38befd1dfbbf,52.063209,-0.781115,248276,2,flat,Milton Keynes,MK26 5RZ,D,2025-02-14
fc4c61f2-bf0b-49d2-b6ac-c2e0c2fe0119,51.662959,-0.121797,324316,1,maisonette,London,KT1 7TM,C,2025-05-15
4c821426-ae81-4f59-86f6-9493bbce37b5,55.934543,-4.457625,199472,2,flat,Glasgow,G30 3XG,D,2025-02-26
904b2852-ca10-4de4-83e3-5f5151963715,53.850694,-1.815664,371515,3,maisonette,Leeds,LS27 2BJ,E,2025-08-08
f44813b2-abcf-4002-a54c-697f897becec,55.917647,-4.128455,544820,6,terraced,Glasgow,G13 3BP,E,2025-01-13
db610272-1415-4a7a-b9e7-2d0bd26335d4,51.573861,-0.352367,523504,2,flat,London,WC17 5WM,F,2025-09-02
23685b7b-7547-4ec0-b750-d3c08a5fd654,51.860215,0.174818,839860,2,semi-detached,London,CR10 8BY,B,2025-04-27
85935409-013a-4aa5-a817-4cc5c8262c93,51.305089,0.062055,693541,2,semi-detached,London,DA10 9XX,B,2024-10-22
2680b0d1-b011-48f8-8baa-981abab6d956,51.244518,-0.090632,1440903,3,detached,London,BR27 4HO,C,2025-08-06
3dbcacfb-9d23-418d-aa56-04171883e60e,53.521363,-2.994455,439882,3,detached,Liverpool,L6 2MZ,E,2025-05-16
24ab2a9c-b3a5-4bd6-a778-eeaff1fc520b,52.479877,-2.130561,463624,2,bungalow,Birmingham,B11 2CL,D,2025-03-03
c22bea72-b713-407c-8254-186548179123,52.2157,0.158403,909367,4,flat,Cambridge,CB7 5XB,B,2025-04-20
83d4f9d1-d649-420d-ba32-4413a6a8e036,51.562335,-0.419561,624601,2,terraced,London,NW12 5WR,C,2025-03-27
ee3b7f7f-b8ae-4ac4-9528-ca2a112c0387,54.969229,-1.76887,159525,1,flat,Newcastle upon Tyne,NE24 5DO,E,2024-10-15
cacb4e94-01f4-4b73-b9ed-ce2775f12313,51.41273,-0.470505,438330,1,semi-detached,London,KT9 1MO,G,2025-08-09
296d8faa-f89b-4257-84c0-f187464df392,51.83297,0.357002,513170,1,terraced,London,UB11 9FO,G,2025-04-23
87c5c910-08d9-4d60-80e3-976be9df919a,51.483301,-3.057226,329691,1,semi-detached,Cardiff,CF7 4GH,D,2025-08-15
07ca9db5-4efd-4cac-8f77-589eaee6bc48,50.822401,-0.110922,737171,1,detached,Brighton,BN6 2ZU,E,2024-11-16
7d15dc2e-a8ef-425f-82d5-e187b1c12c78,53.858975,-1.590136,442667,3,bungalow,Leeds,LS5 6RL,C,2025-04-04
6cc7750d-13c7-447b-8fbc-2e1b459e5842,51.620559,0.28974,605404,2,flat,London,DA6 9XG,F,2025-03-28
3b2d5854-bbf2-4bed-ab6d-671961e95005,51.637965,0.20658,1911518,6,bungalow,London,CR2 3FX,D,2024-09-03
fff29e3c-ac40-4d17-b644-9ee90dcb9e37,52.420738,-1.834407,335361,3,maisonette,Birmingham,B23 2TU,C,2025-01-23
86d67699-615f-4ad9-a523-fb6e626fbf8e,53.474852,-1.610827,284971,1,terraced,Sheffield,S6 3CG,F,2025-02-22
07b838dc-f6f8-4936-b5b0-268ac7518b78,52.241477,0.136478,618818,3,flat,Cambridge,CB15 1TM,E,2025-04-09
e1b18aac-3f7d-4a57-97ce-8524dd8aacc5,53.384212,-2.561749,259720,2,flat,Manchester,M17 1MU,E,2025-02-11
13206c71-bf2e-4409-966b-bafaf6690576,54.578241,-5.919692,395276,3,terraced,Belfast,BT12 8YL,C,2025-01-11
0c331729-1dcb-484e-a52b-69e41471fdf5,51.417265,-2.562188,388368,2,flat,Bristol,BS23 6ZK,D,2024-10-28
b3ee7523-6075-4f64-b358-dcc1adc289ba,55.72439,-4.263832,225829,2,flat,Glasgow,G20 5XS,C,2025-01-22
7e0314e2-48fb-4211-8c75-5ee40fcfa39e,51.363838,0.100774,651558,2,flat,London,W19 7XT,E,2024-11-09
84e96dc6-e1ff-41b7-96c6-f7575b593d86,51.296224,-0.027782,1047756,3,semi-detached,London,SE27 3JA,D,2025-07-06
d10b6dd2-9e42-432a-b8f8-9a648791072d,53.553313,-2.404448,175192,1,flat,Manchester,M25 3ES,F,2024-10-27
3e33b6d3-9bc8-4b42-95cb-a180100069e5,50.797569,0.07103,729376,3,terraced,Brighton,BN26 2MY,E,2024-10-23
4a355e48-85d9-400b-90c7-8dd7abc1210d,51.452887,-3.394425,575499,3,detached,Cardiff,CF5 1NA,D,2025-07-12
6e245835-21ff-4cd2-adec-8fc19e6fa882,53.381123,-1.512434,306145,2,terraced,Sheffield,S9 4AN,A,2025-07-28
a59f0910-70c8-4ae6-b6c9-837a5d1391ac,51.78655,-0.043074,962733,3,bungalow,London,EC17 1BG,F,2025-07-14
d1780e39-13d8-41e0-ad54-cbebdf6e4445,53.477943,-2.212388,275780,1,semi-detached,Manchester,M12 8FH,B,2025-02-16
651cff3a-4f36-425e-83d5-3b571dbdf562,50.937721,-1.257316,698941,4,terraced,Southampton,SO14 3PP,E,2025-06-28
97f4e5b7-8826-4044-8898-c98a6af8e4de,56.037314,-3.223897,313812,2,maisonette,Edinburgh,EH13 2WM,F,2024-11-18
298a2673-9a61-4837-a33e-8a45d69e4f44,55.678599,-4.155764,444788,3,semi-detached,Glasgow,G28 6ZT,E,2025-05-21
2e51afe8-28ca-4ab7-91c9-d7ec4f68ea8f,51.426011,-0.584694,495619,1,maisonette,London,DA31 8JZ,D,2024-10-18
f1b39fb4-7f27-4d07-ac66-9f8f5964d39a,53.433619,-2.079607,255869,2,flat,Manchester,M30 7YL,D,2024-12-07
259abb99-11ea-49ac-bcd1-e622d40b6830,50.869172,-0.243524,478893,2,flat,Brighton,BN17 0ZK,D,2024-09-13
4084b2d0-cd97-4118-8b57-d18c8ab0b9c4,51.451446,-0.083976,693021,2,flat,London,EN24 8EF,E,2025-03-16
b39ccbed-7538-46e6-a8db-69262935366f,54.585882,-5.828548,238761,2,terraced,Belfast,BT20 8YW,E,2024-10-07
c55ad00e-415e-49d6-ae20-417b8d99f184,53.447931,-2.313644,293993,2,semi-detached,Manchester,M11 2BC,C,2025-04-28
de9165d7-edac-4e44-9ff0-f846540a658a,50.718199,-0.2304,480361,1,semi-detached,Brighton,BN18 8YB,D,2025-01-29
71acc0c1-560b-4cd6-b0c0-00a8c7081044,53.357776,-3.034021,267909,2,flat,Liverpool,L21 8EM,D,2025-07-03
4e857c10-23c7-4c3d-81c6-f50d090bddb5,52.332781,0.129039,843115,3,terraced,Cambridge,CB20 0XC,E,2025-05-16
65e0c150-4696-4904-bb30-d2ed7b68600f,54.498289,-5.803053,258631,2,maisonette,Belfast,BT30 2XW,D,2025-04-11
94f68212-d18b-4924-8772-609448fa11b2,51.76934,-0.12895,740479,2,bungalow,London,BR32 2EW,E,2025-06-05
4392561e-a6e8-49ae-b241-7ea44bab710a,55.035345,-1.569569,219527,2,terraced,Newcastle upon Tyne,NE13 4LB,C,2025-09-01
14cc534b-0e73-42f1-9eb6-982848cf736f,51.486528,0.120792,476471,1,flat,London,SW31 4DP,E,2024-10-22
b5b0fdae-14b4-458c-b247-4b0b6939f482,55.08484,-1.740202,192258,1,flat,Newcastle upon Tyne,NE14 1ER,B,2025-06-18
72185b25-d328-4c25-93e8-4df8b75f639e,52.070845,-0.742156,753965,5,flat,Milton Keynes,MK22 1RK,E,2025-02-13
b4431f78-ade3-4f6b-857c-4b743f4f87b7,50.801091,-0.076789,1207311,3,detached,Brighton,BN11 6NJ,E,2024-11-06
fc5644be-2036-40d4-b9d8-f9e8a923f9f0,51.546551,-3.133557,477926,3,semi-detached,Cardiff,CF4 3AS,D,2025-04-13
463e1842-404b-4f30-9b26-28721aa8fee1,53.979014,-0.904887,671146,2,detached,York,YO23 4PJ,E,2024-10-24
b6472e01-7662-4659-8fb9-44cc60154887,51.537453,-0.438891,812090,2,bungalow,London,NW16 8NR,C,2025-01-29
6007a812-9ea6-400b-a160-256d9f18ae67,51.362628,-2.578416,360720,1,bungalow,Bristol,BS14 6UR,F,2024-09-19
80416fb0-72ae-4898-aba0-f33be1268d41,53.691706,-1.836501,738316,4,semi-detached,Leeds,LS26 2FK,D,2024-10-28
e07248fe-c32f-4966-85ed-052f6578733b,51.921668,0.174833,676524,3,flat,London,E17 2HW,E,2025-04-14
f223732b-7e65-40ba-9b29-f1af957e6b0b,53.377478,-2.397221,460104,1,detached,Manchester,M15 8TZ,D,2025-03-28
e8039528-7c9e-4e40-814a-ae82948ebac9,51.955846,-0.682876,436579,3,flat,Milton Keynes,MK9 4XM,D,2024-11-06
e722f45a-5e58-4f5e-98bd-7856b7bc85c4,51.840137,-0.074531,611947,2,flat,London,EN6 8AR,D,2024-12-17
25b1cba8-cc72-413b-91bb-b1d77faa784b,52.393141,-1.821537,309914,3,flat,Birmingham,B10 4OL,F,2025-08-31
678f3b1b-8afb-4b1b-81ac-3a5d732fc0ee,53.579527,-2.149177,460829,2,detached,Manchester,M23 7XS,C,2025-04-23
534e8749-9b98-4140-b882-88e28d42b828,55.945637,-4.17839,305653,2,terraced,Glasgow,G34 8XM,D,2025-01-23
b2d840f0-439c-42f8-b147-77dffffc4c52,51.588573,-0.371061,932862,2,terraced,London,EC5 1AP,D,2025-08-02
b79259af-c784-4eb5-b984-a53226e640db,54.796028,-1.794445,259259,2,terraced,Newcastle upon Tyne,NE17 5FZ,C,2025-03-15
2964bcef-d059-4b60-a49c-febcbb55fe8a,52.899869,-1.199664,317761,2,terraced,Nottingham,NG13 7GO,F,2024-10-08
3372c768-4caf-454e-97c2-bc0c456f12c1,52.407288,-1.781988,220412,2,flat,Birmingham,B17 4YY,F,2025-02-11
77f1bfc8-2133-49de-a197-85818c14ba2d,51.685563,-1.342416,964662,5,flat,Oxford,OX28 8HU,B,2024-09-05
6319faca-0e02-440b-8155-3a596f080f3b,51.55851,-0.49118,847188,2,terraced,London,HA33 2YJ,D,2025-06-28
3a953d48-36a4-480f-a943-f1ff9451b4d6,53.317653,-1.606986,354777,2,flat,Sheffield,S33 7AU,E,2025-08-19
f5a5173c-3238-4a01-8727-8b87fb2ca9ca,53.112994,-1.104499,308110,2,semi-detached,Nottingham,NG32 2HM,C,2025-03-25
0ca91888-097b-42e8-b0de-b2a12cdeda02,53.466763,-2.746192,422880,4,terraced,Liverpool,L35 4RJ,C,2025-03-10
dedb88f7-b5ce-44b3-bde9-073b97f49902,51.50617,-2.7234,357215,2,flat,Bristol,BS7 5LE,E,2025-03-18
587348a6-afea-4a74-b019-05c1208c5f85,51.342481,-0.264531,1711217,5,detached,London,W29 0KM,E,2024-11-29
2e5f4ac9-2a91-4021-9fde-ce0564137e11,51.163613,-0.139769,1004764,3,terraced,London,N20 8NO,E,2024-12-31
18c51ee3-fe32-4ee0-ab94-7c13946f4171,52.370532,-1.858515,239083,1,semi-detached,Birmingham,B14 7OD,C,2025-05-14
197ac905-7535-4464-9e94-534b9617f406,51.790135,-1.268956,1492643,5,maisonette,Oxford,OX1 0XX,D,2025-01-28
23326080-79c9-417c-816d-eb7ea4123289,53.360339,-2.1797,295972,2,flat,Manchester,M30 5WL,E,2025-06-15
de688852-e77a-4cbc-a4be-90c0ee700be5,51.301169,-0.306002,708496,3,flat,London,WC4 6RM,F,2025-02-22
df055a24-1ab5-4b4c-93b3-ddf2c11d6d3e,52.999956,-1.101698,564041,5,flat,Nottingham,NG29 6JU,D,2025-07-01
89a5d25a-dfaf-4320-bdd6-b2570912199e,51.523367,-0.214991,792790,2,semi-detached,London,SM18 7YR,F,2025-07-03
1f0d8a4a-19f5-49c3-8976-544157958ac2,50.795693,-0.114479,1091261,6,terraced,Brighton,BN29 0EG,E,2025-05-02
8591e294-4b4d-4f79-8691-940f3359d967,53.485167,-2.297378,740986,4,detached,Manchester,M12 9SY,D,2024-12-18
2fcbeb3f-11c5-4acb-a446-8f2527120d1e,53.512163,-2.125845,396835,2,terraced,Manchester,M22 1UO,C,2025-03-04
d9407ce2-ee7b-465c-aa52-3719d40a9b66,51.483998,-3.28748,373349,1,detached,Cardiff,CF19 6BW,E,2025-06-03
784ef212-543c-4aa5-bcac-a4beb694471f,52.554248,-1.987055,640773,5,terraced,Birmingham,B31 8GE,E,2025-06-29
672733a6-c604-455f-92a9-d58e1783ccb9,51.402265,-2.505709,860788,3,detached,Bristol,BS17 3PH,D,2025-07-13
fac53c1e-9b58-4138-b8d9-f16d3bd9c80b,54.865696,-1.583406,1032019,5,detached,Newcastle upon Tyne,NE31 6BR,E,2025-02-25
a421fd02-869d-4a0a-b920-3f7e43200268,51.332518,-0.145347,639484,1,terraced,London,EN28 1RC,G,2025-06-15
886ec958-fd1d-4fee-b7d3-1cb405cf04aa,55.991313,-4.041579,310673,3,flat,Glasgow,G19 0AM,C,2024-12-07
a7b3310b-5438-4572-bfbb-5556d040a719,51.596464,0.36862,661744,1,detached,London,TW29 3PG,C,2025-06-02
408d0c67-e067-447b-9cb4-a3665db7e39c,53.412144,-2.141182,209547,2,terraced,Manchester,M14 3JL,D,2025-04-08
3edbb2e9-a01b-4131-a3ac-77b35ff98e90,52.492389,-1.863644,263145,2,flat,Birmingham,B14 0OY,A,2025-08-08
fdfc894f-d994-4f1c-ae8d-9fb880e5c355,53.561021,-2.026882,407983,3,semi-detached,Manchester,M1 8CY,C,2025-02-10
fba0dff2-3464-46ef-963c-5f18c1c0a578,51.064011,-0.362286,1061449,1,detached,London,EN10 8KB,F,2025-08-07
86bed818-c7db-4a4f-bc79-052ce5264d30,51.561262,-0.589353,572197,2,flat,London,EC8 0BF,E,2024-12-28
ed81c90e-b39d-4347-9452-4537450e73c3,51.853099,-0.369705,697926,2,flat,London,W14 4WW,C,2024-11-25
f0b2277d-f8c8-474a-bc49-7272d33bcb12,50.941499,-1.538877,500805,3,flat,Southampton,SO12 6NW,C,2025-09-02
e41077d8-6c1c-42e8-9416-171a447684d8,55.893218,-4.19203,196170,1,bungalow,Glasgow,G35 1ZO,C,2024-12-09
e70464dd-1450-4df4-8f37-a47ffd993416,51.33926,-0.567299,626784,2,terraced,London,SM34 2PH,D,2025-07-04
cf6fdceb-1ece-42a9-9420-bdf231d6f9d6,51.446995,0.004219,788614,3,terraced,London,UB33 0ZP,C,2025-01-13
4fe11eb6-7fc8-44d5-8a27-2b17fcf53277,52.636645,-1.770066,344807,2,terraced,Birmingham,B6 7YT,D,2024-10-09
1e0464b0-9901-4920-89e1-f3dadace029a,54.998745,-1.522397,244247,1,semi-detached,Newcastle upon Tyne,NE34 4UP,D,2025-06-08
dbc52e8f-44dd-416f-a2a0-ab51dca564f3,52.957211,-0.928008,369914,3,terraced,Nottingham,NG12 6HU,D,2024-10-12
8841335d-d9d4-42b6-a350-db3837c4da7b,51.452421,-2.221692,464074,3,flat,Bristol,BS10 5BH,C,2025-07-27
8976a9d9-2579-4084-bced-c56b4ec65a08,54.0038,-0.958746,958938,3,detached,York,YO31 3OA,E,2025-01-04
39f68e92-f8da-4795-a95f-0a9836658158,51.392376,-3.34501,383630,1,terraced,Cardiff,CF17 8CN,C,2025-07-18
3fad8a18-b901-4937-afea-8e0c2cdee203,55.98343,-3.305378,301968,2,flat,Edinburgh,EH15 3RK,C,2025-01-22
e015d2fa-d3b0-4fa8-81c2-9ae7fcfec3f6,56.014693,-3.094274,292796,2,flat,Edinburgh,EH4 4GC,D,2025-05-03
effcac78-230f-4293-9456-0bf381a67f8d,52.042771,-0.786033,788187,2,detached,Milton Keynes,MK29 5GM,E,2024-10-09
1c6bc608-27ac-4dd8-9262-a06d269fd27a,53.937845,-1.059745,833842,6,flat,York,YO18 9CH,D,2025-03-09
7611682e-cc4a-4571-aa84-73df9ef42dc3,52.516361,-2.039135,178045,1,flat,Birmingham,B34 2OL,D,2024-11-14
5a0cc433-5bd2-4c7e-9742-6a4d5b884edd,52.110614,-0.779025,430248,2,flat,Milton Keynes,MK3 1OD,G,2024-12-28
0fbbdcc6-0fd1-4426-b039-f5af1d4e7177,52.988401,-1.192267,338235,1,detached,Nottingham,NG11 8GU,D,2025-04-24
39b85760-09fd-4a61-a66f-e9f286cc060e,56.00989,-3.009096,400899,2,flat,Edinburgh,EH34 5KL,F,2024-09-20
b5f0c9f0-f249-4202-826b-666534a8f72b,51.54043,-3.224739,274920,2,semi-detached,Cardiff,CF24 9RX,F,2024-11-30
f494078a-8c41-4ca6-a9d1-575d95684a86,53.530287,-2.067275,538773,3,terraced,Manchester,M27 9EF,C,2025-01-19
d8ac7f1a-9706-43f1-915d-5afeec1c7ecc,50.948286,-1.478079,381712,1,detached,Southampton,SO26 8LY,E,2024-10-27
ade6fca0-2161-462b-a0fb-45033b5c14a6,51.420845,-0.928087,376976,2,flat,Reading,RG20 6CZ,F,2025-01-29
37399023-fc1b-44a4-98a0-04f618d0b06e,51.352486,-2.635808,305530,2,flat,Bristol,BS9 3ZL,E,2024-09-11
227092c2-bee7-4bd7-bb2e-3cc66ac3e100,53.407762,-1.543198,255134,2,flat,Sheffield,S18 5XY,F,2025-01-15
680f34e4-2af1-4a93-916c-11f9ccb636c5,52.104571,0.127655,447166,1,terraced,Cambridge,CB9 8MU,E,2024-11-25
9cacd4fc-751c-41b9-a4f2-897667f68d4c,52.28407,-1.918388,193693,1,flat,Birmingham,B26 9ZU,E,2025-01-09
e499e61f-a1ff-46d2-acc3-0eaec48289ac,51.660661,0.343887,457607,1,flat,London,W25 2AN,F,2025-08-14
bf95cd88-9cbb-442e-ac80-98226517c01e,53.361923,-2.386525,780197,3,detached,Manchester,M27 9EU,D,2025-06-23
8497e601-5e5d-4240-83c6-9df2224e0dc4,50.90005,-1.450721,227222,1,flat,Southampton,SO34 5ES,F,2024-12-18
8404cd18-96c8-401f-bcf9-1afdcd9ad98b,51.312564,-0.202425,853213,2,semi-detached,London,NW10 5NY,D,2025-07-28
e5930beb-3c68-4e02-a057-367a785620ef,52.412458,-1.764541,188299,1,flat,Birmingham,B4 7CE,D,2024-09-05
7518ad2d-cd2d-4da0-9613-192a43957fdd,51.360933,-0.139693,835816,3,semi-detached,London,KT1 2PZ,E,2025-07-03
1db73a60-942e-44e9-9c98-897c7a2afef1,51.577651,-0.527761,623341,2,flat,London,HA15 4JD,E,2025-05-08
72a232ca-7d79-487a-94cb-fcf068076c4e,51.736231,-0.172089,770386,3,flat,London,CR18 3WJ,C,2025-01-05
6024a78e-c5e4-4c0c-b5c8-d5393a55e859,51.489534,-0.998579,1006444,3,detached,Reading,RG15 7PA,F,2025-08-15
bda60797-5bc3-46a8-bb52-2ecaef5d5658,55.894597,-4.097459,303268,2,flat,Glasgow,G33 8RH,D,2024-09-14
491530db-0fb6-4580-aaa4-59c1d53fe4b7,51.51824,-3.133076,239170,2,flat,Cardiff,CF26 5HN,E,2025-05-14
a06b8fb5-bacc-4b74-a16b-8aeda574ec17,53.655135,-2.368315,366603,1,detached,Manchester,M6 7ZX,F,2025-07-29
288d3180-d1c0-41f4-814c-af93d0b74525,52.433825,-2.023908,376446,2,terraced,Birmingham,B10 1HG,E,2025-06-17
d4b80d51-b469-4470-8da1-04969c16c738,53.157,-1.44371,182513,1,flat,Sheffield,S26 1FD,C,2025-01-20
6224893f-c1de-4cf1-b798-5612dd5baa45,54.75279,-6.117585,318525,2,semi-detached,Belfast,BT2 7TY,E,2024-12-05
5757ed30-a658-4c24-9780-c470e91e5184,51.477985,-3.103924,301755,1,semi-detached,Cardiff,CF20 9NF,D,2025-06-05
36a8df89-4f88-40cf-bbc7-64b7405d897f,52.037888,-0.789164,369583,2,terraced,Milton Keynes,MK25 9MD,G,2024-12-03
b7026113-5016-4ab9-8157-889ea3917df3,55.995034,-3.278881,415740,1,terraced,Edinburgh,EH24 0YZ,D,2025-02-25
3aea2700-f316-4fb7-b76b-e3f57cdb6adf,51.356721,-0.968336,215689,1,flat,Reading,RG22 7JS,B,2025-02-01
2184e5a3-6a35-443e-aa86-04acf2488354,52.856845,-1.171111,246412,2,flat,Nottingham,NG27 4UG,B,2025-06-24
b51687c8-c9cb-4627-ad11-6ddc4e93f8bf,53.469057,-2.761152,341857,3,flat,Liverpool,L31 1BE,C,2024-09-20
9a6fb08c-ea1b-4ad3-bc81-de0c9ca56454,52.989901,-1.122699,387884,3,semi-detached,Nottingham,NG31 8TC,E,2025-04-30
de578762-72c2-470a-93b0-c58dfbd6dc98,50.924231,-1.404025,498660,4,flat,Southampton,SO12 9KH,E,2025-05-07
dd58f8a6-3b0f-4f8d-9423-9a2fbc66ce99,53.875433,-1.363219,253343,1,semi-detached,Leeds,LS24 0LF,E,2025-06-12
f7878cbb-1970-4c55-a25e-e52c04e3e39e,53.374662,-2.380469,345932,2,flat,Manchester,M17 2HU,C,2024-09-20
3e98168b-8b09-4825-b806-5c29c1f17468,51.597049,-0.582872,483329,2,flat,London,E7 6NT,A,2025-07-12
95259f63-f31a-47e2-b5e7-5725f780d35f,52.171499,0.401156,544379,1,semi-detached,Cambridge,CB28 9TX,E,2024-09-30
fb5010d0-513d-411c-ba52-5f6d5ef3d602,51.43432,-3.264978,467834,1,detached,Cardiff,CF26 7FU,E,2025-02-04
eabe3285-604e-4d7b-8c2d-d0cd26f15e9a,53.822638,-1.635296,371813,2,bungalow,Leeds,LS12 7EG,A,2025-07-02
3aa6bd4e-9146-43b4-bfa8-0cddaeff6659,50.9442,-1.380898,554685,2,detached,Southampton,SO21 5MK,F,2025-02-14
69b6787c-0420-4350-9dca-42a3f2a9a03e,53.493601,-3.092825,337180,3,semi-detached,Liverpool,L3 5RR,C,2025-01-30
c2b4cb46-9006-4150-b8fd-149072f1e35b,53.447188,-2.503096,478330,3,flat,Manchester,M28 2CM,D,2025-06-23
54dd73f9-a83d-480a-bc94-a153d4e57885,51.5466,-0.246721,728800,1,terraced,London,SM5 8LZ,E,2025-04-01
012214bb-43d3-47cf-939c-93a0ea08ce8b,51.693516,0.036859,848177,2,terraced,London,W6 5MG,C,2024-12-14
bde6a2ff-3213-4c1f-89f5-4c516f6bc014,51.520955,-2.459089,585494,2,detached,Bristol,BS20 3LU,C,2025-06-09
958e46e1-ec2c-40a0-9691-d228e0bd8198,53.451927,-2.078869,205807,1,flat,Manchester,M21 8RH,C,2025-01-21
db6c2ff4-01ba-4b38-bfad-f8fb7414c327,51.532583,0.18959,427694,1,flat,London,N12 2SU,D,2025-08-10
6529a398-b97a-4326-81a8-a7ed3171219e,54.515093,-5.990971,304367,3,flat,Belfast,BT32 6WE,E,2025-07-27
bacecda6-4273-4ac4-8c47-ff4c1c65938b,51.823464,-1.338193,590813,2,flat,Oxford,OX35 3JP,D,2025-01-09
ec5442a8-fa56-4a5f-87b1-74dcfe5a5a3c,53.90421,-1.126482,285253,1,flat,York,YO17 9JZ,D,2025-02-26
b14a7c7d-f99c-4ef6-9511-e737b645f299,51.48992,-2.664155,411587,2,flat,Bristol,BS26 8LJ,C,2025-02-17
e0e97e25-1df8-482d-9e3b-dd1d8507acb4,53.741725,-1.439181,348749,2,terraced,Leeds,LS19 5HP,E,2025-06-29
0eaf458b-f6d7-4f4f-9e58-3372e586a51c,51.558093,-0.406434,717419,2,terraced,London,EN9 5JA,C,2025-07-08
c9ca61c2-1a1d-4612-b5df-e191d729ba0f,53.969771,-1.102743,629785,2,detached,York,YO14 5NR,F,2024-09-16
5133cfc6-089f-4cc1-b236-e7d4124325c3,51.593196,-0.417144,767258,3,flat,London,SE19 0ZH,C,2025-01-14
0dd4444c-0262-4aa7-be68-2f6f60613f1d,52.468339,-1.768507,278195,2,bungalow,Birmingham,B17 1XU,D,2025-07-22
2e226147-874c-4004-a953-d29c4f688626,51.636694,-0.21649,545301,2,flat,London,SE20 7ME,G,2025-07-03
d2a86cb0-5bb5-43c4-9c80-cae7a7c65ec1,53.7784,-1.543516,333288,3,flat,Leeds,LS8 3JX,D,2025-07-03
f60554e2-9777-40f2-9f68-9fd24d6ea4c5,52.61888,-1.61796,540237,3,detached,Birmingham,B12 2OH,B,2025-05-10
a79778e6-f549-411c-ba27-bbd9de34b594,52.450978,-1.843471,238455,2,flat,Birmingham,B26 0SG,F,2025-07-22
d4d822e0-f398-478a-9690-845ce21f1b52,55.822818,-3.982,534670,2,detached,Glasgow,G13 8LT,F,2024-12-14
e789120c-5674-43f6-a1d1-0314114ac130,51.367151,0.105535,600981,2,flat,London,CR13 8LM,E,2024-11-03
4c8373d5-9e1f-4bb4-8e11-ced9f88858c8,53.570419,-2.31076,363937,4,terraced,Manchester,M12 5KS,D,2024-10-29
002c38a2-3adf-4715-8a58-4bd595dd60b5,51.458966,-2.518143,480779,3,flat,Bristol,BS4 2CL,F,2025-08-30
9d154ca8-bf74-437f-b006-a51d2244f1e0,53.705364,-1.538726,309959,2,semi-detached,Leeds,LS31 1FC,E,2025-01-24
95239959-0434-4648-b319-a9a0b2fc8b58,51.328853,-2.992545,232478,1,flat,Cardiff,CF21 4ZY,F,2025-02-25
715bb353-2345-4fb0-9a24-b45cfb89df60,53.462036,-3.076522,367213,3,terraced,Liverpool,L25 5TO,C,2024-11-30
22134131-1f2b-4773-91c6-1870b5b50f33,52.462002,-2.136909,301144,2,semi-detached,Birmingham,B8 6NZ,D,2025-05-23
dbc72998-f19d-4646-b505-42707eebc451,53.432146,-2.793663,384972,3,semi-detached,Liverpool,L34 8WC,E,2025-07-03
6be261d2-698b-4f6c-a725-a0ee9227aec2,52.946954,-0.952597,263493,2,flat,Nottingham,NG10 4DP,F,2025-05-03
49b498fd-0932-425d-aeb8-d81e14a9b19c,51.966515,-0.597282,607792,3,flat,Milton Keynes,MK17 8JN,D,2024-12-09
6988211e-1189-4921-a9d7-91503e6b4a63,51.551546,-0.093675,1675120,3,bungalow,London,EC21 3TU,D,2024-09-22
e8592c70-ca74-48c3-9629-dc36ab95b2fa,55.923664,-3.034441,445159,2,terraced,Edinburgh,EH33 1GP,D,2024-12-06
13a6ecd8-61ff-4b6b-b009-fafb4249d333,51.359848,-0.048769,1204914,4,terraced,London,NW27 2WM,B,2024-11-03
b3c684da-1e07-4c95-be75-2b4e4f642164,51.706253,0.098237,695915,2,flat,London,HA10 4GH,F,2024-12-04
32f39de2-c7e3-40f0-87aa-690572c3a076,53.38999,-3.131025,329434,3,flat,Liverpool,L5 4AM,C,2024-09-13
63e77be3-7915-4b97-a63e-8a96ac1d9ee9,51.36233,0.240961,969772,3,terraced,London,KT2 3YT,D,2025-04-07
2808b1ed-c443-4c50-a4d2-662604d3f8ab,55.885786,-4.250802,465169,2,detached,Glasgow,G13 6FX,B,2025-08-19
e3b74c94-e01f-4c12-b366-f38ca2e9ef60,51.135106,0.161485,1072707,2,detached,London,BR24 6RB,A,2025-01-31
cf5d12e0-aea4-418b-825c-f44b8756bbd4,51.629039,-0.056383,1165299,2,detached,London,EC21 2PN,E,2025-02-12
76a9f431-18b5-452a-8ee6-e23c0a56d5f2,53.937523,-0.974053,635057,5,flat,York,YO34 6XU,E,2025-04-01
f241f2b8-b8b8-4178-b04a-db796a7964cf,55.058622,-1.533161,553340,4,detached,Newcastle upon Tyne,NE24 4LO,E,2025-04-01
505dfe16-ba61-4381-8e82-879086f50e70,53.956779,-1.138407,446505,4,flat,York,YO31 0EW,B,2025-06-07
6523b21c-1543-4096-b9d7-ac40cf80d804,55.020831,-1.492635,289519,2,terraced,Newcastle upon Tyne,NE9 5YG,F,2024-11-12
ab8a073e-ae1b-4dd0-a91d-efa756518d81,54.616658,-6.040452,232535,2,flat,Belfast,BT3 5RE,F,2025-06-15
5b82a37b-56ac-4b88-98af-d2f52ce66c38,53.371612,-2.315096,498787,3,semi-detached,Manchester,M8 7YE,D,2024-12-13
1b95120d-ffd2-40cd-828a-e7788348eef2,51.503468,-0.189941,1140024,3,semi-detached,London,SM6 1MW,C,2024-11-22
ecce7f4f-191a-45fd-9100-f9f0c2c2902f,51.375761,-2.617231,505309,2,terraced,Bristol,BS11 1YR,D,2025-02-01
6eca0a77-5887-4ba6-aa10-2ac77bcfb9a3,51.516743,-0.367589,1074871,4,bungalow,London,IG21 3UG,D,2025-01-19
cbda6102-0fb2-4e07-98c7-8bb19b55714d,51.846038,-0.119587,690420,3,flat,London,EN8 5AX,F,2025-01-04
eff7e2b3-080f-4c77-933d-9a5cb82ffa84,55.931582,-3.285545,381677,2,flat,Edinburgh,EH14 8AA,E,2024-11-08
2cc95ed2-3f4b-40fe-b27a-35496fe5b883,51.380325,0.007844,599498,2,flat,London,HA18 9HA,D,2025-05-30
cdc7a477-0758-4270-81ab-2fc4b8f4fdea,51.493525,0.312363,904336,3,semi-detached,London,EN14 4ER,E,2025-08-09
2c51f038-299b-4b28-bff0-98e523f2c88b,53.415444,-2.236446,233475,2,terraced,Manchester,M8 7GP,D,2024-12-22
c24a0c5f-448f-4b6d-8d93-e885b29d1592,54.668632,-5.888408,199327,2,flat,Belfast,BT35 8LG,C,2024-09-09
a6ffe8ff-95e0-4f7d-94ec-d90600965aaa,52.597939,-1.745904,189738,2,flat,Birmingham,B2 8MS,A,2025-06-04
4cae22ca-ab57-48ab-b418-546e79eb3768,53.496315,-2.136722,423243,2,semi-detached,Manchester,M16 2SE,C,2025-04-07
56459c8d-880b-474c-ae97-f63245fbb34b,50.818919,-0.105775,1143727,5,detached,Brighton,BN20 9PH,E,2025-03-08
b26f209d-3f28-428d-bc31-c30134c71e09,53.342426,-2.170137,577637,6,maisonette,Manchester,M20 4YJ,D,2025-04-17
844c8b56-393d-4843-91af-2fe36afa1171,55.94473,-3.342986,513588,3,flat,Edinburgh,EH35 2UR,E,2024-10-03
0b39b8ea-19ae-46dc-bb61-6da47fe988b9,53.544867,-2.28357,536242,3,detached,Manchester,M27 4SY,B,2025-03-09
b9ce1c9f-dee3-4e3f-9f14-475368b26c3d,51.419185,-0.270638,453388,1,flat,London,W20 8HS,D,2024-11-18
2e9081cd-f17c-49bd-87b7-1e00fa9d48e0,51.706318,0.341246,878695,3,terraced,London,IG28 2CG,G,2024-09-18
bac14141-3859-44f2-9ee0-78b27a898d64,55.75281,-4.45574,259079,1,semi-detached,Glasgow,G33 9DC,E,2024-10-18
645fcbad-d099-4701-8696-22e82c3984a2,53.961139,-1.063375,261111,2,flat,York,YO32 4PF,F,2024-09-24
f7a461ac-3e5c-4a5d-a8e8-9788f460047e,55.781016,-4.405591,383536,3,semi-detached,Glasgow,G34 3CN,E,2025-01-01
cc6756df-1229-4eab-980d-9f7e91e535e2,51.425175,-2.519214,444185,3,flat,Bristol,BS12 3JD,C,2024-11-12
6cc36339-3e88-4e80-b7f3-52ccdf172e2f,51.77655,0.074359,500105,1,flat,London,EN21 1WE,A,2025-01-20
36c84c94-5a02-46e2-8707-e2b9210bc51f,51.674801,-0.264221,874098,3,semi-detached,London,SW19 2AB,C,2025-02-26
bbef1dc9-4d68-4b3e-96cb-7e185dea9be2,54.979781,-1.615447,840184,3,detached,Newcastle upon Tyne,NE22 4PA,D,2025-02-18
aaf5a42e-7de4-4e61-8c55-d97e662cebf9,52.344515,-1.811953,328151,2,flat,Birmingham,B16 1FF,B,2024-10-05
414e5395-768f-4f59-b87b-d1ece44f3cd2,51.387755,-1.000041,631348,1,detached,Reading,RG3 9FN,D,2025-05-18
24fb7ece-a72d-472d-aea8-77cd331b2b0f,51.512728,-1.01877,290369,1,flat,Reading,RG3 5FD,F,2024-10-25
e6a4474d-3130-45f6-a909-f7e1240c2555,53.392632,-3.134464,644496,3,detached,Liverpool,L15 8DX,A,2025-04-16
89c8e8da-1e6a-4f54-b7b9-f3cf95023a5b,52.956273,-1.094184,192805,1,flat,Nottingham,NG27 4RN,D,2025-06-27
50647e94-242e-41ac-9e17-173f1eebf3c8,51.517577,-2.604812,593600,2,detached,Bristol,BS12 5SG,B,2024-10-29
6a405984-a8a6-4980-9841-f8ef680a6dac,51.40309,-3.245222,429954,1,detached,Cardiff,CF26 3OD,E,2025-03-22
485a4f28-8fef-4633-869e-cc03040d3c65,52.362216,-1.781316,558650,6,flat,Birmingham,B22 0KX,C,2025-02-02
f4ef355e-da36-4172-95c9-71776f77c23c,52.38254,-1.953808,235967,2,flat,Birmingham,B25 9CG,D,2024-12-11
f3b0fb03-163c-4aad-94c2-e50e49a140e7,51.524502,0.104297,627892,1,terraced,London,SW19 9YJ,D,2025-06-15
59677916-c52b-4b99-9b73-22c716f673ac,51.865707,0.019434,687682,2,semi-detached,London,SW12 5SP,G,2025-07-12
70a8cc86-8fad-4ce5-8c22-928898df3daa,53.391241,-3.079513,230114,3,flat,Liverpool,L12 1CO,F,2025-06-07
6092f970-c4ba-4ddc-871b-85e9e88bcc18,53.331378,-2.993968,563844,6,maisonette,Liverpool,L30 6AR,D,2025-01-14
f659d27b-5726-47ae-96d0-103761e7bbcf,51.242416,0.199085,634310,1,terraced,London,WC19 9TG,D,2024-10-17
5ea1792f-f87c-40fa-9a26-8888aa503ea8,52.462801,-2.044984,524143,2,detached,Birmingham,B13 0EH,E,2025-01-12
964b43e8-56c9-4406-b277-881a30f53289,55.941352,-3.245423,572157,2,terraced,Edinburgh,EH25 3HY,G,2024-11-16
cbf4b179-e7bd-41cf-937e-3bb63b33c793,52.281052,0.040648,822144,2,detached,Cambridge,CB2 9SJ,C,2025-05-16
29bed060-0351-4ba1-a7aa-05d036d28929,53.731024,-1.369773,406483,2,bungalow,Leeds,LS14 3KJ,B,2024-09-04
e6ba75d8-a963-48bc-984e-634d73d788ac,53.714671,-1.439642,169696,2,flat,Leeds,LS23 2ZG,E,2025-07-26
5151d3c8-fa6f-4615-a192-fbf23ad93953,51.765136,-0.364431,621796,3,flat,London,EC19 9AK,E,2025-01-05
fbd1bf26-74b2-4086-9bf4-f655261f03bf,53.409823,-2.273546,291914,2,flat,Manchester,M28 0OF,E,2025-07-02
e3cf47fb-8cd1-4a24-86c8-09e3b1fca86a,51.676439,-0.121917,782555,3,flat,London,CR26 0PP,D,2024-10-12
243b4558-21b2-41ca-b803-2af66d00a54c,55.747695,-4.375043,604673,3,bungalow,Glasgow,G20 6NT,E,2025-04-25
76bd5ae9-9715-45bf-be65-746947dc8b2f,54.679542,-5.921327,409014,2,terraced,Belfast,BT23 0GC,E,2025-08-21
20b120a5-bf9d-4bbe-b80e-767ea7a5b1d4,51.498067,-0.220163,776106,2,semi-detached,London,IG25 7FP,F,2025-07-24
213a75f9-d884-4fc5-85d6-92630c8cc17e,51.814096,-0.510166,509454,2,flat,London,DA6 9RW,D,2025-03-06
20a22a4b-e36a-4595-95cc-17399095d3cd,51.381153,-2.420766,517112,3,semi-detached,Bristol,BS28 7DJ,E,2025-01-07
dbd6db67-452f-429a-8732-b7e64d5dd806,51.610481,-0.473787,474484,1,bungalow,London,E13 5OZ,E,2024-09-23
b25f2e7c-3767-489b-83b6-26f24868f3a3,51.448378,-0.6227,724689,2,semi-detached,London,UB32 7NG,E,2025-02-10
f4f8b4cd-925f-42e4-ab63-f353c8e0fcce,51.468147,-1.184554,661528,2,detached,Reading,RG6 4DB,B,2025-07-04
83034142-13ae-4b77-aed3-b70ab30f765b,53.447169,-2.20735,360924,3,terraced,Manchester,M16 5TT,F,2025-06-04
74b2f066-7d4d-4e25-a118-ff359eb851f0,51.479114,-3.210278,469320,3,flat,Cardiff,CF24 2EU,D,2025-03-05
615972fb-7832-4005-aad8-fe7a8e68ae8a,53.576899,-2.316733,393639,2,terraced,Manchester,M20 1WK,E,2025-05-16
7408140c-6a54-4514-af3e-de9cd32b52b4,52.497199,-2.069452,374218,3,flat,Birmingham,B8 5LP,D,2024-12-11
d26902a1-83e7-41d3-af34-437ff052be49,51.502753,0.005671,1139749,3,terraced,London,E10 5ZU,E,2025-06-11
a7032d1d-7882-4c01-b974-11e98ca1752a,53.55852,-1.477779,589963,4,terraced,Sheffield,S17 6KA,C,2025-08-17
fc0fab25-9f12-4902-996c-be75681b86e8,52.174039,0.182996,477687,1,flat,Cambridge,CB7 7CJ,C,2024-09-10
fd192d94-1a66-4638-ad27-06dfc9ff9f00,55.048581,-1.65854,430075,4,semi-detached,Newcastle upon Tyne,NE10 3OA,D,2025-07-09
37435cf7-2554-4798-a878-c6a73f1b793d,51.523899,-2.530908,634632,2,semi-detached,Bristol,BS8 5XE,F,2025-03-23
a5664ad7-bb38-4b68-b630-46b2654793a8,51.483706,-2.825067,427063,2,terraced,Bristol,BS7 2PX,D,2024-10-16
6d235cd0-fa6c-4f6b-b792-d595741b5158,53.200615,-1.535425,407368,3,flat,Sheffield,S4 7NH,D,2025-07-02
d7fa0433-246a-44a0-9fb3-5912015fba7f,51.470159,-0.001697,1119325,3,detached,London,EN13 8DP,D,2025-06-30
bc1a6592-cc9f-4af7-a8c0-36d5963175d7,52.48786,-1.873002,385352,2,terraced,Birmingham,B8 5UU,D,2025-09-02
5593a9b9-1e14-4ebe-8c7a-3ce74aa734c4,51.655955,-0.314391,1136032,2,detached,London,UB16 1JS,D,2025-02-28
24587008-971a-4378-82d6-151f309103db,51.673839,-3.023934,285307,3,flat,Cardiff,CF16 3XZ,E,2025-08-08
34b00923-905f-4c59-a629-b33e2ec0f11b,53.480279,-3.035152,251554,2,semi-detached,Liverpool,L12 9XD,D,2025-07-09
4f376821-e3e2-4855-b86e-9ca98ca454b3,51.76764,-1.309224,663506,2,flat,Oxford,OX28 8DL,C,2025-08-26
16197720-bd0e-43b9-9a81-e35dfb45f26a,52.287085,-1.679103,245670,1,terraced,Birmingham,B1 9BB,E,2024-09-19
3f53cf23-8e11-43b6-aa17-4e8248beab34,52.314434,-1.720584,294378,2,flat,Birmingham,B32 9EP,F,2025-02-03
cc652946-516a-4f3e-8c78-ffc7eae6a76c,51.604242,0.307991,388946,1,flat,London,BR2 3WN,D,2025-01-28
53615bf5-3090-4249-bb98-28454962b691,51.350064,0.052472,507568,1,flat,London,SE24 4GW,F,2025-01-10
08e0b739-b2de-4ad2-8add-5774642f0f25,53.458185,-3.089491,544309,6,terraced,Liverpool,L8 2SF,E,2024-12-31
9f5ab324-a5f4-442f-bd8b-f77fa1221104,55.13062,-1.67797,466028,4,terraced,Newcastle upon Tyne,NE5 7AS,A,2025-07-18
4296fc39-32fb-40a1-bf9d-f772661d38de,51.394835,0.062814,603091,2,flat,London,SE32 3BG,C,2025-07-17
1c69737c-d463-490f-8a54-c7becee05e1d,54.945136,-1.6218,316169,2,maisonette,Newcastle upon Tyne,NE4 4GS,C,2025-06-10
6f2b6dbb-f8f6-424d-8302-0d33e3a8c363,56.0645,-3.93357,386094,4,flat,Glasgow,G15 5HD,E,2024-12-02
ee460d9d-68a5-4ad5-af7e-54830c376b21,51.769211,0.396786,376628,1,flat,London,SE16 0LT,C,2024-10-22
56213765-f5fc-40c4-87b6-f719cd536425,51.455774,-1.058015,521226,3,flat,Reading,RG18 5LJ,G,2024-12-08
3fb5243b-e89f-4484-95ea-9ae711e31f92,53.339921,-2.902498,361674,3,flat,Liverpool,L11 5YJ,D,2025-07-10
0db3d64e-2c2e-44a0-a4fc-bf216d556cc5,51.384151,0.099185,805429,3,terraced,London,UB10 8SU,C,2025-08-11
d18f8b27-093c-4e95-8fe1-e3a73bf8d201,54.685947,-5.824745,358396,2,detached,Belfast,BT1 2JA,E,2024-10-22
fe15d327-1059-473f-8662-1199a6a551b2,51.556058,-3.065234,239470,1,semi-detached,Cardiff,CF33 6LX,C,2024-10-01
d545cbe2-12ac-4bd3-bc9d-ba048dcf98b0,50.805421,-0.205663,455587,1,terraced,Brighton,BN31 0JA,B,2025-08-04
94a5f153-f3ce-4e5a-aee0-c3754f04cd52,53.332781,-1.312683,269394,1,semi-detached,Sheffield,S1 1YA,C,2024-11-23
fb3b92c4-3fb5-4ea4-aca6-89dadf32f871,55.923207,-3.290008,505544,3,flat,Edinburgh,EH24 4CK,C,2025-03-03
bbbd8f5c-3ca7-4a7a-b071-7073b4dd3570,54.696851,-6.032065,490598,3,flat,Belfast,BT8 9FD,F,2024-12-12
4cbf081a-401c-4964-aaf9-6d4e2966571d,53.400593,-1.475991,297292,3,flat,Sheffield,S25 0JW,C,2024-12-10
a1bb92ac-fc8b-46d3-b619-cf9ab31e3749,54.604596,-5.849626,197303,2,semi-detached,Belfast,BT25 8DJ,C,2025-01-06
569f19f1-90b8-4c77-9986-120683949c1f,51.435533,-0.038929,467221,1,terraced,London,N16 9BO,F,2024-10-05
fb8b3ff7-9872-4c87-96bc-39ffc59119db,53.916179,-1.178559,224998,1,flat,York,YO24 1AT,E,2025-05-30
89eb1e75-fde4-4388-8781-dc7b7482bb53,51.036536,-0.280335,891832,2,terraced,London,WC25 1ST,C,2025-05-05
f8384d8b-0c27-4319-927d-7e36779e1771,53.493706,-2.038265,158192,1,flat,Manchester,M35 0XA,E,2024-12-12
4af0c708-e77c-4b50-b50e-69aafa802ea9,55.967365,-3.198572,510260,2,detached,Edinburgh,EH2 4ZH,F,2024-11-15
8ca1bae0-6e2f-40b3-bed5-44ea80fbe78f,51.289381,-0.034775,1171418,4,terraced,London,KT18 5KU,E,2025-03-23
9f84f979-709a-43ce-8fe5-0613b1ac09ac,54.029046,-1.09324,351706,2,maisonette,York,YO16 8UY,E,2025-02-20
7e98c22e-b8f2-457d-9960-2591d4b5f119,54.618851,-5.893988,533401,3,detached,Belfast,BT34 1MM,E,2025-02-20
d014983c-b360-4d12-a444-307f02dde4c3,55.985951,-3.041773,456701,2,semi-detached,Edinburgh,EH6 6EF,C,2024-12-08
d2bf3227-6031-43f6-aa41-84a84461aa44,51.52378,-0.172844,525140,1,semi-detached,London,WC1 7DK,F,2025-08-02
6df876ae-7a73-4145-a4ce-6fa1e9616047,55.82573,-4.00892,219472,2,flat,Glasgow,G14 8DA,B,2025-01-08
9382caa2-e78c-4196-af8e-971b55d70a35,53.851529,-1.557522,499138,3,detached,Leeds,LS11 9WX,E,2025-07-09
74c9cea3-449e-467a-8dd4-9770e2fc62d4,51.441636,-2.391914,496067,2,terraced,Bristol,BS35 7NE,F,2025-05-26
f01f449d-2502-4511-a5e7-4215f8a4e6b9,51.476081,-0.138869,720914,2,terraced,London,BR7 7DG,E,2024-09-07
00a56b8c-954b-4553-95dd-9d869cc64952,51.561526,-2.65634,243972,1,flat,Bristol,BS5 0BM,D,2025-08-05
784acbe6-b612-4e36-870d-286159814376,53.993617,-1.554701,422885,3,terraced,Leeds,LS3 9JS,D,2024-12-02
827f5c70-a741-4261-8701-9adc6399d8ce,51.461067,-0.063661,920861,4,flat,London,N35 2BJ,D,2025-06-12
bc97a111-190c-409e-be7e-4d1a742c6eab,53.596123,-2.994867,253166,1,semi-detached,Liverpool,L31 9GJ,G,2025-05-05
b7d8b65b-89b2-43bc-847f-c7eccb928c5d,51.69702,-1.147087,1072836,2,detached,Oxford,OX30 2TK,F,2025-06-03
98243b7e-5b20-48f7-8cb2-35eae079ba58,55.787269,-4.29143,596379,2,detached,Glasgow,G1 2XE,D,2024-12-05
df5a35cd-f113-4ef8-acc9-a5b2896f3481,51.512443,-0.257235,737824,2,semi-detached,London,DA11 3WK,D,2025-01-12
8b9d715d-e2a2-45b7-9f43-1cf35c40837e,53.52532,-1.428548,383145,3,flat,Sheffield,S11 2ZK,C,2024-09-22
f0afab57-d7f0-4f06-8128-8063e4204c38,53.268022,-2.297759,413862,2,bungalow,Manchester,M33 2EH,E,2024-09-29
6afac269-8c52-4dc1-8f53-e7bdf0fc5c45,52.488872,-1.899815,364749,4,flat,Birmingham,B24 2BP,E,2025-07-04
e0401f94-ca7b-46ec-b8ae-97fe356baf4d,54.958725,-1.524359,194696,2,flat,Newcastle upon Tyne,NE25 4OZ,E,2024-10-31
0189c938-604c-4285-ae52-d9f00fe489b4,51.717445,0.560145,649604,2,terraced,London,IG24 0XZ,C,2025-08-15
104093d2-706b-4d6f-9934-a038640835b7,53.617399,-1.599569,237002,3,flat,Leeds,LS28 9RW,F,2024-12-02
b44b6b3a-1a69-4713-9fee-3a6dcf1fb512,52.752577,-1.862569,337751,3,flat,Birmingham,B24 3YK,F,2025-07-30
da6aee0a-5826-4cb4-a0df-a1c0835e1b2f,51.686957,-0.48186,768123,3,terraced,London,SM19 3PF,E,2024-12-19
1977125f-6754-4b24-8d10-036159f31e85,53.507957,-2.122784,465120,2,detached,Manchester,M15 7AU,C,2024-10-23
ad4d4ccc-ea01-4730-a540-76f41785b362,51.680428,-0.55648,726609,2,terraced,London,KT10 7OH,C,2025-01-19
6d608502-9457-4ab6-af0f-ceaaaa66df2c,52.942809,-1.222659,329723,3,semi-detached,Nottingham,NG23 5XC,A,2025-08-13
d8d821cf-1c67-4634-b18c-2968ff900a66,52.141659,-0.028279,608574,3,flat,Cambridge,CB30 8UM,C,2025-03-05
87643508-a642-4241-b7ac-19f3fefa9a0d,51.422164,-3.395004,277558,1,terraced,Cardiff,CF4 7XD,D,2025-08-29
25148987-f476-4a03-8691-8909097bba44,51.896137,-0.673835,919797,2,terraced,London,HA28 1CY,E,2024-11-08
10c10af8-85be-4c0e-bab7-5b903f0c93d9,53.440631,-1.362754,546879,4,bungalow,Sheffield,S2 0PP,C,2024-09-14
cb65b9ee-f1dd-4ca3-9c53-224e65ce97ad,53.865258,-1.852022,468075,3,bungalow,Leeds,LS5 4JB,G,2025-03-08
4db9f780-fa0a-4280-9055-1302a836cf3a,51.805749,-0.127689,884777,3,terraced,London,N13 4DE,D,2025-04-28
ccef2614-29af-47d1-bb9c-daf6327e0c41,53.913846,-1.18763,682095,4,flat,York,YO18 9UZ,F,2025-07-14
992e5263-b91b-42d8-976d-067d5407196f,51.436085,-3.232623,340083,3,flat,Cardiff,CF16 4UM,C,2024-12-10
d8fe775f-6903-4802-bee7-4a103b4a6954,51.53826,-0.529962,914296,2,detached,London,W20 8NP,G,2025-08-17
3016267c-d95d-4b3e-808a-dcc3b1a393f7,55.75225,-3.311445,578660,2,semi-detached,Edinburgh,EH32 4TD,G,2025-02-10
f3682028-ecb9-4c48-a74d-6c9985700fc4,51.803987,-0.40704,868735,2,detached,London,TW8 5ND,F,2025-03-16
385aefe0-4f2b-4ab9-a7a4-c58228a27615,51.49467,-0.34965,994711,2,detached,London,EC35 1XO,D,2025-08-05
2db16961-a536-4d3a-9e24-a2a3b14c6002,52.390593,-1.809945,338448,2,flat,Birmingham,B3 2ZM,C,2025-07-09
39bf103e-e78a-42e9-8bda-7c9df9f89305,52.529221,-2.148307,246203,2,terraced,Birmingham,B25 3TN,D,2025-03-06
ee82a55a-8f5f-4ff9-a30b-882b26b7bcd0,52.353826,-1.551635,249775,2,flat,Birmingham,B7 3WD,F,2025-04-13
eb2fbb60-4b5f-434c-b7d7-de45de97a0de,50.84051,-0.113253,587542,2,semi-detached,Brighton,BN21 4JH,E,2025-03-26
f0094530-a048-4acf-b17d-182a5b1f573c,52.525976,-1.796677,220338,1,flat,Birmingham,B2 4ML,E,2025-05-30
9080fe89-d214-43db-a8b5-a2e01200bb98,53.362502,-3.037247,158744,1,flat,Liverpool,L8 5JF,E,2024-10-21
86872848-7d24-402c-b15d-b1276e9b2487,54.086234,-0.927692,355144,2,flat,York,YO13 7FO,F,2024-09-04
3bdebfb0-067b-4196-a797-bf3919072918,51.664317,-0.01708,1291764,2,detached,London,WC6 9GW,C,2025-06-08
55b12250-06c2-4f98-b201-685da136d690,54.969678,-1.622503,455493,4,detached,Newcastle upon Tyne,NE26 3WF,D,2024-10-07
57cffb94-f6a6-4448-a030-68d6f4d0e98f,53.364062,-1.486311,294819,3,bungalow,Sheffield,S31 3KU,D,2025-01-19
56941d0e-b1e7-45d3-b5e5-f039dd655105,51.519251,0.427573,557421,2,terraced,London,WC25 2CB,F,2024-11-09
2666086b-6501-4eaf-8294-fba06a367485,55.93309,-3.176596,486188,2,semi-detached,Edinburgh,EH35 9BB,C,2024-11-04
b61d8dab-0e64-4c8b-a09c-7ecf28b9312b,53.821476,-1.554654,404717,2,terraced,Leeds,LS7 4UD,E,2025-01-15
409d2c42-f5c2-4a78-98f8-c21b372ad68e,51.607043,0.232894,468477,1,terraced,London,SM13 8LY,D,2025-01-08
4b8665d9-b729-42ad-93c9-c46084af8522,51.134519,-0.432079,1409434,4,detached,London,KT26 7PW,E,2025-04-07
4e298ad2-2d37-417b-a24d-4e69b773bed5,54.927629,-1.629581,333164,2,terraced,Newcastle upon Tyne,NE28 2BB,D,2024-11-18
2517f385-3bf2-4378-ab88-c408d8b4a68a,52.486099,-1.759428,282538,1,semi-detached,Birmingham,B15 6JK,E,2025-04-16
671d9399-8ad5-4bc0-be65-f9c5cc29a68b,52.443936,-1.740608,256786,2,flat,Birmingham,B19 8HF,D,2024-11-14
81b48857-9c95-4479-803b-5c7157dacf12,51.528005,-0.983858,630008,3,flat,London,SM32 5LA,D,2025-04-03
37ca1c2a-a16b-499b-a646-8d93d85a3cb4,51.50039,-0.132349,2330839,3,detached,London,SW14 3DZ,E,2025-07-21
bab7d86a-a3c8-42fb-adcc-1cd338866138,51.634171,-0.239218,681629,2,flat,London,UB2 1XA,E,2025-07-16
af1b0499-bfa5-4f76-93aa-aab0b910de11,53.471637,-1.52438,699397,4,semi-detached,Sheffield,S16 7FM,D,2024-11-01
e9016ed3-9550-4d99-ada4-19a7b1e7c21a,53.335935,-1.379568,431930,4,terraced,Sheffield,S32 7XR,C,2025-01-16
9569218e-e9e5-492a-bc78-00ba687c9e3e,56.061238,-4.016325,319666,2,semi-detached,Glasgow,G11 6ST,E,2025-03-01
9fdb49df-e800-411b-9747-d4c7fad82d9f,51.756825,-0.237544,953913,4,flat,London,UB27 6BS,E,2024-09-22
7e914afc-e4cd-4212-9481-348219a7f0e8,52.229396,0.320838,2091256,6,detached,Cambridge,CB8 1BP,D,2025-07-19
61690b33-5032-4204-bb61-17f1589464f5,51.71076,-0.166193,793035,4,maisonette,London,UB18 9KW,E,2024-12-05
1240be58-3f1d-443b-b960-636ec01c1446,54.523672,-5.977229,187850,1,flat,Belfast,BT2 6PW,D,2025-06-20
8b2db7ca-3671-4a8f-88c9-688fce44094c,53.485197,-2.372169,278300,2,flat,Manchester,M35 5TH,D,2025-03-20
a427bbba-e7bd-4cf5-b239-7e00fd2ee794,51.755752,-0.32716,1172191,5,flat,London,CR31 9XN,F,2024-10-17
7ef28632-9b3e-48c9-891b-11798716cd4e,51.427842,-0.4028,725005,2,flat,London,KT10 4FU,D,2024-10-23
839e073c-5c70-4126-9eda-e1658b855500,55.758246,-4.224425,318523,2,flat,Glasgow,G28 2XS,C,2025-03-24
573481f7-5b30-49b4-9b2a-98432b4fb9ed,50.798455,-0.175873,429284,1,flat,Brighton,BN6 0WL,F,2025-07-01
ba254d7a-6d9e-4c9a-ad79-585829a631b2,53.350073,-1.521421,236319,2,maisonette,Sheffield,S28 5RZ,D,2025-04-11
49b8d7e1-3367-4166-b8b3-c556994f84ff,51.76992,-1.293144,594513,2,maisonette,Oxford,OX10 9NL,E,2024-12-10
f3bd20f0-3516-46c2-97de-52d318451855,53.510061,-2.529739,213011,1,flat,Manchester,M13 3NP,F,2024-09-15
4a2b82be-5ad3-45ce-981d-a820e0443037,51.4556,-0.061583,790816,2,semi-detached,London,EC33 0DH,E,2025-07-26
8926be54-1ca0-48ea-803b-3dc6a39cadf0,52.378599,-1.710365,201386,1,flat,Birmingham,B24 0OJ,B,2025-03-13
faf36405-cc55-44f8-b5b5-311fb0f3eee0,51.437231,-2.411168,416851,2,terraced,Bristol,BS14 4AL,A,2025-02-10
9066c0b1-6dbb-4f76-9d54-2b889f259284,50.865001,-0.22117,695545,3,terraced,Brighton,BN15 0GX,C,2024-11-08
aa5ed548-6315-47d5-a0f3-9c159a980cf4,53.956204,-1.0958,894752,3,detached,York,YO2 5AJ,C,2025-02-26
41b4e096-97ac-4138-bca0-ed4e156e6082,51.389165,-0.104911,619012,3,flat,London,TW2 9KU,F,2025-08-02
c023eed4-1852-477c-8c0d-c0131cb30ae1,52.02977,-0.714076,396992,3,semi-detached,Milton Keynes,MK27 9NC,D,2024-09-30
107d7768-b4c3-4dcd-be23-52a4bc3083f7,51.595352,-0.21358,650024,1,detached,London,SM3 9ZC,D,2024-10-25
10cb01a5-ca84-4caf-8b0f-31ae96cd64a3,51.500189,-3.23621,458391,2,semi-detached,Cardiff,CF16 6XA,D,2024-09-08
71af8013-d6c8-466d-868c-8351b4778de9,51.416055,0.331734,651733,2,maisonette,London,CR7 0RG,D,2024-10-12
393cb78f-5add-4fdd-9454-c1bee5867bc0,51.763405,-0.412652,877111,3,terraced,London,BR25 5OT,F,2025-02-14
061b7dda-fd88-4314-8683-2b96ffaeaa3c,51.404405,-1.016864,457535,2,terraced,Reading,RG3 8JF,D,2025-06-27
f85d289b-14b6-4eb3-bf70-e49335385753,56.029747,-3.168091,405712,2,bungalow,Edinburgh,EH25 3FK,C,2024-12-06
5d7a87b2-195c-484a-8623-4ea846314459,53.412314,-3.108254,149431,1,flat,Liverpool,L26 6ED,E,2025-03-30
88584a1d-c952-494f-bef9-f105ae2a3545,53.977928,-1.220448,311481,1,flat,York,YO22 7OF,D,2025-01-12
f0f55cc9-6e27-40b0-bc34-2ed67788f3d3,51.356437,-3.107334,438169,2,bungalow,Cardiff,CF30 5UN,F,2025-03-20
a3b58182-6eea-47ea-988f-0ebb935f8863,53.516978,-2.372776,612030,3,flat,Manchester,M15 7SX,F,2025-01-07
d2c5d8df-279a-47a4-83eb-e4506d917f20,51.43853,-0.79451,625344,1,detached,London,NW23 1XU,D,2025-05-17
66079836-0e69-4256-9653-bf27d77ca075,51.405839,-0.193869,849829,2,semi-detached,London,SM2 0KJ,F,2025-07-15
41ea570b-55d5-480d-90a1-4bbd099cf419,51.287659,0.026818,508980,2,flat,London,BR27 6XP,F,2025-04-18
2b3b5c4b-1fdc-4b16-a638-aa28f36f2d9a,51.485347,-3.055039,414832,3,terraced,Cardiff,CF6 4FT,C,2024-10-27
1cb869f3-f929-46c8-b2c5-4732ded47b66,53.955679,-1.606083,210713,1,terraced,Leeds,LS6 7WS,D,2024-09-21
80512447-452a-45ac-a2a2-d2ef8e52692f,53.450357,-2.094437,254490,2,terraced,Manchester,M4 4FN,E,2024-09-17
d86819bc-ca5b-4796-b271-8d3701e88416,56.100476,-3.199989,432158,2,semi-detached,Edinburgh,EH11 3SN,C,2025-03-22
70351873-012c-4ddd-a910-843286bb61db,51.485319,-2.538782,390171,3,flat,Bristol,BS14 4FJ,D,2024-11-14
66f47bf4-aabd-4e97-9b1a-3c3c6492d376,55.744855,-4.348187,230420,2,flat,Glasgow,G28 1UX,D,2024-10-29
4653cceb-05a2-4581-917e-97d5ae7d0d82,53.248293,-1.566952,555381,2,detached,Sheffield,S3 7BH,E,2024-10-27
d94b7dc2-b508-4f8d-904e-00e5131621dc,51.454373,-0.318577,906971,2,flat,London,SM15 7SU,F,2025-07-14
48e5cc3c-a23b-4fcc-ab2f-e0419a21aa93,55.760407,-4.272987,383708,2,detached,Glasgow,G11 2XU,F,2025-02-20
1d339d96-2b81-4d44-bd6f-23d185be873a,53.538953,-1.357309,266731,3,flat,Sheffield,S35 9JN,F,2024-09-16
3e662b61-cbe0-4987-976a-c4367d1471e5,53.445825,-2.16601,460294,4,flat,Manchester,M32 9GB,C,2024-12-17
2da994ea-b02a-4084-bce4-bf7d9fd104a0,53.4525,-2.481128,668942,6,flat,Manchester,M29 4GG,D,2025-06-14
e1fcce1a-fabd-45e8-9cd7-e08381af2ea0,51.800676,-0.000393,1117572,6,terraced,London,WC23 7CX,D,2025-03-30
2bfeaf1f-6167-487f-b583-f39ede0fc177,53.31975,-2.342368,334782,3,flat,Manchester,M18 8AP,C,2025-01-13
e4730396-0f16-4f6f-b8e4-0a150b06bf62,53.783028,-1.537073,356508,2,bungalow,Leeds,LS33 9YU,D,2024-09-03
aa03e4aa-4f81-495b-a537-45195d3f7c5f,55.971966,-2.927731,628841,3,flat,Edinburgh,EH25 1JO,E,2025-03-29
e20d8871-61e3-49e1-aeea-6af3d46a357a,51.995851,-0.545105,218767,1,terraced,Milton Keynes,MK21 1UX,A,2024-09-04
426c0287-f445-4730-a5a3-c514f078fd5e,51.544167,-0.083257,519378,2,flat,London,WC12 3CF,B,2024-10-13
01c837f1-fdeb-4a0d-a421-46237d119450,51.529082,-0.267946,931609,2,detached,London,W6 6HU,D,2025-02-15
b0a89b2c-b92a-4425-8dff-4f2c24fb4d51,53.383626,-2.245299,263548,1,semi-detached,Manchester,M4 3DF,C,2024-12-10
e9c35491-48f2-44f4-b9c8-14d730463dae,51.721005,-1.29334,1318181,2,detached,Oxford,OX1 8ZY,F,2025-05-15
20807515-ac91-45ad-b6f0-dcc5d8d48b59,51.649611,-1.231312,1227802,6,flat,Oxford,OX16 7HE,D,2025-04-03
788d54ff-0e0d-4438-b004-726aa5f73800,53.359221,-1.485145,289728,2,flat,Sheffield,S13 4JZ,D,2025-03-06
27267457-d0c9-4906-8591-cff67542ff24,53.786658,-1.629445,171840,1,flat,Leeds,LS10 5YG,D,2025-07-30
ad61d2ad-4d96-49da-b090-363b7b976580,53.498023,-3.01242,503064,4,terraced,Liverpool,L14 7GR,B,2024-10-17
903e14c5-ad2c-4d66-826a-d721f02b79b4,51.492599,0.017857,861019,2,flat,London,IG12 6GL,F,2024-11-17
2c931359-a944-4308-9cc2-3a3f5bcc7968,54.607098,-6.073946,364888,4,semi-detached,Belfast,BT12 0XZ,D,2025-06-27
45679ce0-45f5-4f52-b895-a41c7e01efd1,51.671629,-0.418948,933804,2,detached,London,WC7 2YB,A,2025-05-22
9d144cb5-d390-45a4-8d10-db856ce9facf,52.239261,0.072977,658254,2,flat,Cambridge,CB8 8AA,C,2025-05-01
1b28c213-c7da-443a-9214-ed8d085a5945,50.822749,-0.002859,480316,2,bungalow,Brighton,BN4 9TJ,D,2025-07-21
88a833e9-051a-41ad-8a41-9c66db4b5589,51.307319,-0.185613,919881,3,semi-detached,London,SW9 2WN,E,2024-10-09
011be4a9-08be-422b-a7ec-4a4eb9150962,54.025775,-1.000497,297853,2,flat,York,YO21 0SE,A,2024-10-24
ca607b7d-629c-422a-a868-6e45a9ba8261,51.505829,-3.14597,521676,5,flat,Cardiff,CF35 0PY,C,2025-04-09
ccb40596-ccf5-4785-b680-d9cb86fea166,51.607105,-2.539021,377782,3,flat,Bristol,BS12 2JK,D,2025-01-23
5d8f4607-f8e3-4591-b5ea-70d610eb3c3a,51.086743,-0.00433,925202,2,semi-detached,London,IG16 4ER,C,2025-01-31
28a745a3-99a0-4183-82ea-60d9a8fc2b22,51.584617,-0.118227,420246,2,flat,London,W31 5HX,D,2024-11-28
104665f4-fcc2-4ee3-9b3c-b5902c6d8fe2,55.991732,-3.227334,329569,3,terraced,Edinburgh,EH9 1TA,A,2025-04-15
d1152106-0764-420c-8d17-94a5a050d757,52.022277,-0.724392,293418,2,flat,Milton Keynes,MK3 8MY,E,2025-06-01
ea392a0f-67a4-4618-ae3e-7cfca56ec137,56.011411,-3.086266,634252,2,bungalow,Edinburgh,EH5 4WR,E,2025-04-26
e949c842-55ab-4274-bbdd-c23e5dc56bf4,51.856835,-0.121137,472493,1,flat,London,KT21 5EU,E,2025-01-28
2879ca1c-a513-4fd7-9e0b-4df2b9fd6a40,51.756155,-0.742166,1368510,6,terraced,London,CR10 9SM,F,2024-11-24
53fa98ce-d73a-4a91-be9f-00994d95c259,51.530554,0.023021,646695,2,semi-detached,London,EC25 5JL,E,2025-06-19
dd784d59-2cea-40fe-a27c-7bbb29c70fdc,54.948616,-1.621613,918542,6,detached,Newcastle upon Tyne,NE12 7ZH,B,2025-04-11
c5b99d8c-4c8e-4b5c-a626-f5a3db8ed0a4,51.61109,-0.107694,781215,4,flat,London,WC8 1PJ,C,2024-09-09
8db4994e-b45a-4e54-90ec-09ec297a1fa3,54.955194,-1.528228,254438,2,flat,Newcastle upon Tyne,NE20 0NE,F,2024-11-15
f9b1e98b-38ae-4359-b732-dd6597a40fdb,51.164393,-0.050932,1626317,4,terraced,London,SW10 3YK,D,2025-07-31
9af0f89e-a496-420d-bcb6-668b3f331a64,51.836743,-0.199868,918571,1,detached,London,KT17 7FJ,D,2024-12-07
bc2da318-933d-49a0-a3ab-254461251674,55.989061,-4.356133,566463,3,detached,Glasgow,G32 6SJ,C,2024-11-18
e76c14c2-78d4-47ae-b3e1-02becfa0a363,52.898894,-1.123851,312631,2,flat,Nottingham,NG33 5OA,E,2024-11-11
efb28940-b9c7-4a07-a06b-1ccfd7424280,55.671611,-4.26186,241159,2,semi-detached,Glasgow,G16 2WN,F,2025-05-30
7af34074-7a4c-4a30-b4dc-55badecd445b,52.982841,-1.247,450271,3,semi-detached,Nottingham,NG3 1CG,G,2025-04-29
fe457694-f014-4e02-87ac-81b72ee7e1ab,51.545901,-0.223227,835473,3,semi-detached,London,EN20 8SH,E,2025-01-12
6539b7e8-74e4-4162-b91d-fe00b93d30b5,53.388385,-2.47415,183575,1,flat,Manchester,M30 2MX,D,2024-11-20
e90d2ca0-af0c-4e13-a1c2-a2dbf912f9f6,53.436939,-3.158846,307955,3,flat,Liverpool,L34 8KJ,D,2024-09-26
4c8bfc86-7a97-4844-b95f-37b557ce972b,50.818982,-0.206725,458745,2,flat,Brighton,BN9 7YC,D,2024-10-04
843a9a50-241f-4423-9b40-e526f8aeffb7,51.600752,-0.316435,488056,2,flat,London,KT10 6HX,B,2025-04-04
cb3518e6-5b8b-4511-a62a-900632006bc3,51.58211,0.01084,1503245,2,detached,London,E20 1TK,A,2025-04-14
7e8be536-6fa4-49fb-9440-100962d0ce33,52.388774,-1.655901,482775,3,detached,Birmingham,B25 6WN,E,2025-02-14
23a11eab-76aa-44e7-a084-f9dffc050229,51.109283,-0.339991,1011793,3,flat,London,BR23 8DM,E,2025-06-27
cdfda6c5-acf2-41da-b164-0d5f1a53b23c,55.878966,-3.219244,460210,2,terraced,Edinburgh,EH16 2NC,C,2025-02-06
246a8d89-d9fb-40e9-bb26-10ae980e1bc1,54.474041,-6.117831,191926,2,flat,Belfast,BT27 9AR,G,2024-11-16
336cc3b4-2c6b-4f4f-a10d-e18785311e7f,52.462913,-1.70796,294159,2,flat,Birmingham,B5 1DY,C,2025-08-31
93cb7b2d-f1fb-47b6-a023-2ffc642bf0c5,51.789924,0.2641,546343,1,flat,London,EN6 9FN,C,2024-12-31
fb74da68-289b-4502-ac37-3eef2522e97c,51.332046,-0.474288,1154022,3,detached,London,BR8 8EH,D,2025-06-09
704bd284-f2cc-4137-9994-120597736079,51.428086,-2.640893,642159,3,semi-detached,Bristol,BS5 9AE,G,2025-04-05
89bb603b-d9f5-45d6-bb19-49c6319fcad3,53.781664,-1.82926,342417,2,semi-detached,Leeds,LS25 3CM,G,2024-10-21
fc4f9710-9405-4737-b49a-23e647b30122,51.734132,-1.363981,714910,2,terraced,Oxford,OX13 9HZ,G,2025-02-08
5400ee04-0af0-44ad-b371-8e0d8471845e,52.144877,0.241577,1218483,3,detached,Cambridge,CB26 2UW,F,2024-12-17
9e6bdf45-2e1a-4124-bd04-7156ba154692,53.413212,-2.570233,430501,3,maisonette,Manchester,M34 4MC,F,2025-03-26
3aa4305e-274f-40bc-848b-832e6c370c76,53.337942,-3.08365,329283,2,semi-detached,Liverpool,L2 7ZH,D,2024-10-01
2d5a3cda-072f-46b9-b34b-0dd79e2d81fc,52.51711,-1.880618,477896,3,terraced,Birmingham,B1 9NS,F,2024-11-09
d1ad380e-bdf8-4fc7-b82c-d246743a8d1a,51.700875,-0.432017,1404343,2,detached,London,IG32 0YU,B,2025-07-09
f71a2f21-1585-4575-a369-f7ae4e51cf9b,52.211413,0.07448,778021,2,bungalow,Cambridge,CB27 1EE,E,2025-03-28
b825871e-e7b5-42d5-bd45-d9d8090b5a19,52.196069,0.141716,717273,1,detached,Cambridge,CB22 7TL,E,2025-04-01
faf3bf94-1d22-40df-a860-805e190a9f8f,51.47806,-0.860863,267948,2,flat,Reading,RG13 0JL,C,2025-02-14
63d1e908-375a-47f4-a234-079458c25133,53.818288,-1.498343,199179,2,flat,Leeds,LS15 6AH,F,2024-11-12
7a8b1e08-9d9f-4cc4-993f-864bfbe09b7f,51.427604,-0.153002,1074736,2,detached,London,KT19 7EP,E,2025-01-06
f7b34569-8626-45fe-9462-cbfef3d1d86f,51.44309,-2.444129,579931,2,semi-detached,Bristol,BS16 0UK,C,2025-06-28
5c3dfa6e-bcae-447e-9396-8628a05856b7,56.062965,-3.207076,458839,2,terraced,Edinburgh,EH7 3PX,C,2025-03-07
559edf0d-956b-4086-8d47-ddc396db22f7,53.558621,-2.196588,586129,3,detached,Manchester,M25 2KY,C,2025-06-04
bc21f130-7c5b-4136-9caf-936024f33760,51.441161,-0.453218,682978,2,flat,London,SM7 9JW,C,2025-08-30
68baaf5f-7acf-4b55-9d27-0038c895e9e7,55.850504,-3.130846,249266,1,terraced,Edinburgh,EH8 0CW,D,2025-04-30
036598cd-60e4-47ac-a1b1-0055f4d6c114,51.761441,-1.343757,401085,1,flat,Oxford,OX17 2MF,B,2025-05-11
e1849c5b-d1bc-4b9e-a7a6-fc4d6c8af610,53.388294,-2.964631,288861,1,detached,Liverpool,L32 2EM,B,2024-09-06
fd67d5f0-3cf5-49fd-abeb-522459a8a497,54.660442,-5.940177,280288,3,flat,Belfast,BT28 0EO,F,2025-08-21
211fd355-61a1-4b97-a006-58c84f10bbcf,51.81067,-0.000586,714819,2,bungalow,London,SM19 5BT,C,2025-08-26
91010507-30da-46f9-a5b4-e70d70461567,53.790917,-1.456702,217716,3,flat,Leeds,LS11 6LX,C,2025-04-17
23f2e5ca-35bf-4816-ae46-a4351e3f2ebb,51.475471,-0.011445,1112853,3,detached,London,E16 1ET,A,2025-05-04
8cb29a9d-3c44-4f8e-a464-54a33c7df6e8,55.928912,-3.254087,455800,2,semi-detached,Edinburgh,EH33 4OF,D,2025-08-17
20100d0d-336a-4b97-8803-90c5fe7c1ba1,51.18359,-0.284223,605004,2,terraced,London,HA31 3NR,E,2024-11-30
4fdbc961-1f0a-4686-93c4-93bacb242a28,51.422077,-0.084787,1003558,3,semi-detached,London,BR10 5YD,E,2024-12-23
b5c6f10e-8ace-4487-9982-939ea10d451b,51.722779,0.089507,1057314,4,flat,London,N35 5NB,D,2024-12-04
8cf0bf1b-a2f4-4d6b-89ad-11971543e149,51.499704,-0.375793,412229,1,flat,London,BR16 7GW,F,2024-09-19
7f3b94c0-3c3c-477a-b985-0ccc0a08298f,53.407676,-1.370782,380893,4,flat,Sheffield,S4 5GZ,D,2025-08-25
8cf0b666-2ecc-4c73-a8bc-f16417ac197c,50.959681,-1.624377,760807,4,terraced,Southampton,SO28 6CK,B,2025-04-08
f98ee154-7072-4a7a-8bc6-c746d10bbae7,51.982101,0.100164,768185,2,flat,London,EN7 0HT,B,2025-02-15
6b446a2b-31a5-488a-a2db-31553d119451,51.493398,-0.188592,1741934,4,bungalow,London,UB5 7SL,E,2024-12-26
1312a1dc-d358-464f-af73-acfe43501d99,55.011785,-1.745033,234798,1,flat,Newcastle upon Tyne,NE16 9KM,B,2025-05-16
5ce9fb61-8980-48cb-8f1b-2d6b0b714e5b,52.501193,-1.853276,298644,3,flat,Birmingham,B3 9LK,C,2025-05-15
dbe95315-c698-4ded-b555-fcae6cbdddeb,52.99817,-0.997004,285916,3,terraced,Nottingham,NG8 2XF,B,2025-04-11
d2fe2747-3494-462b-af77-b3fdd30101ef,51.455971,0.204741,636864,2,semi-detached,London,SE1 2CA,C,2025-01-27
46a88977-3429-47fd-b570-eaca12a20391,51.653921,-0.170191,2025424,3,detached,London,KT17 1RS,C,2024-12-03
7ef28145-632e-4215-bab0-11d10dad2766,51.414827,-0.034613,811271,2,semi-detached,London,KT28 1YF,B,2025-08-24
3ae939cd-7b41-4482-b7ea-61a5ff14d91a,55.78567,-4.256412,407829,3,flat,Glasgow,G7 7KM,E,2024-10-19
08636aa5-f64c-4903-8166-d64de4a6669e,51.59749,-0.53934,1147394,4,flat,London,SE23 9TX,D,2025-03-11
86c16a15-e39b-4dba-855f-2c3d9e06b53f,52.373257,-2.073632,796624,6,semi-detached,Birmingham,B21 8ZD,F,2025-04-19
7113bec6-c8d9-4bfe-91c0-68a075e78d78,50.899834,-1.413792,515689,1,bungalow,Southampton,SO28 7CS,D,2024-09-23
e5c4043a-2c3c-4936-8288-efb4cf247f51,53.471351,-1.359652,288064,2,semi-detached,Sheffield,S34 1ZB,E,2024-11-14
27b04a4b-a477-4124-b27d-9586ddbf559c,50.895699,-0.052852,386502,1,semi-detached,Brighton,BN3 6WH,A,2025-03-31
e9464b71-d9bb-44e3-9b2a-22b83ed90e26,51.422754,-2.674277,595759,2,bungalow,Bristol,BS26 3HB,D,2025-05-25
a02f0909-b47c-457f-a3e8-728087919d30,54.94423,-1.783836,198024,1,flat,Newcastle upon Tyne,NE1 6GD,E,2024-11-18
2ab4548d-93f7-451c-880d-b282beffad44,53.43983,-3.203016,218059,1,flat,Liverpool,L23 7DA,G,2024-09-29
d94778c5-bac0-494a-a534-0e062b376297,52.362027,-1.803532,652113,5,terraced,Birmingham,B25 6ZM,D,2024-10-26
81b81a1c-7956-4700-9d1c-d90c8ee8af0c,51.391643,-0.187845,1081443,2,detached,London,NW34 7YC,C,2025-07-20
4efc05e9-1563-4d02-bc50-afdfe104dc3c,55.876269,-4.131648,535168,3,semi-detached,Glasgow,G19 7YW,E,2025-02-08
d5d01598-ea2a-4f8f-a818-a1c5507e4d61,53.504856,-2.40199,602884,5,semi-detached,Manchester,M32 3CD,G,2025-02-11
dc0641f0-d452-4b0c-8d91-9deb12570ef7,53.931441,-1.000709,410094,2,flat,York,YO18 5KA,D,2024-10-20
4ff7a0ca-8576-4a60-80b8-c2128bbd5b9f,51.299441,-0.131661,1329250,4,flat,London,SE1 2BX,F,2024-10-21
2a11ec53-6e85-4a22-981c-9039226bb76d,51.546533,0.198141,1229023,5,flat,London,W27 5YH,E,2025-07-19
317b4f05-c91b-41a6-9178-a39c03b3a685,55.962192,-3.08748,485543,2,terraced,Edinburgh,EH8 3TO,D,2025-07-07
7a986167-0786-45a7-beaf-90eeb3cea161,53.407791,-2.338867,310996,3,flat,Manchester,M34 8SX,D,2025-08-15
ea0ea67c-e739-49b1-b236-d5c835780032,51.32309,0.287231,636422,1,detached,London,DA4 7HX,E,2025-07-17
9dd63248-bb1e-46a6-91d4-7b98dd361221,52.414866,-1.625905,421651,3,maisonette,Birmingham,B9 2BO,F,2025-01-16
12e86c0f-7963-4b36-a297-e522fac477ab,51.654668,-0.288963,1178580,4,maisonette,London,SM6 5RL,E,2025-04-18
0ae1294d-6d37-40e3-aec1-20e121a0963e,53.985682,-0.951655,417463,2,maisonette,York,YO16 0CU,B,2025-07-15
725cd536-ef28-46ea-9c8b-c7d1c6577a85,53.597686,-1.470443,245832,1,terraced,Sheffield,S34 4NM,C,2025-05-31
f82209e7-0b3c-41c2-b024-cccae2632a8e,55.06177,-1.753693,323028,3,flat,Newcastle upon Tyne,NE6 6PU,F,2024-09-13
8ca8b546-da87-48f9-badd-71a87ba1cc62,53.491048,-2.466902,438313,4,flat,Manchester,M23 5TP,F,2024-12-06
9801e584-7823-4b23-957d-02b7af3d087a,53.562382,-1.838992,239473,3,flat,Manchester,M14 0JP,C,2025-02-02
38bf8447-8bee-4667-8bb1-0a4c2fef751f,51.519217,-3.409851,445127,3,bungalow,Cardiff,CF12 7DK,D,2024-12-03
7fe6a799-cde3-41d1-88c2-41eaaabf2eed,54.036604,-1.067652,253592,1,flat,York,YO2 6DP,E,2024-09-05
902d7162-b50a-479b-a2d7-d3dd03d714fa,51.242109,-0.039299,963047,1,detached,London,HA20 2AL,D,2025-03-21
807330f0-0135-44b7-a74e-05b011b8b65d,55.862708,-4.394736,206781,1,semi-detached,Glasgow,G17 8NH,F,2025-08-30
ed1ab1c6-63fb-4649-b8fa-9ca3e2f081b4,51.672013,0.076637,367620,1,flat,London,SM34 2AF,D,2025-04-28
0d4e496a-730c-4c9b-bb6f-0ca8d177911f,51.442664,0.210809,642183,2,terraced,London,HA30 2FE,F,2025-02-22
d4d63853-4688-436c-8700-3c400505c4ce,53.391912,-1.583645,260833,1,maisonette,Sheffield,S24 7DK,D,2024-10-18
f80806f3-d6f3-492f-9e35-b8f195227167,51.272615,0.067213,541885,2,flat,London,EN28 3UF,D,2024-09-04
5f652aba-ee0a-49d0-a747-4a27b0cd3cf4,53.352462,-1.265885,220177,2,flat,Sheffield,S8 0KU,F,2025-01-24
5036393f-4ebd-46e2-80d1-992893c32500,54.928837,-1.574215,173639,2,flat,Newcastle upon Tyne,NE14 5OL,E,2025-08-26
e4753a50-2650-4c22-81c9-91ebcb286a48,51.455988,-2.51323,372509,3,flat,Bristol,BS35 0YY,B,2025-05-23
70ba305a-595e-446a-8999-0fe1c7a9975a,51.631935,-0.326895,996608,2,semi-detached,London,W31 0EU,D,2024-09-28
a8b8b096-3de1-47db-8852-67929d05eebe,51.706358,-1.229783,349311,2,flat,Oxford,OX29 1YK,G,2025-07-12
6927ce0a-a20f-4218-b6d8-b725813e419c,50.804721,-0.111893,758295,2,flat,Brighton,BN4 9MK,C,2024-11-07
580580a6-3237-42a2-8f3b-7d04aea2ed93,53.905973,-1.780794,267315,2,bungalow,Leeds,LS35 7GJ,D,2024-09-09
9b2803cd-97be-4bcd-8f1c-b7d806074439,55.787545,-4.29873,250101,2,terraced,Glasgow,G19 6LE,F,2025-03-22
cf844331-5c17-42f8-98da-01572b01c9a6,51.303697,0.374505,1595591,5,terraced,London,CR1 9TP,E,2025-05-15
757d655a-f233-4e35-bcde-380c21e685cc,55.912959,-4.031051,229080,2,flat,Glasgow,G27 4ZL,D,2025-08-09
ac988425-e1ea-4047-8cd0-c9e00cac6b65,52.550879,-1.862333,428820,3,flat,Birmingham,B15 2UD,C,2024-12-10
48e16928-f6d4-42f0-a049-b65fdd843d54,51.620519,-0.178996,721769,1,detached,London,CR17 4UU,E,2025-02-24
27d942a4-1be5-4930-a3a0-cf646cb72167,51.691879,-0.361718,600772,2,flat,London,NW4 4GJ,F,2024-10-07
10cc2e10-6373-4b9b-9c33-4b6fa8003158,53.438204,-2.249516,644713,4,detached,Manchester,M10 4HL,B,2025-01-22
8d203d57-e8ce-4c10-923d-518792e7aa5d,51.440822,-3.3336,372904,3,flat,Cardiff,CF21 3OG,F,2025-06-01
969620ae-0598-49e9-9d1f-b08328c572a2,52.088513,-0.733713,544840,4,terraced,Milton Keynes,MK34 9LD,C,2025-02-05
62205393-b83f-499c-ba8e-1d3e289f00d5,51.205385,-0.075145,828604,4,flat,London,SM21 2SG,B,2024-12-09
6f18e0ab-7c33-4e2c-b164-bbb0b929c75b,54.72206,-6.139281,282407,1,detached,Belfast,BT30 4KU,C,2025-01-18
de0ffbfc-2d08-492a-9288-4ca174678c51,51.469767,-0.354081,1489372,3,detached,London,SE14 7DM,G,2024-12-31
0f6d092b-e6fc-4bad-a063-1472e61aa166,51.816815,-0.187492,794487,2,semi-detached,London,SM22 5HJ,E,2025-05-04
cde41c6d-69d7-477f-8196-a2ad18b3b508,51.506594,-2.573818,582455,2,detached,Bristol,BS34 2PG,B,2025-07-10
12e0d8c2-db8d-452a-b31f-fe12eda79257,52.059651,-0.76938,1073902,6,flat,Milton Keynes,MK7 6LA,D,2024-09-05
1759982c-f07a-43e5-8940-259c073750fa,51.451142,0.47037,1090372,2,semi-detached,London,CR24 9SX,F,2025-04-22
b2c9b386-6d46-4f45-a09e-2499075da1c9,53.498327,-2.979726,526268,4,detached,Liverpool,L21 3WF,C,2024-12-25
b1d54e08-f140-4afc-bc83-69beb930ff22,51.391351,-2.608643,307148,2,flat,Bristol,BS22 2CS,D,2025-05-24
e38c7d5a-4779-4fb9-a101-562090f571cc,51.582408,-0.128262,605843,2,flat,London,KT30 3XW,D,2025-08-24
643afb0f-3ae9-43dc-9a2b-c3e053a3c40a,51.721767,-1.257008,691451,2,detached,Oxford,OX17 1DO,F,2024-11-03
fbc59b02-d56f-4067-89ac-4849f304d654,52.354681,-1.758248,456922,4,flat,Birmingham,B17 7HP,B,2024-09-30
a3fdbcaa-3686-4a84-81e5-35161360b49e,51.305207,-0.342986,549172,1,terraced,London,HA21 7BU,C,2025-08-21
fc78055d-5932-4bb8-a2ea-3afeb33c0024,52.048881,-0.598321,310671,2,flat,Milton Keynes,MK29 6UE,E,2024-12-31
25465486-20aa-419f-a797-c3bf5c41e5ae,53.562095,-2.073941,369053,2,detached,Manchester,M20 5MC,D,2025-03-27
7690d2df-30e1-46aa-8730-300e308bda85,55.792974,-4.330381,262741,1,semi-detached,Glasgow,G14 1UY,G,2025-08-06
827025bd-5bee-426f-999c-c7ea31073a9c,52.386464,-1.840797,781697,6,detached,Birmingham,B8 5HN,B,2025-05-20
951501d9-3c07-4bfe-93b0-009314376625,53.41231,-3.000576,485234,3,terraced,Liverpool,L33 6LO,E,2025-07-25
afaa463f-e2c4-40fd-abd1-c99d760c2fd7,52.640464,-2.119731,498784,5,flat,Birmingham,B30 3RG,E,2025-06-02
3fd0a5ce-acec-4e2f-a6c2-0767b09ef60a,53.24021,-2.379961,335110,2,detached,Manchester,M24 2KS,D,2024-10-24
476290a4-1519-43b4-8eca-70bde44a54cd,51.734861,-0.546446,916588,3,flat,London,IG15 4DP,C,2025-06-30
a28ae4d5-7fef-48a3-99bd-d5591e3a6976,50.879484,-0.234489,606977,2,flat,Brighton,BN14 7EH,D,2025-05-17
2a392e6c-a457-4da1-93c7-4df62b5dcae0,51.534119,0.011687,464328,1,flat,London,E1 9EN,A,2024-10-24
6c800c0d-33c8-4c4c-992f-d07da76bb257,51.504954,-3.01878,466744,3,flat,Cardiff,CF10 7XD,D,2025-06-24
1100aca4-46d7-459b-9aab-1b54b5796435,54.543257,-6.006207,189497,1,maisonette,Belfast,BT3 5AF,D,2025-04-15
a6f9566c-2084-492d-bec0-9215d3d068ca,51.585741,-0.467479,826937,1,terraced,London,EC34 9FZ,E,2025-07-17
33cb2fd0-984b-4b74-8c92-b6d9a6a15389,56.021714,-3.091439,214902,1,flat,Edinburgh,EH7 2LD,C,2024-12-05
84aab059-4cd4-4974-b8e1-cee6c919e1c3,52.065145,-0.715298,724200,4,bungalow,Milton Keynes,MK6 4BL,D,2025-05-19
a04964d6-6122-46e5-aa33-9f5026bd44ac,53.413288,-1.469568,349865,4,flat,Sheffield,S30 5ZJ,D,2024-10-01
49c701ab-c10e-4bab-b444-b2782a80fcd5,51.334477,-0.402554,875472,2,terraced,London,N12 6ML,C,2025-07-04
3b4fc3e5-58a7-42cf-8a19-0a7528b5b3bf,50.752297,0.028907,908269,3,bungalow,Brighton,BN31 1NA,B,2025-01-09
08716cd3-41bc-4874-a647-1bb86f7d610a,53.430795,-3.202785,395043,2,detached,Liverpool,L34 2RE,E,2024-11-10
0e8516c6-a111-47f6-bcf0-eb98ee406651,52.598474,-1.990742,386629,2,bungalow,Birmingham,B8 5DC,D,2024-12-02
0fd86db7-56de-47ce-a266-da0d459c2268,51.357774,-0.09078,784025,2,flat,London,DA18 0XS,D,2025-01-07
7d1c24fd-21ac-48ef-9e0f-08b7799ca574,53.367181,-1.559028,269425,2,flat,Sheffield,S18 4ZL,D,2025-03-07
34127ce7-2749-4812-a867-322a1fe39205,53.971453,-1.220508,290197,2,flat,York,YO10 8TU,D,2025-01-13
b24afc4f-4b27-4d3c-8b89-a7ca6dac6fed,51.571304,-0.544939,613644,1,flat,London,UB8 7LM,F,2025-07-15
aa06f6a5-896c-48d0-b2ab-989971fc0e38,51.472176,0.083612,832268,2,semi-detached,London,WC4 7SL,D,2025-03-26
260a1ce1-6c19-4d74-8863-8f10b85ee16c,51.491434,-3.019153,499499,4,flat,Cardiff,CF3 8GO,D,2025-02-20
260f1828-6d91-4b6b-aeca-0d6b50e5a4a8,52.962943,-1.094655,540100,3,semi-detached,Nottingham,NG23 4GL,C,2025-01-23
278bb355-ad34-4cee-a64a-121526bff76c,53.504497,-2.4269,311688,1,semi-detached,Manchester,M18 1TJ,E,2024-11-21
6b1b8d15-7a78-40dd-bd37-8b834891a1a1,51.639063,-0.30216,1169150,3,detached,London,SM15 2EU,E,2025-05-30
59fa36bd-213f-4141-b83f-c1a86366c5e7,54.019301,-0.897857,520200,4,flat,York,YO25 1OD,B,2025-08-13
2ad9931f-2337-44ea-8fbd-5c096030b6db,51.40192,-0.69579,724961,1,detached,London,HA32 3ED,D,2025-07-02
3d8ae9f6-23df-472b-9ecf-438f3758aa46,51.525534,-0.125545,668253,2,terraced,London,SE18 1HR,E,2025-09-02
cea1b113-cfb3-429f-a9c4-125b7b00c295,53.850315,-1.785597,222612,1,flat,Leeds,LS18 9AZ,F,2025-06-29
94470535-46fc-4b8e-bfc4-470ba9941419,53.427309,-1.521345,757541,3,detached,Sheffield,S7 9YZ,F,2024-12-03
68117b6e-afb3-4852-b9db-a8f15c93317c,51.426654,-0.498397,600685,2,flat,London,SM19 2CK,C,2025-03-03
bf30547a-8680-4d6a-9ef4-d47310141598,54.972586,-1.722978,982567,6,detached,Newcastle upon Tyne,NE27 1BW,B,2025-04-30
a6c90bb7-1a0e-49c4-aca5-5f9a33630642,51.623308,-0.020333,711235,3,flat,London,SM32 2WC,E,2024-09-09
d680483e-2ecf-4faa-a75c-9ce91d6cd221,53.487337,-2.823124,175165,2,flat,Liverpool,L15 3TP,G,2025-01-31
c7b1c4bf-8dc6-4487-8f76-6aead4066844,51.772109,0.099203,900408,5,flat,London,HA2 6XK,B,2025-06-22
f4737b99-cedf-4910-9377-c549cda0f628,50.793315,-0.159404,484512,2,flat,Brighton,BN2 5OX,D,2024-09-06
2d23669a-222d-4a26-bb6c-cf5a6e1f69ae,51.527015,-3.256379,394683,2,bungalow,Cardiff,CF16 8ZH,D,2024-09-21
0c99aadb-d9f9-4e6a-9410-6fc8fd252150,52.450501,-1.730007,420320,3,terraced,Birmingham,B3 3LM,A,2024-11-13
5abe9262-5834-4299-8c76-1cd8b11c1e33,52.202676,0.076759,590173,2,flat,Cambridge,CB35 3DB,D,2025-01-23
c11e675b-8d96-4d27-b745-43b6a8ff7f67,55.979682,-3.086902,377484,1,bungalow,Edinburgh,EH24 6MZ,E,2025-03-21
670f6d49-539f-4444-8351-dfa6892d2b72,53.652835,-1.542068,178296,1,terraced,Leeds,LS24 9JC,E,2025-01-23
14ef5de7-b2ae-47ec-82c9-5855b5c72582,52.949303,-0.922454,631019,3,detached,Nottingham,NG2 5GK,C,2025-08-06
34d40403-58c4-4d7e-bc9d-2405538be4d2,51.425296,-0.318314,957021,2,detached,London,SM1 9YG,C,2025-01-24
c4c9bb09-6227-4e9a-9670-4ad090dcbc68,51.515341,-0.164006,846030,2,detached,London,WC19 2ZT,E,2025-07-29
7f3179f5-5100-469f-a01f-b9300665a1e4,53.527686,-2.165303,398116,2,bungalow,Manchester,M1 6XE,D,2024-11-19
4cc1a3d8-3d5f-41fb-b20a-e62e27f29e6f,51.725291,-0.18547,812199,3,flat,London,CR8 4AJ,D,2025-05-26
f84d5375-c1f5-4895-9afc-27399b36aa14,51.611861,-0.267417,764549,4,flat,London,UB7 4DA,D,2024-11-08
c63fdeb7-2102-4903-be77-f16e295b09aa,51.552478,-0.428346,693247,2,bungalow,London,EC30 1HS,F,2025-07-14
552268a4-dfcf-4616-82a8-0387fd67f5db,53.290085,-1.481479,242211,2,flat,Sheffield,S33 4MC,G,2025-07-26
a15edee3-74d8-4844-a03c-935e51580c30,51.375626,-0.031944,515146,2,flat,London,SW12 6GT,D,2024-11-18
ac6ecfa4-60df-4b31-84a6-7df0587a0b10,53.81877,-1.513997,215492,2,terraced,Leeds,LS11 6NU,E,2024-11-30
b4b6d7e4-0737-49bd-bbd1-6c193437697a,51.434085,-0.063844,549683,2,terraced,London,UB17 2EJ,C,2025-03-21
a65e4cfc-0809-4480-a9a7-11bdafad84c3,54.554155,-5.903698,268587,2,flat,Belfast,BT35 9ED,F,2024-11-21
b99142d5-aeb6-4524-ade9-467b9c41ba7a,53.438231,-2.295046,276175,2,flat,Manchester,M27 8NF,D,2025-02-04
12ad66fc-b707-4694-b425-7165294a8b6b,51.68236,-0.135766,663421,2,maisonette,London,N18 7GF,E,2025-03-01
96f2ca3a-84b6-405e-94e8-3c7ab05e51e4,51.851793,-0.47988,1103048,5,terraced,London,WC3 1ZT,C,2025-04-16
16ecc881-53ae-4eb8-aaa5-d43c0deb335a,51.47797,-2.81193,638915,2,detached,Bristol,BS35 3XS,E,2025-06-23
8f672499-70b7-45ed-b7da-bdfbfded10f5,51.463356,-0.396043,570238,2,flat,London,W18 7TE,E,2025-04-18
02e013f8-80c8-4921-8eca-e8996a3a7289,55.855219,-4.347662,310024,2,detached,Glasgow,G4 1GO,D,2025-01-04
4e987d5e-8566-4a19-8b6e-ce82c8e9d01c,50.882905,-1.428642,490811,2,bungalow,Southampton,SO23 2BS,D,2025-01-27
02058119-8811-483e-bdc9-9c986ecc77e9,52.950708,-1.015177,485862,5,flat,Nottingham,NG34 3ZC,D,2025-02-02
77957893-a3ec-46c3-bb78-dc0de901ccc7,50.946594,-1.388561,649087,2,detached,Southampton,SO17 2AY,D,2025-04-25
c500289a-48b3-440b-b5c2-f6310e7a527c,55.023789,-1.554864,242287,2,flat,Newcastle upon Tyne,NE35 6LG,D,2025-07-07
b3faa371-8563-4469-9846-51cabe20bf79,51.933578,-0.688299,814420,3,flat,London,BR24 5JS,D,2025-02-06
9d603d35-0f8f-4116-bcfc-0a838e929bc4,52.213462,0.063249,937194,2,bungalow,Cambridge,CB11 7HY,D,2024-09-15
01900d1d-cd33-48fd-bc2c-68ac745cb7fb,51.321867,-0.268761,1201772,4,terraced,London,KT17 9HL,D,2025-06-11
08672097-46c8-411f-940d-a974ee11fd06,53.015321,-1.251478,222257,2,flat,Nottingham,NG22 8PF,D,2024-11-02
1512e27b-20b0-491c-ab96-aeccca40e412,51.901989,-0.053488,696521,2,semi-detached,London,NW31 8AY,D,2024-11-28
d300ebc8-5de1-42d7-8312-e88eeb58b77c,51.662293,-0.349024,780944,4,flat,London,W22 6YB,D,2025-02-19
72d3706a-eb95-4894-bfe7-7d3374cb8ca8,55.883409,-4.007922,465277,2,detached,Glasgow,G35 4PL,E,2025-08-17
92042e67-07d1-41a6-a91b-fe3dd7c0e4aa,53.234827,-2.977377,210374,2,terraced,Liverpool,L6 5AJ,E,2025-05-26
aef4ac74-73ed-49f9-a995-730c54b1ea83,53.89381,-1.426357,534178,2,detached,Leeds,LS24 6NF,F,2025-06-14
1312502d-e860-4105-9ca0-0667027ec9ad,56.026135,-4.30423,197797,1,terraced,Glasgow,G7 5YW,C,2024-09-03
81b68c4e-72d6-4d9e-be8f-bcb253e635c9,51.728864,-0.075186,755344,3,semi-detached,London,EN3 7YA,E,2024-12-13
c6433ff4-6892-44d6-ab1b-9c89686aed41,50.806629,-0.241251,766745,2,semi-detached,Brighton,BN10 7EO,E,2025-01-18
02e644b8-63b3-42f2-991b-a8e5b5a85166,52.201536,0.030565,859363,4,flat,Cambridge,CB16 0ES,D,2025-04-08
950bec70-0af6-4525-ba39-ba0768b2f04c,53.95145,-1.104654,191000,1,flat,York,YO31 7LD,D,2025-06-19
8675e0ea-b612-4fae-b3c0-4aafa35e3acc,50.892797,-1.464811,729124,5,semi-detached,Southampton,SO35 3WH,E,2025-03-20
e701f92d-ed2c-4c6c-a331-c4d6b423a3b2,52.402895,-1.973023,315239,2,terraced,Birmingham,B25 9FU,F,2025-02-06
50ff8909-90e8-4ac2-a173-c588839f8751,53.37117,-2.08195,405392,3,semi-detached,Manchester,M10 8AE,F,2025-05-02
885ec208-535f-4de6-bc03-1d06b3de87c0,55.991348,-3.239208,369501,2,flat,Edinburgh,EH34 4AN,C,2025-05-22
8a79ea02-10a4-4c3b-b818-352762f75e4e,51.664501,0.289166,947117,2,detached,London,BR30 1ES,B,2025-01-31
7c9b1aa2-de2d-44b4-aab3-096c977c8b63,51.721304,0.023707,647146,2,flat,London,SW2 1KT,D,2025-05-14
a4bae29b-57d6-482b-83a7-b785d5c0f9a7,51.350696,-0.995193,424095,2,flat,Reading,RG8 3WA,D,2025-02-19
604879ed-fb19-415a-96ba-6c76e053a6b7,52.033078,-0.61142,402779,2,semi-detached,Milton Keynes,MK11 2TX,E,2025-06-05
c666db8a-c0a9-4dea-a1b8-39cff4c13e42,53.781654,-1.731363,378786,3,flat,Leeds,LS15 2NO,D,2025-03-11
9c803d0d-fe6d-4c05-aa2d-1d0eb6d30e5b,53.693907,-1.470734,301523,2,semi-detached,Leeds,LS33 3HG,E,2025-02-07
05f9468a-d402-4ff9-80f3-943db8989b81,53.799364,-1.551225,429578,3,terraced,Leeds,LS6 6JJ,G,2025-08-12
74c20195-cc6c-4d27-90cd-2db19c6fcbc6,51.412898,-2.412085,930622,3,detached,Bristol,BS17 7US,E,2025-03-13
056e9ee2-a7c0-45ee-898d-fb495572dd1e,53.026633,-1.217485,314197,3,maisonette,Nottingham,NG18 5BP,D,2025-07-04
a52e7c4b-ce84-4146-b010-148896f21fe2,53.334244,-2.359406,445003,2,detached,Manchester,M27 4DX,E,2024-11-25
565d67e3-b0da-4292-9a79-bc7e68c0fbc4,52.3597,-1.879635,328032,3,flat,Birmingham,B12 1LB,B,2024-09-17
f75dcbcd-58e6-48d9-a5d9-96767f39a5d3,55.841578,-3.26324,476980,3,flat,Edinburgh,EH29 2WA,C,2025-06-14
43c67d77-a216-472a-8a96-f53b56412aaa,51.952779,-0.582363,1031797,2,detached,London,EN17 3BU,E,2024-12-02
bae7ebf1-8288-404d-b9d2-c5edf38d4641,54.918817,-1.426614,573829,6,semi-detached,Newcastle upon Tyne,NE9 3NW,D,2025-01-04
1c9fe5a5-5233-4ece-9eec-692382cdab3a,51.334555,0.524749,1216702,6,flat,London,EN28 2WA,F,2024-11-08
56ad7010-bb56-4798-bd60-838a43f022b9,53.418005,-2.956525,191709,2,flat,Liverpool,L26 4PH,D,2025-06-20
66e99c3d-e123-4a38-afdb-dc4903a38935,53.809594,-1.371202,573527,3,detached,Leeds,LS12 2DC,C,2024-10-01
edb9fca0-59cb-4b17-86ca-fdb8fddfd74a,50.844021,-0.149964,808648,4,flat,Brighton,BN7 6DD,E,2024-10-02
92c6cd40-e68f-49bd-ba00-ac2dd909bebb,55.028707,-1.677031,360164,2,semi-detached,Newcastle upon Tyne,NE34 0HB,F,2025-06-10
332fe504-8397-4329-8435-4451299d9535,55.945736,-3.225859,188694,1,flat,Edinburgh,EH32 6OS,C,2025-03-20
455ac4c9-16f2-4b96-b30f-c9899efbdd2e,52.538751,-1.812162,278073,2,flat,Birmingham,B15 8BT,E,2025-05-06
dfdfb053-8e44-46d6-8fe5-97b2df437234,54.65505,-6.12525,389180,3,semi-detached,Belfast,BT20 3WP,D,2025-07-21
9addc7cc-cc74-4b22-a553-3329b36fdfe8,50.784144,-0.183577,814801,2,detached,Brighton,BN6 6KB,D,2024-09-25
38a85ffe-0ace-48d8-9bd3-4c698849dbcb,51.670796,0.507933,447865,1,flat,London,N23 7HN,C,2025-04-01
1c05368e-7c0c-4f8f-9c90-aa707b73b198,51.842409,-0.210628,496588,1,semi-detached,London,KT24 2JN,D,2024-10-14
0a670587-d68f-4f62-b816-87a407bd84e6,53.362618,-2.99048,238103,2,semi-detached,Liverpool,L14 8LE,D,2024-12-31
dcc4a8bb-e51c-4a18-98c9-c9215e1a94a9,53.367155,-2.177961,225344,1,flat,Manchester,M13 9ZA,E,2025-03-20
fbf7131e-cd2e-41f4-8baa-fb373f9ebb85,53.508941,-2.337353,217375,1,semi-detached,Manchester,M26 1AJ,D,2024-10-18
c913667a-3ede-4ab0-b9f5-c9250f78dc1a,50.935114,-1.460938,583144,1,detached,Southampton,SO35 7OZ,E,2024-10-27
3a9b1f1d-f812-4cd1-889b-67cb6e2cc763,51.622492,0.09415,509785,2,flat,London,EC24 8ZW,D,2025-02-22
d45f06b1-2a99-4c0c-8d3e-3df6634ec2fe,52.912679,-1.089168,196056,1,flat,Nottingham,NG35 2EK,D,2025-07-10
7c7f5ead-375b-418f-abf3-5ec33710ba03,55.896818,-4.23591,134883,1,flat,Glasgow,G26 3KU,D,2025-07-26
6e53b2a1-23de-426e-86b8-b2a9e7a3d89e,53.737425,-1.836016,271004,2,semi-detached,Leeds,LS11 7TB,D,2025-01-23
64df74ba-a96d-44c7-b6f4-444321701df7,51.729099,-1.368443,750554,2,flat,Oxford,OX33 2XZ,E,2024-11-12
82147b39-4bc0-4ab9-ad67-99e1b9167e21,51.752124,-0.25783,620081,2,flat,London,N25 6TA,B,2024-12-05
9e33d72a-2965-46e2-9c7b-209b63c483aa,51.697326,0.398476,749207,3,semi-detached,London,UB15 2SK,D,2025-08-12
e8fd1ffb-b07f-4b66-9862-cc0e982db8d0,51.478966,-2.593623,328509,1,terraced,Bristol,BS23 9US,C,2025-03-18
b560b4bc-4a53-4a4c-bf64-7331222c6dfb,55.875381,-3.254984,763658,4,semi-detached,Edinburgh,EH22 2UY,D,2024-11-23
6a6cb554-910b-44dd-a5b3-ac926bd3d669,51.720413,-0.40367,406394,1,terraced,London,NW27 4BT,F,2025-08-15
b2b2e142-c40a-4120-a76b-73097890f161,55.982243,-3.223289,319223,1,flat,Edinburgh,EH12 0HK,D,2024-09-09
347e6cb7-3ed4-4434-8ae4-ac110b08a291,54.952498,-1.358831,220520,2,flat,Newcastle upon Tyne,NE12 3AG,D,2025-03-11
d54b2346-c77f-47c7-bac3-a8337d9d8032,53.406929,-1.56409,306816,3,flat,Sheffield,S29 5AC,E,2025-04-29
9cb01473-7b86-45de-af88-a87de8f77c2a,51.315055,0.314789,965182,3,terraced,London,DA33 2EK,G,2025-08-10
2d4f6bcf-eebc-473c-82b9-c8e92ad7d7fe,51.42354,0.452768,628060,2,flat,London,DA13 0SR,F,2025-01-15
461d7c39-674b-46dc-b89c-292fc7d23486,51.46624,-0.441285,864632,3,flat,London,NW8 0ZE,G,2025-03-16
9feb8157-03a6-4856-ba91-0bd239c7710a,51.163387,-0.347821,654156,1,bungalow,London,SE5 6SA,E,2025-04-22
e7bfacb7-7875-4fbc-9061-4a777dba3fe2,51.008463,-1.48282,519527,3,semi-detached,Southampton,SO9 6BB,E,2025-04-26
448b7a20-67c8-41bd-9fad-a7d686ca6705,52.592516,-2.022108,412599,2,bungalow,Birmingham,B2 9RU,D,2025-08-29
0a0def3b-415b-4d65-b136-0b2278131d9b,55.988564,-3.27958,448994,3,flat,Edinburgh,EH29 8DU,C,2024-12-13
00194135-726d-4b6d-a2f1-7257e9011d8d,55.810289,-3.903698,346582,6,flat,Glasgow,G4 0UB,E,2024-10-12
644286b5-747a-4132-a8f8-416f38faa202,53.918007,-1.477477,203531,1,terraced,Leeds,LS26 3ZE,D,2024-12-26
4d26d3dd-d40e-4bcd-835a-9e53e958b741,51.589697,-0.277531,802065,2,semi-detached,London,UB30 4PE,F,2025-08-03
0c4393a3-cf05-42f2-b099-1d41b2891d62,53.403617,-2.220403,295613,2,flat,Manchester,M27 3KG,D,2025-04-14
1cd95ac5-8a02-4f64-aed9-bbda65585f81,50.781565,0.032175,716516,2,detached,Brighton,BN19 2SZ,E,2024-10-15
b2bdeb27-fd03-48d9-8697-2580ba160917,52.315851,-1.942217,505793,2,bungalow,Birmingham,B34 3XB,C,2025-02-25
b83b965e-1cb9-4ed9-85ad-dd3674953916,51.510277,-0.84381,692074,2,maisonette,London,UB35 1UF,E,2025-08-18
eb898382-d137-4b42-907e-fa66a6069d66,53.75726,-1.53426,982364,6,detached,Leeds,LS27 4FS,C,2025-02-06
b0bc74e1-7156-4574-b837-d6bcf6ec1cdd,51.733954,-1.151278,335106,1,flat,Oxford,OX25 0YA,E,2025-07-10
bfb4f3ee-107f-4807-8e35-447bfbd157be,51.533073,0.23486,634177,2,terraced,London,IG33 0GB,E,2025-03-23
84399f45-99f2-4ee1-8aaf-457826f735ef,50.972265,-1.468507,436590,3,flat,Southampton,SO7 3EM,C,2025-05-02
fd866d1e-b112-4591-a4bc-74386225288f,51.544134,-3.037394,406871,2,semi-detached,Cardiff,CF26 9TZ,E,2024-11-29
4d5c43b1-7c8e-4eb2-aae1-d79b4a342a34,51.429306,-3.185025,275133,2,flat,Cardiff,CF28 7ZW,E,2025-01-10
bd0e60b2-8809-4c31-a0f9-b9dc15563e9c,52.889163,-1.160439,349961,3,semi-detached,Nottingham,NG25 0XF,B,2024-09-04
1df3c417-8465-465b-8db4-9346a54d534b,51.42998,-1.025188,288528,1,flat,Reading,RG33 8SL,B,2025-04-18
a2e754a3-b277-4eff-829d-dffb7035f74b,52.953815,-1.354449,267447,1,semi-detached,Nottingham,NG34 8YC,F,2025-03-06
79a7a199-fa72-4300-b265-4df0275bfcfe,52.471771,-1.824008,358277,4,flat,Birmingham,B29 7LO,E,2025-02-02
bef41b77-e5b6-4d20-858e-637994583cb7,51.481958,-0.090871,550433,2,flat,London,E3 2EA,F,2025-07-30
47f73bb0-5009-4dcd-a510-9ab8ef1ec2cc,51.47567,-1.034514,586969,3,terraced,Reading,RG21 9AT,B,2025-01-23
c473c99c-6795-41f3-9a23-330f401c6b9f,56.05794,-3.225853,675876,3,bungalow,Edinburgh,EH27 9UR,D,2025-03-02
217de2f9-4337-4cbb-bb38-82d8d46d9312,50.930175,-1.356949,346962,1,flat,Southampton,SO23 9JD,C,2024-11-06
2322d939-edaf-4eea-ae6b-f662b8c7ecc6,54.969831,-1.557606,220122,2,flat,Newcastle upon Tyne,NE5 1DG,D,2025-08-13
1af02083-4a95-4bba-a5e3-f935c0d423e6,51.394892,-2.518406,311590,1,flat,Bristol,BS2 5XC,D,2024-11-26
2b2c076a-382a-4896-a1e2-6a18e4982778,51.449565,-2.531518,611427,4,flat,Bristol,BS31 7SN,D,2024-10-11
80093ebc-420a-49b4-b17d-ae50953a557c,51.640184,-0.094819,722708,2,terraced,London,BR23 6AU,C,2025-01-11
e303ada8-f63a-4790-b290-94a2f6ce4d00,51.478103,-0.210376,1279261,4,terraced,London,CR28 9RE,E,2025-05-12
5dcaf9c3-10a1-419d-b06b-a2f74c791591,51.538435,-0.617943,797852,2,terraced,London,SW8 5BU,F,2025-08-09
1e9bccac-9c8f-4d5c-b0d8-d613a2600af1,53.927703,-1.07563,398995,2,flat,York,YO29 7TN,C,2024-12-28
57a74a90-9a5e-4bd0-9f9a-6dff00de18f7,53.432358,-2.880302,292189,1,bungalow,Liverpool,L34 3ZZ,D,2025-01-28
4101d6fe-efa1-4ea1-aaad-94b1e4919574,54.003297,-1.122379,229186,2,flat,York,YO24 0RM,E,2025-08-26
75210f0e-c964-40b6-9ce3-61c821c0a36c,52.551242,-1.696981,213983,2,flat,Birmingham,B8 3RP,D,2025-08-14
e89bc001-2961-475f-9f07-481d949a2e1d,52.910479,-1.030016,374584,3,terraced,Nottingham,NG14 4BA,E,2025-05-31
c12e9064-36ff-49c2-aed2-6db9ea770a47,51.775871,-0.463043,725447,2,semi-detached,London,UB24 2WD,F,2025-07-02
25cea417-8430-46bf-982d-219c6a0a343c,52.393434,-1.74197,188425,1,flat,Birmingham,B5 0CX,C,2024-11-22
6404a4c2-eec1-4364-92aa-623ed7c2029e,51.621309,0.163574,759172,2,terraced,London,NW1 6RZ,F,2025-04-28
b97c9930-bcb0-41c0-ae19-0a11803a2502,51.181088,0.060707,696496,2,terraced,London,NW34 4RW,E,2025-03-21
3599acd9-8fed-41d2-94fe-aaaaa894ca2b,56.104932,-3.201816,582102,2,terraced,Edinburgh,EH11 3WG,E,2025-05-19
07a8305a-4601-4d93-b053-4fc489f4e08d,51.610012,-0.254341,928465,2,semi-detached,London,UB16 3ZD,D,2025-08-13
ce632e38-79ab-4447-bbd3-5d3c778429c7,50.805968,-0.022771,623190,2,semi-detached,Brighton,BN35 3YC,F,2025-07-23
3ae1a121-fe00-4dd0-9a3c-02fa869e9ded,52.80216,-1.097493,554565,2,detached,Nottingham,NG4 4UD,G,2025-06-24
6794dc3f-bdf7-489d-aafb-50cec12765dd,51.146386,0.27028,765978,3,flat,London,SW5 4YF,G,2024-10-11
42b6e8b8-c4ff-462d-ad56-24b1c9f3f92f,54.906808,-1.878629,668491,4,detached,Newcastle upon Tyne,NE19 2CM,F,2025-01-26
daa1b132-e98c-4cdb-aadc-85dbbf452e66,52.230793,0.071498,588294,2,flat,Cambridge,CB24 0NR,E,2025-07-10
06b09706-3790-4a95-9a73-6e257c8973b1,52.405881,-1.905892,256167,1,flat,Birmingham,B16 0TL,E,2025-04-30
77efb5f2-be52-425b-ac6c-afc90985ea98,53.303037,-2.912283,406359,3,bungalow,Liverpool,L17 2KL,F,2024-12-05
7f12ba9d-cabf-4fcf-bf30-d28e0fd5a1b5,50.85923,-1.541212,337927,1,terraced,Southampton,SO24 6DK,E,2025-07-27
21e4eb37-0892-4928-b123-fe5cb98256b6,55.831894,-4.248855,202377,2,flat,Glasgow,G3 7GW,D,2025-08-18
a474d55c-5ca6-41ef-905f-6bdf084de3a6,51.385482,0.124943,606360,2,maisonette,London,EC5 6RR,F,2025-02-28
e7addba1-ded7-4ae5-b979-8cbbf8c6d780,55.915886,-3.177135,494764,4,semi-detached,Edinburgh,EH22 3FG,F,2025-04-13
3bcba77c-1ba8-4d27-a0d3-cfda0634e16b,51.439787,-0.978551,1141722,5,detached,Reading,RG4 2NM,G,2025-07-11
60d94e91-df7b-41d4-8778-19c3c52dff16,53.793106,-1.638133,254831,1,terraced,Leeds,LS15 0OD,D,2025-03-30
945c7b89-e45f-4975-a1e4-6830ac667168,53.477219,-3.02865,228486,3,flat,Liverpool,L21 0EY,E,2025-01-30
075777a2-38f2-4e95-b3a3-ddf6c269778e,53.62018,-2.291915,261555,2,flat,Manchester,M18 5BK,C,2024-12-21
6faf189f-1fe3-437e-ba7d-8e1539192445,51.578229,-0.372868,734356,2,semi-detached,London,SE24 0ME,E,2025-03-24
35423e45-b551-4f0d-b82a-eaba7c240b43,53.82067,-1.847489,275866,2,semi-detached,Leeds,LS29 0OZ,C,2025-05-17
0b9b8be0-d233-42df-949e-608c33b8d318,52.125685,-0.860427,591513,5,flat,Milton Keynes,MK14 0DE,C,2024-10-31
13ad44ea-e97a-4078-943c-c7469c4b6476,54.631501,-5.781258,377893,3,semi-detached,Belfast,BT2 6JC,F,2025-08-31
6f9973ad-96b6-4724-854a-768c235d0ad3,51.495986,-0.766109,648958,4,flat,Reading,RG24 9DW,E,2024-10-14
224c22b1-dd2c-4d4a-9d72-a3d8995c8f25,51.30932,-0.18976,566753,2,terraced,London,CR27 6RK,F,2024-12-07
589ddf38-a96b-4aa3-b387-616de00a18ae,53.836419,-1.653742,364063,3,maisonette,Leeds,LS28 6XO,F,2025-03-03
e8076c3d-a98f-4694-9e9f-706dab1b6d28,53.724913,-1.674191,273707,2,flat,Leeds,LS26 6KC,F,2024-11-29
f68f1313-bec7-42fe-9054-da5f371414ed,54.571246,-5.822378,432818,3,terraced,Belfast,BT8 9XB,E,2025-05-20
09c3d431-6354-4978-9909-b6810bbcf47c,52.947255,-1.282929,349636,2,semi-detached,Nottingham,NG30 7SM,C,2025-01-01
dbbc9ce5-1e60-499d-b5da-c1bc3bd46cb3,55.077244,-1.853198,295634,3,flat,Newcastle upon Tyne,NE5 2SZ,E,2024-12-19
f694e3c5-6f33-4bc2-8f28-13539db90372,50.772852,-0.253259,762435,4,bungalow,Brighton,BN25 9OS,C,2025-02-08
f0c183cc-3715-474d-afca-c4d9bb368bc1,54.579702,-5.879208,393328,2,detached,Belfast,BT10 0HM,D,2025-05-28
0a891627-a7e5-4800-8bc5-c1e8dd2ba83b,55.868518,-3.071455,533623,3,semi-detached,Edinburgh,EH13 4ZH,E,2025-07-06
7ea0a30d-ec11-47a9-91f5-48f6c46d71e5,53.439187,-1.408625,225414,2,flat,Sheffield,S13 2WS,D,2025-04-18
7f7ba2ef-b84d-4e1d-a689-832cf78cab0c,54.632833,-5.839142,280340,2,maisonette,Belfast,BT35 6DF,E,2024-12-14
7b328970-c04d-4ed7-8639-21cbf2cbf42c,51.457072,-0.045912,857211,4,terraced,London,NW19 9RK,D,2025-08-03
e4a7cc55-d19e-4b09-ab9d-6d5716d6e014,53.439126,-2.944548,513697,3,detached,Liverpool,L31 8SE,B,2024-12-15
c892c994-41e8-490d-b4b2-ee64e820da8f,51.17781,-0.47351,1316253,3,detached,London,DA30 2WC,B,2025-05-18
17ff69d2-38ba-4d89-a943-b3a24244e91b,50.953058,-1.490767,385727,2,flat,Southampton,SO29 2AB,D,2024-12-01
d9f27d06-872a-4cbf-a708-325b073168f4,52.607128,-1.888101,323162,1,detached,Birmingham,B9 4MW,B,2024-10-16
ae1d30ce-3203-4f44-bb98-59c105c569e3,53.478602,-2.171701,313950,2,semi-detached,Manchester,M6 5AG,C,2025-06-17
8c3d2211-0646-46a2-93d6-b7c200f8e912,50.858864,-0.132482,282542,1,flat,Brighton,BN22 8WT,D,2024-12-07
db3d3440-e0c3-403a-b792-7b49c8573a85,52.073291,-0.826851,728031,3,detached,Milton Keynes,MK30 1ES,C,2024-09-22
94186029-0fdc-45a4-9ee3-04256f9315c7,53.023732,-1.13732,316398,2,semi-detached,Nottingham,NG9 9MZ,F,2025-06-02
40ba86a4-a257-4db5-913a-818b4953a5c8,51.504115,-2.810242,833240,3,semi-detached,Bristol,BS17 8XK,E,2025-05-08
8a062c7e-070c-4b08-bf02-bc154b2e8ed5,51.547971,0.382511,699685,3,terraced,London,SW30 4PT,E,2025-06-24
75d43670-9ced-4e47-b692-08d3c5303e3f,55.93973,-4.42522,281812,2,semi-detached,Glasgow,G14 9RF,E,2025-03-14
25e03aaf-bc82-48c0-8a77-1e6d783bcf37,51.185237,-0.379307,572914,1,terraced,London,N19 1TZ,C,2025-08-30
a18e2519-eb3e-4823-a549-ea8eefd272c3,52.465119,-1.821517,144345,1,flat,Birmingham,B9 6AE,E,2025-07-31
44bc9a07-1340-4a56-96cd-3f819fa0e1c1,51.661492,-0.004328,935387,3,flat,London,E30 8EX,D,2024-12-10
b5309130-e126-4678-a66c-2dc0aa985c60,52.166251,0.22785,612208,2,flat,Cambridge,CB6 8PH,A,2024-10-15
d84d599a-ecea-4914-98df-09542026d060,53.397522,-2.303717,363752,2,terraced,Manchester,M30 1JO,D,2025-07-31
b4bdcbb6-91fd-4a24-a27c-d2f52c0a56dc,51.486566,-0.241512,1021443,4,terraced,London,EN10 5YH,G,2025-02-12
9689015c-00e8-45f3-beaf-d7910b0568d2,51.485104,0.011646,329337,1,flat,London,E14 0HM,E,2024-09-07
32c4aad7-cb17-4dfb-8a2b-dc911d5e4d54,52.970934,-1.211221,311568,2,bungalow,Nottingham,NG28 8HK,C,2024-10-24
215ec0f8-488e-4ec9-9515-f02cf2b7f5be,51.514872,-2.789097,688616,2,detached,Bristol,BS6 2UR,C,2025-08-02
176ad775-2ca9-4179-b98c-30d51e8f8cbf,55.035657,-1.650507,347315,3,flat,Newcastle upon Tyne,NE29 8ZA,F,2025-04-20
b2064750-c662-40ff-b01b-65fa20bef839,51.529821,0.052519,932289,4,flat,London,DA32 7PE,E,2025-06-08
72a07b02-7cdc-4ad5-bfb6-0443f5beb648,52.392998,-2.055673,399498,2,semi-detached,Birmingham,B17 9ZL,A,2025-05-31
d07e4d9b-2873-44f7-93b5-1676a6b83872,55.990562,-2.954121,397602,2,terraced,Edinburgh,EH4 2UO,F,2025-02-14
bc2516cd-f0e1-4843-8cc6-061e3578ff60,51.48782,0.102245,771666,3,flat,London,DA20 9PB,E,2024-09-11
9ddf9e08-e5e0-4af8-a391-d88057071036,51.491471,-2.569095,584455,2,semi-detached,Bristol,BS16 7KO,E,2025-02-19
bc98efe8-f9b2-4c2a-9715-400fcea6615f,55.929512,-3.265841,342101,1,semi-detached,Edinburgh,EH8 2JH,E,2025-08-28
97a7f3b9-5c9e-4e40-b688-014f69869241,51.576104,-3.052701,319847,1,semi-detached,Cardiff,CF20 6DM,G,2025-06-10
8f9d4421-5e8e-4b65-a61a-9df44eb77154,55.76288,-4.257843,315229,2,terraced,Glasgow,G35 8ZX,D,2024-11-18
cbb050e3-0e1c-4a01-b67f-5f72a16c637f,53.3238,-1.418742,708412,6,flat,Sheffield,S12 8EE,D,2025-08-12
55492f2c-a7dd-4eee-ad51-5ae11708c782,50.933694,-1.379995,234434,1,flat,Southampton,SO6 0SO,C,2025-03-16
342ddc81-058d-47e1-b36e-220b3ed1d0b7,55.935731,-3.026933,1092503,6,terraced,Edinburgh,EH21 9NN,D,2025-05-27
9f17eb58-822f-4ba0-b508-db8903d1640a,53.376452,-2.184484,232101,1,flat,Manchester,M9 1EF,E,2025-05-24
a34abb0d-5120-4133-915a-958b1b83cdc4,53.958144,-1.060057,404853,3,flat,York,YO4 7FZ,D,2025-06-24
b85f57ab-8416-4685-b9ea-8a9de81cae23,55.867462,-4.356397,369058,2,bungalow,Glasgow,G14 9JR,E,2025-05-15
076b9500-5e92-4ba0-8c6c-ca3a07ed8425,52.385145,-2.224854,493010,2,bungalow,Birmingham,B8 7OT,D,2024-09-22
28b7e211-3946-49ca-afee-072d746116bf,53.462371,-2.539923,266988,1,detached,Manchester,M8 7FR,B,2025-08-15
55328938-92d6-41e9-838a-894afec3d741,51.378068,0.024884,728446,2,terraced,London,NW4 7EE,E,2024-10-03
6ab7b691-36c7-4f22-b658-cf11be4fbd76,51.462153,0.442302,733574,2,terraced,London,SM31 6FR,B,2025-04-01
54ba55e8-9711-430f-9df0-0ea03066f1cf,51.356383,-0.092905,1853292,4,detached,London,SE4 7DZ,C,2025-03-22
9b33782b-8e85-48ed-8c78-c1f186c97194,51.273505,-2.789843,939507,3,detached,Bristol,BS14 0CT,E,2025-07-04
7a7f3d20-4a4f-4d34-9e0b-3a36d4859b95,51.828522,-1.272332,459096,2,flat,Oxford,OX3 7WJ,E,2024-10-17
010c768f-8126-42d0-a096-20ea08cb3bc6,51.412574,-0.316407,1225244,6,flat,London,SM23 3GY,C,2025-01-28
41d4c0f5-6a8c-4751-8e02-3dd4b09c7ded,51.448428,-0.19155,699374,2,terraced,London,KT7 5WE,A,2025-05-04
c250db5d-2ea6-4c4f-b223-411ce1478580,52.879299,-1.320211,445174,3,terraced,Nottingham,NG7 7OO,E,2025-05-09
c349323a-4903-45fb-a691-bc5ba0eba220,54.580127,-5.884793,292327,2,terraced,Belfast,BT31 7SS,D,2025-06-10
a069c6fe-8e62-4adc-96b9-d77322f9ed95,51.506925,-2.569779,560541,2,semi-detached,Bristol,BS3 6NF,B,2025-01-30
fdbd0743-79de-4293-94d5-b4390eb1ed10,52.967043,-1.157066,368542,3,terraced,Nottingham,NG7 5AS,E,2025-06-04
55dd1e71-3b4f-480b-a8e9-604bd9a0a1f9,52.975093,-1.116736,239653,3,flat,Nottingham,NG8 7DL,G,2024-09-15
f8554815-439e-44b7-88ca-c66d2ca9505c,51.666339,0.168656,821070,2,bungalow,London,SE5 6DE,E,2024-11-15
72062b18-2147-41fc-83d0-695414fbd2a8,54.958418,-1.443762,368351,4,flat,Newcastle upon Tyne,NE12 9SN,D,2025-08-05
4879f85c-8c49-4763-a47e-867c5e1fc6a1,52.17538,0.298834,712072,3,semi-detached,Cambridge,CB16 9YD,D,2025-07-08
7130ee2b-1c87-496f-9fcc-b7d1657423e7,52.496372,-1.755515,395016,3,flat,Birmingham,B24 3AO,B,2025-08-26
3c176f42-ecf2-4c8f-a836-c6db450e8a6d,51.618813,0.154335,1170662,3,terraced,London,KT3 9PP,C,2024-10-18
51d2b2da-eda8-483d-8af0-08751b67ec7a,50.894947,-1.518766,521387,5,flat,Southampton,SO18 9NR,E,2025-02-21
7fcd1d83-cd53-48fe-b161-a76448b8e81a,53.284061,-1.497082,240500,2,bungalow,Sheffield,S15 7JP,E,2025-05-14
e11bd5e5-c83d-4215-9154-b9565ac23c65,51.406652,-0.933544,434255,2,flat,Reading,RG25 0XC,C,2024-09-22
2d0ad103-0059-4aae-b9a6-9aa4987543a6,53.364643,-2.446159,272374,2,terraced,Manchester,M25 0YY,D,2025-08-30
9949df24-f3c1-442d-8749-248bca539a81,50.871252,-1.358978,391590,2,terraced,Southampton,SO5 6ZG,B,2025-04-02
e6f210b6-5132-4d2c-92ad-f0a5def02ece,53.301425,-1.304657,409295,4,flat,Sheffield,S25 5YF,E,2025-04-28
825cdb4a-ebfb-4611-8734-9dce5d737d23,51.096536,-0.179676,969053,4,semi-detached,London,TW14 0UU,D,2024-09-24
f7852007-8fef-48e2-a398-d38c361a610b,51.483944,-0.202896,1372869,3,detached,London,WC35 0TF,C,2025-06-16
b3d3d362-7891-4cc1-9af5-3c67ab61ae2c,50.840879,-0.04289,592387,2,flat,Brighton,BN34 1SK,D,2024-10-01
f76b45f9-4520-45e7-ad18-7190b33ebd4b,51.565447,-0.260617,1567852,6,bungalow,London,KT26 2TO,E,2025-06-05
a0bd4e94-31a4-4ab8-bfce-77202ed967fa,51.557321,-0.295562,1197984,2,detached,London,DA4 0DR,G,2024-12-04
93f86ae8-7d34-4589-9fc8-2450d6cb7b5e,53.737212,-1.55061,269151,2,flat,Leeds,LS8 9WZ,B,2025-07-30
e5a74bdb-4573-4659-b28e-483baefb93d6,53.474093,-2.484032,378436,2,terraced,Manchester,M24 9AF,C,2024-10-14
e82873f6-a8d4-4dc7-aa9f-5527a0ce8dd7,53.354406,-1.549792,402677,2,bungalow,Sheffield,S24 3CP,D,2025-02-13
38cec435-fc0d-448d-9d18-9c788b7c6b54,51.832793,0.131566,857427,2,semi-detached,London,TW18 4RP,C,2025-03-22
65cccfbb-fd0a-47d3-8c9a-6ad783792b50,51.275166,0.038719,532315,2,semi-detached,London,SE27 0BR,F,2025-06-05
f7e1f135-1b92-4a00-b35a-f7c4ecdf7068,53.349811,-2.15122,158660,1,flat,Manchester,M29 5CO,C,2025-03-22
c8cd7158-cbff-42a7-bd2e-1d578460930d,51.322408,-0.393097,1234716,5,flat,London,EC29 1XB,B,2025-03-24
8f6b1c36-4003-4aab-8dde-a14cade6c23d,51.49496,0.108295,796709,5,flat,London,IG4 6JF,A,2025-08-13
d6dfbd2f-c984-4e8f-b33e-f9ab38c29864,51.647751,-0.349066,466326,1,flat,London,E25 8ZX,A,2025-02-28
f0b3926a-6b3a-45f0-b076-d144f3d4300c,51.454372,-0.341373,717290,2,bungalow,London,SM35 1KE,F,2025-01-15
22eb0b7a-22ed-4f47-8af3-c3effd9aa0df,51.464945,-2.755721,363870,1,semi-detached,Bristol,BS21 4NY,E,2024-12-05
861e5928-3f4a-47ef-a684-d32fe145f22d,54.533337,-5.911438,393534,4,terraced,Belfast,BT23 5LE,C,2024-11-13
2cbfbdef-d51c-4fa1-a5a7-5699770c7400,52.288936,-1.980938,217008,1,terraced,Birmingham,B34 2LN,B,2025-01-29
0c9fb1c6-b982-4e6a-ab4b-37af0affa856,51.443806,-2.59063,348918,1,terraced,Bristol,BS18 9LN,G,2025-08-26
283acff0-3268-4a6c-b4c2-2bd713c57c98,53.404629,-1.427011,498492,3,flat,Sheffield,S35 3FE,F,2025-07-09
d649a76e-5746-4d86-9909-318f2ccd6637,51.356494,-2.474702,867968,2,detached,Bristol,BS23 2KR,E,2025-02-28
379a6bb1-7e67-402b-b628-382fa3e1e067,50.775681,-0.074105,474210,1,maisonette,Brighton,BN1 1FM,D,2024-12-14
8c3e6028-bd98-48dc-9b97-7c6a29292503,55.852925,-3.415188,289040,1,flat,Edinburgh,EH24 1ZT,D,2025-05-19
15fc901c-8d5f-4040-b93f-323f57159244,54.737018,-5.881835,588221,3,detached,Belfast,BT30 1HH,B,2025-01-04
2dd575fe-89ca-4c04-8797-941222694f41,51.559982,-0.351367,385602,1,flat,London,BR4 2MU,F,2024-10-29
887d49aa-69fd-4421-96e6-b2ec1f91cc35,53.287842,-1.383367,314370,2,bungalow,Sheffield,S35 0GA,D,2024-10-31
2505ecc4-8b00-4fd4-a491-faf8f69b1fed,51.57978,-0.941065,944205,5,flat,London,SW18 9JD,E,2024-11-04
814fd7ff-f7c9-4cb3-a392-eb861f80a30b,55.05644,-1.949963,438432,2,semi-detached,Newcastle upon Tyne,NE33 5PT,D,2025-05-03
4c19345b-2cc0-4a3f-961d-32cf2dd34d12,53.457878,-1.395519,285952,2,semi-detached,Sheffield,S7 7ST,F,2025-05-25
004bdc27-ee12-4e01-aa64-a0c49d3ad49d,51.523974,-2.950021,267812,3,flat,Cardiff,CF14 5DJ,E,2024-10-06
d36cb7d1-a6af-415d-9dbb-423aed31f1cd,51.406517,-1.055627,561620,2,flat,Reading,RG31 0UR,F,2025-05-27
1c512159-d0a5-479b-ab5a-dc89b38364f1,50.8037,-0.146452,454183,2,terraced,Brighton,BN3 3HG,F,2025-05-27
e429fe2a-0530-4d5c-b01a-93f2de79610a,51.719707,0.027448,1050365,4,flat,London,KT30 0SD,D,2024-11-26
8b793743-c43c-49cc-97d5-b009745826ee,55.79666,-4.252804,251686,3,terraced,Glasgow,G14 2MB,F,2025-08-27
873fe92f-181b-4519-af5b-29c1087a6989,51.541257,-2.954626,452380,2,detached,Cardiff,CF6 4MN,E,2024-10-02
1b60c2de-0e34-43bf-8832-e19b51de7f6b,51.652919,-0.460974,797865,2,bungalow,London,EC30 2US,C,2024-11-07
e66748b4-2a10-44ff-9d16-985c1c262286,51.175984,-0.04852,693992,2,terraced,London,E27 3CX,E,2025-07-21
f592511a-58bc-4522-af68-b70e3d21c8cb,51.608384,-0.167677,569961,2,flat,London,KT8 4GH,F,2024-12-20
2dcf9774-e7cb-46fb-b476-c7a1dd074163,55.804321,-3.974693,250878,2,terraced,Glasgow,G2 5NR,D,2024-09-30
7577876d-3941-4503-ae4d-c87dfc892c6b,51.558962,-3.126457,430313,2,detached,Cardiff,CF35 8ZG,D,2025-04-27
80aae5f1-b6ab-4ade-ad17-bfb3f6b8d9a7,55.90922,-4.266037,155268,1,flat,Glasgow,G32 5NS,D,2025-05-13
3d5dbe76-514e-4641-82e3-90164ed6be10,50.856949,-1.464248,469584,4,flat,Southampton,SO32 8CL,D,2025-02-25
a01a73ea-dbba-42f0-9537-5192d1a44987,51.245719,-0.388363,596468,2,flat,London,KT12 1TG,D,2025-04-19
2649c06c-1409-4806-b5f3-bef550bb5fd0,51.287702,-0.545669,910912,2,semi-detached,London,SW35 8KF,C,2025-03-11
c9107079-4d47-47cd-b310-073d6d9a259a,54.72013,-5.871168,211987,1,terraced,Belfast,BT2 0BD,F,2024-11-09
ba070b40-aad5-47ba-be8b-c89fc9b8414a,51.409403,-3.202748,233231,2,flat,Cardiff,CF14 7CB,B,2024-12-04
b0828e43-0150-4467-95f5-ffe33ff7bf30,51.341596,-3.316971,390666,3,bungalow,Cardiff,CF22 0AR,D,2025-06-06
ca6f6325-bb09-46e2-8b21-a0b39a9ebb92,51.545679,-2.80371,423195,3,terraced,Bristol,BS22 5ZR,C,2025-06-03
98b32ff8-6d3d-42c9-89c4-48ea96eb3367,55.901429,-3.154555,313156,2,maisonette,Edinburgh,EH22 4SY,E,2024-09-11
49a51972-3956-4311-80fc-338dd9f1d995,53.519584,-2.280321,240066,1,maisonette,Manchester,M16 0GN,C,2024-11-17
3dcf49bb-55f2-4421-8bfd-d9c795c52042,56.118093,-3.092345,518690,2,detached,Edinburgh,EH25 4GJ,D,2024-11-07
d7fc3b28-705d-4625-94f6-1400d9e8c6b6,52.497465,-1.763841,548942,4,terraced,Birmingham,B33 9XS,B,2025-07-14
54665dbb-6fb6-4143-956c-9c1e8371351c,53.610105,-2.255358,537753,6,flat,Manchester,M29 3FK,C,2024-10-14
9025a5ac-b086-4f01-9589-0d985380db28,53.432593,-2.349439,521279,2,detached,Manchester,M17 7JN,D,2025-01-11
315cd811-9978-4a76-9745-36c134cd0071,51.403828,-0.950653,1023301,2,detached,Reading,RG5 2HT,E,2025-04-03
e046436a-8f34-4a7c-a778-ad6131217085,51.478737,-0.931752,402464,1,bungalow,Reading,RG3 4KF,B,2024-09-07
28e33465-deed-4f37-83fd-a39d64f212a2,51.550511,-0.078672,1713476,5,detached,London,SE17 0KZ,D,2024-11-14
976636c6-3186-4890-8c86-3d50dc9b8ea8,51.483124,0.225058,475497,1,semi-detached,London,UB18 2UR,F,2025-03-06
5c9d816d-9899-4805-b45f-d5ddd5c55f11,53.99493,-1.176502,535057,3,flat,York,YO6 3FW,E,2025-05-19
fc360699-207f-40da-a243-65059e336a05,51.547493,-2.620604,409910,1,detached,Bristol,BS6 5ZY,D,2024-09-18
ccbad002-e8f5-4306-a8a4-f5910e064ce2,51.396869,-3.208426,478380,4,flat,Cardiff,CF7 4BL,G,2025-06-30
08bfe298-2083-4612-9fbe-2e4cc2e28831,53.485954,-2.224136,507619,4,semi-detached,Manchester,M14 2HB,D,2025-05-11
0e538d0a-b1c6-4fed-809e-75a7a668b45b,56.017494,-3.125487,731603,3,bungalow,Edinburgh,EH3 1US,E,2025-06-11
bbfe8158-f267-4b2c-b595-289a1a822b17,56.036932,-3.068559,361437,2,flat,Edinburgh,EH30 7UR,D,2025-05-27
c73165ba-96d5-4abe-a6f9-cb3159349245,54.950926,-1.614293,293985,1,terraced,Newcastle upon Tyne,NE14 6CW,C,2024-09-22
66774f1c-f4de-45eb-9a59-a8790e19295f,51.741605,0.276528,1205810,3,terraced,London,SE34 1UG,G,2025-04-20
35fc3b61-036b-4910-a994-cee4bcc6a367,53.964889,-1.102805,580414,4,bungalow,York,YO35 7SH,F,2024-12-29
077d12f1-eff9-458e-a598-4fdd9469e984,50.891217,-0.0718,488391,1,detached,Brighton,BN17 4TR,D,2024-11-17
856c995d-1479-457c-a480-7b9622252e57,51.592727,0.123775,634805,2,semi-detached,London,IG6 1GC,F,2025-07-10
b11cfdf7-18e9-498b-aba7-9317ae63e720,51.18564,-0.441581,616964,3,maisonette,London,HA35 6OT,B,2024-12-24
e89539c5-c024-4d94-803b-7d1d049a58e1,53.78061,-1.547852,385832,3,flat,Leeds,LS29 7CE,D,2024-10-23
5f999e34-a24a-4d2d-8b80-48ce53cd74dc,53.295186,-1.451337,626016,4,semi-detached,Sheffield,S7 4FG,D,2025-04-23
3163940d-c657-402a-813f-e8be1287a752,51.38225,-2.576,523456,1,detached,Bristol,BS1 4ZK,F,2024-12-18
66f2a958-9a90-4c03-a307-f07b646db06c,51.538864,-0.368137,1363238,3,detached,London,EN24 7GA,C,2025-07-31
eb0728b2-b063-4def-990f-6617b9878fd2,53.366121,-2.977741,577805,3,detached,Liverpool,L27 8LS,C,2025-06-13
bf580435-b6d9-4acf-add6-16b80c7fd977,52.38721,-1.852881,257717,2,flat,Birmingham,B10 3HX,C,2025-07-08
f3deb534-252e-432c-9ffe-954129f884ab,51.515459,-0.180449,1213389,2,detached,London,EC32 9NE,D,2025-02-07
d4265441-195c-4c0d-9c9d-1eeeb07a5e6b,51.515356,-0.207369,583133,1,semi-detached,London,W35 1AC,F,2025-06-24
95ccb6db-91a2-4415-81df-4aea8548ae2e,52.119433,-0.725497,809401,3,detached,Milton Keynes,MK20 7FC,C,2025-01-30
2845ab3f-67f4-468e-93a3-89acd476340d,51.576816,-0.098803,1293861,5,flat,London,SE12 8PP,D,2025-07-24
eddcecfc-d0b7-4cb5-ae42-260406640b31,53.433461,-2.352066,405601,2,terraced,Manchester,M3 9XK,G,2025-03-11
a8369c11-6d55-483a-8966-631a7d35b362,55.819427,-4.300752,320709,3,flat,Glasgow,G18 4AT,C,2025-03-22
c53ff777-baf6-43ba-bcb8-fe0d4675f6e6,51.555358,0.108402,798729,5,flat,London,HA4 4TU,D,2025-05-04
5420a08b-3c6a-4356-be6b-a5978e4799ba,53.801808,-1.485033,278787,2,bungalow,Leeds,LS30 1KC,F,2025-07-24
0ea6ebed-6d71-431d-80a4-3d0dd21c48a4,51.472848,-2.700065,276453,1,flat,Bristol,BS23 0YR,D,2024-11-19
6d86879b-3cbd-48db-b987-323f38f8daee,51.508164,0.254442,1160897,2,detached,London,KT16 4NA,D,2025-03-05
a96af8d5-543b-4b87-b77c-c893353c90f6,51.329243,-0.178237,805880,2,semi-detached,London,BR16 3AH,D,2025-04-07
3cde0f0a-a2a7-47eb-9d3c-6aac93411a00,51.521169,0.084061,922694,4,flat,London,EN11 9PG,G,2025-05-22
a9e2a9c1-7afa-4a26-82d6-41c5378f068f,51.496546,-3.14036,571143,4,bungalow,Cardiff,CF30 4OB,D,2025-05-20
b3a0e6c5-db6b-4891-beee-de0cc4489dec,53.497958,-2.448825,305747,3,flat,Manchester,M29 3MB,C,2025-03-28
50f190c6-48b6-4612-a93c-0c0dc53df29d,52.415937,-2.294062,318126,2,terraced,Birmingham,B31 6UJ,F,2025-06-16
ec5a17f4-1ab9-45ed-a138-571b6549860b,52.02828,-0.707813,328757,2,flat,Milton Keynes,MK1 1PF,G,2025-02-18
2de0f210-9379-411d-9fc4-8b2d240c1a30,52.335779,-2.098312,217080,1,semi-detached,Birmingham,B32 7SW,B,2025-04-28
e24c8448-483b-4cb5-8aef-8003fbc54f6b,55.870021,-3.260628,423792,3,flat,Edinburgh,EH9 3KN,D,2025-05-20
ef97dd52-dfb3-4b31-a136-a53d2353ac8b,52.522749,-1.656651,441141,3,flat,Birmingham,B18 0ND,F,2025-02-08
27872d69-84b1-4188-a5ab-5c07df000888,51.533342,-2.648747,389355,2,semi-detached,Bristol,BS16 4OS,G,2024-11-17
02006184-e8f2-47c5-948e-603da007bbdd,52.357356,-1.654134,209826,1,terraced,Birmingham,B34 3GX,E,2025-03-16
0359eb49-9a03-44a3-96ce-61ab06c117b5,51.585433,-2.583945,237555,1,terraced,Bristol,BS6 7HJ,C,2025-02-26
69f189a1-d6b4-4e70-b6c8-b689e6ea563d,50.822799,-0.235369,682505,3,terraced,Brighton,BN23 9SG,E,2025-01-15
d2b34d35-7e68-4961-8d26-f24c3879ef88,55.800455,-3.347777,791191,6,semi-detached,Edinburgh,EH3 4SR,D,2024-10-13
e87e12f3-2e84-4d6e-a332-81fc6db78131,51.46711,-2.594111,385125,2,flat,Bristol,BS17 0RS,C,2025-07-27
988087d7-f3fa-48d9-8d47-b37b35be63ae,51.424263,-0.519377,570208,2,terraced,London,EN28 6PT,C,2024-12-16
c24fc495-2fc3-4e68-a65d-d4435c136f70,53.372214,-1.669547,232977,2,terraced,Sheffield,S3 4ZJ,D,2025-01-12
cdd35ee2-bd8d-46de-ae85-5f4b955a2f3f,51.335176,-0.028623,942827,3,terraced,London,TW20 5RR,D,2025-06-23
58ec5168-01b1-46ee-82af-df44a61e8676,51.661702,-0.569369,660086,2,flat,London,BR34 7HC,F,2024-09-25
82104e92-e302-4de7-95a0-9f1bd3548cad,51.671748,-0.417843,749921,4,flat,London,EN14 9HB,D,2025-05-01
f6ca3e3f-98c8-4a6a-97a0-af9089a17f82,51.462395,-0.428486,1033671,3,bungalow,London,TW25 3MX,E,2025-07-25
c36e148e-cc57-448a-bf53-5f5915430722,51.383279,0.00461,1197079,4,terraced,London,WC33 8EY,E,2025-06-11
a2566326-6792-4d1a-921a-3c44e5f2f28c,53.894948,-1.637866,276158,1,semi-detached,Leeds,LS31 4CN,D,2025-02-22
606a4bf4-8c73-433e-a21a-c41ceb1f06a7,55.89212,-3.154148,487438,3,maisonette,Edinburgh,EH3 8MJ,E,2024-09-24
dbcd07bd-8b7e-46cc-830b-1b072c842871,51.763894,-0.102302,1611866,4,bungalow,London,N18 9BA,E,2025-05-04
eb4f2b7d-ec07-47b8-9f3b-3a6154743af1,55.896851,-3.144514,466926,2,semi-detached,Edinburgh,EH4 1ZO,C,2025-03-29
e37d5c0d-4ee7-4a03-8a36-fc1959de0e79,51.794035,-0.097479,1923505,5,detached,London,HA15 2NL,C,2025-06-13
5376f474-35a3-4d6c-9c02-97ce36570e44,52.519152,-1.813485,374136,2,terraced,Birmingham,B25 3XB,E,2024-12-25
6b3de835-e79a-4e71-a935-59f0c617a6de,51.471754,0.010395,867219,1,detached,London,SM30 5CF,C,2024-10-29
509ded2b-8c98-4522-8fff-404359f6475e,51.260653,-0.284544,810454,3,flat,London,CR10 8LF,A,2025-07-31
586f705f-5679-4f1f-b261-79331fdd3ddc,52.505785,-2.132314,266279,1,bungalow,Birmingham,B32 6CU,A,2024-09-05
1434a738-cd8b-4e51-9def-4d48cbe062e0,52.480517,-1.984986,258666,2,flat,Birmingham,B9 2DB,C,2025-06-22
bcfdf165-0be7-404f-b0d0-80dc06e2e72a,54.491208,-5.705765,353973,3,bungalow,Belfast,BT25 9SG,C,2025-02-11
f418af6a-27cb-49c2-982f-7ecea40d3bc2,51.0869,-0.087858,746222,2,flat,London,UB31 8RE,E,2025-07-18
71c8c179-377d-48a0-8ec4-043144739aee,51.472448,-0.505236,1051603,2,detached,London,EN19 8CH,E,2025-06-03
afed468f-8e28-42b0-8b09-dff98564f075,51.413818,-0.396384,1028886,2,detached,London,W7 7EB,C,2025-08-06
ca3e5616-156e-4a30-9706-d337b951f625,51.99663,-0.746744,263368,1,flat,Milton Keynes,MK35 5LD,G,2025-08-23
df6fe361-cec6-45b4-a5fb-d5ef5111fe1d,55.985829,-3.35621,571137,3,semi-detached,Edinburgh,EH27 9SR,E,2025-05-22
95bae1e6-93af-418f-9175-1f15c22b21ae,51.539458,-1.071804,413027,2,flat,Reading,RG34 0BB,E,2024-09-07
c7037d06-c878-437e-9cc4-78bfc61a135b,51.407311,0.204235,859162,2,bungalow,London,KT35 7TB,E,2025-03-01
17b33b0d-8aea-48b6-9c7b-45da93c951b7,51.353635,-2.738251,867273,2,detached,Bristol,BS22 8JK,D,2025-02-02
375d2313-f094-49d8-8da7-2acd2446e39c,51.950485,0.139664,1260554,5,terraced,London,EN26 1KX,A,2025-06-30
435d39ae-068a-494b-9a3e-a72f10ed3da0,51.436213,0.097557,850213,4,terraced,London,SM14 6CO,F,2024-11-21
53705af1-ed62-46f8-b874-a879683bfc3c,52.572366,-1.712926,671255,4,bungalow,Birmingham,B20 4EC,F,2024-11-10
ab5c1e1b-c92e-4634-97e2-665ca50efc76,51.766099,-1.291128,563020,1,semi-detached,Oxford,OX15 4EY,C,2024-11-06
398fc2d2-7625-464c-9377-10a520abe569,51.710034,-0.445524,739038,2,bungalow,London,N32 8SO,C,2024-11-21
dacefc22-c9a2-4718-b689-85ca58312942,53.378867,-2.159317,567516,2,detached,Manchester,M35 8OC,D,2024-09-29
e4a952e0-72f1-4fc7-8d06-471ebc26e63b,53.420504,-2.255905,301025,1,flat,Manchester,M18 2RK,D,2025-08-12
6931e9ff-b3e2-4517-8a44-aaecc9822fb5,53.756343,-1.676115,349051,4,flat,Leeds,LS8 7KE,D,2025-05-19
3dd06384-e51a-47e6-a041-3ed26965015f,51.56172,0.278958,471956,1,semi-detached,London,BR27 4EL,C,2025-03-02
eab0b809-2ae1-4895-9e77-c163b83a3240,51.479034,-0.13648,1006928,2,semi-detached,London,NW22 4XH,B,2025-07-13
932830c3-78ed-4afd-8ddb-c315ec076c5f,53.842415,-1.822515,743989,2,detached,Leeds,LS5 6JL,F,2024-12-28
34282760-48b6-4050-9ae9-5feeb2638e0a,52.19774,0.183359,772066,3,flat,Cambridge,CB9 9ZY,D,2025-08-10
af6b30c7-3069-433b-85eb-379923667e0e,52.947583,-1.421005,302966,4,flat,Nottingham,NG12 3HN,G,2025-03-26
b1c335bb-c490-414b-8c32-5f125a9fadd2,53.857854,-1.450034,204812,2,flat,Leeds,LS7 1FC,E,2025-05-24
0da3b4a4-0fce-47b6-8caf-93e1b89e861a,51.458012,-0.026872,1477703,6,semi-detached,London,EC35 6SP,E,2025-02-26
7acf6b0c-990f-4c1c-9cb5-574a7f42bfa5,53.951453,-1.324126,259463,2,flat,Leeds,LS22 5NS,E,2024-12-01
0a6aa3bc-ee09-4602-a41d-971939ba34c4,51.62489,0.174539,767287,2,terraced,London,UB22 0NG,F,2025-08-16
88bbcb60-eb0b-4c20-b15c-3a5303db220c,51.37934,-0.324999,901926,3,flat,London,TW4 8TL,D,2025-03-08
72b360ae-0df7-4a5b-a4e8-1987fc3662a7,51.491402,0.07197,2148824,6,detached,London,SE32 4PW,F,2024-12-06
775f95d8-d11a-48bd-8b13-3b18fb4ca98e,52.257837,-1.412168,485709,3,terraced,Birmingham,B28 3EG,E,2025-06-02
b769b577-f614-41f5-850f-866a56960f69,50.826725,-1.387089,573346,2,detached,Southampton,SO17 2TM,D,2025-07-22
1c9d295f-71a7-4158-889b-37b5c6c3acbb,51.47568,-0.21653,485081,1,terraced,London,EN11 4RS,C,2025-06-11
6826cf96-7503-43fa-8c8b-51b14346e9b8,51.511716,-2.706369,548597,2,semi-detached,Bristol,BS19 8JK,G,2025-03-26
5a559dcf-a43d-426a-965b-2edae6e2f45f,54.930369,-1.412631,347527,2,terraced,Newcastle upon Tyne,NE24 5BR,C,2025-03-08
23216961-4077-4aeb-a51a-5533ad5da7d7,51.592118,-3.202501,381713,2,terraced,Cardiff,CF9 4EK,D,2024-09-10
5756c1ef-0f1b-41cc-8f33-4041e4667254,53.750508,-1.405839,494929,4,bungalow,Leeds,LS19 0RP,A,2024-12-07
6fd651ef-a12b-446a-9af7-ebdd164573ac,53.557405,-2.381315,309748,1,detached,Manchester,M13 8YC,E,2025-08-17
754c719f-f79a-47b0-9e67-cc5b03e5ddc7,55.062367,-1.164989,529177,6,flat,Newcastle upon Tyne,NE14 5ZC,G,2025-08-31
6f447a0d-2d57-4b8e-a0db-dac32158d2c9,53.964263,-1.089606,307358,1,terraced,York,YO26 7XR,D,2024-11-03
c95d47ea-24d9-45f1-b505-d7dd5d34252d,51.769201,-1.213777,343533,2,flat,Oxford,OX16 9YB,B,2025-02-14
b3bc6964-36c4-4976-adfd-981a7b02e299,53.542775,-2.229647,368244,4,flat,Manchester,M28 0PO,D,2024-12-13
a71fdf3c-5791-45b9-8652-2f4bb1d2e059,52.56778,-1.901054,336991,2,flat,Birmingham,B14 5BK,F,2024-09-16
2b656f71-a436-48d7-92f8-bcdee502c53b,53.008616,-1.328185,421071,3,flat,Nottingham,NG12 5CA,E,2024-10-31
5ae53db4-3f13-4145-8509-af69ea7eed5e,54.007457,-1.114881,693057,3,detached,York,YO26 8YB,E,2024-09-23
66830b62-2616-4739-95a9-3cb3649b5d31,53.463051,-2.389953,217281,1,terraced,Manchester,M23 1UT,D,2025-03-08
ad742fe1-6837-4b75-b5ed-423b1ac38156,55.894539,-3.406886,878186,3,detached,Edinburgh,EH12 8RP,B,2024-09-28
a7a278ce-57b7-45f8-8653-9a1199542b17,50.852383,-0.23087,618556,3,flat,Brighton,BN10 6CB,D,2025-06-26
dab63294-2e2b-42e2-85b8-402e0809814e,51.405794,0.15542,658028,2,flat,London,DA7 4WL,C,2025-05-11
7d2265df-a0f8-4c27-8679-1f4b7210d44b,50.952384,-1.508356,299827,1,bungalow,Southampton,SO16 1KK,E,2025-04-24
f126150e-82dd-4675-9671-0a4258434432,51.75549,-1.176446,458063,1,flat,Oxford,OX16 8HD,D,2025-08-05
d8a6d138-f7e2-4be8-b00a-d7da452435db,51.170205,0.140574,2798821,5,detached,London,W34 1GY,B,2024-09-28
dc39de71-abde-4fc5-9c9f-2a2c45a4bd79,51.928399,-0.703994,737077,2,detached,Milton Keynes,MK16 9ZJ,D,2025-08-12
462bcf79-020c-4493-a59d-af3e845291dd,53.367758,-1.410902,236698,1,flat,Sheffield,S26 6FZ,F,2025-05-14
fb10098a-a4d0-400a-bee0-57ac359e083c,51.364541,-0.231998,736125,3,semi-detached,London,BR12 1UZ,C,2025-03-26
d7aa9224-66b4-4413-b3de-c14f6e21836f,52.656845,-1.788484,610720,2,detached,Birmingham,B20 0TC,G,2025-03-24
8b17ef0d-a9c0-477a-9fac-ae2013b00a9f,50.756331,-0.078997,521414,2,flat,Brighton,BN8 0ER,D,2025-01-03
612f231b-c6db-405d-b215-e17b09f1a824,52.137908,-0.704583,205352,1,flat,Milton Keynes,MK27 0GJ,C,2025-02-09
ba0f1578-f736-46fb-98b3-40ac218e8909,51.587372,0.009732,448101,1,semi-detached,London,HA2 4HA,F,2025-01-23
f3ddf45e-c1ea-4a2c-96b8-08e0b48f164e,53.290668,-2.363888,247436,2,flat,Manchester,M30 8OL,D,2024-10-18
28038673-db5f-4391-bb13-2cc9aa06ca4a,53.546255,-2.289577,408452,4,terraced,Manchester,M13 8RP,E,2025-04-27
d341c8c4-67f7-45be-9e53-fecf43634391,54.555134,-6.028338,340529,2,terraced,Belfast,BT35 3MT,D,2024-09-09
1e177aaa-fd02-401b-aef4-cb5dbddfc3e9,51.49995,-3.259884,860186,3,detached,Cardiff,CF14 1PE,B,2024-10-19
bbf5c085-e095-4c36-aa95-558110a4a10d,52.436931,-1.669765,338102,2,bungalow,Birmingham,B13 5HR,D,2025-03-25
e444a557-3d0f-4e9c-8608-ffc169eb07dd,52.826008,-1.174548,291867,2,bungalow,Nottingham,NG9 2NB,A,2025-01-30
b025b9f3-46a5-41d9-85a4-307e6b1039fd,51.560521,-2.549811,290167,1,flat,Bristol,BS26 3KG,B,2025-01-12
4c9057f0-1302-4c60-a127-288424ef1edc,53.445893,-2.991937,302898,2,semi-detached,Liverpool,L29 1UM,C,2025-04-02
93a245e5-7179-44ed-b3d8-e450e85a65d6,53.569114,-2.285939,690732,3,detached,Manchester,M15 2YH,D,2025-04-26
99d631e9-b450-4756-a3fe-fdd20950c35b,50.82693,-0.134112,472157,2,flat,Brighton,BN15 9SA,E,2025-07-16
2f08fb46-5658-4239-97ef-23a0b66b2992,51.788521,0.411712,732040,3,flat,London,UB34 1HT,G,2024-10-21
e505c044-d719-4c2b-b9a8-8d3bfe058140,51.561174,0.281761,464578,1,flat,London,DA28 4YL,D,2024-11-16
20da88cc-e720-4edc-b4d0-f56afb301c23,52.253516,0.02985,421890,1,flat,Cambridge,CB10 6FS,G,2025-01-21
78f1774a-d0d7-4a77-9a69-591ddba31d0f,53.333597,-1.408967,381408,2,detached,Sheffield,S14 0TG,E,2025-06-26
269bf601-3f8f-4103-bd3f-54bb8f0ac06c,51.668142,-0.439247,1043138,2,detached,London,N24 3CM,F,2025-06-08
7703e513-98b7-4353-9f0d-b6f90f2e37db,51.661933,-1.066642,728362,2,flat,Oxford,OX21 7PD,C,2025-02-21
1ae62a00-9072-4b4e-957c-d3cc335db50b,51.502367,0.142731,594166,2,flat,London,SE21 3JR,G,2024-09-18
0aa0cd73-1c50-421d-b862-4b7c235e2576,53.320709,-2.247839,306529,2,terraced,Manchester,M24 7GY,G,2025-03-06
ed89d693-7897-464e-bbdb-14e1d36b77f1,53.285308,-1.471749,811820,5,detached,Sheffield,S24 1WA,D,2025-02-20
3f218168-948e-4de2-a33c-74e0fcc364c6,51.688085,-0.087133,1617927,6,terraced,London,SW8 6WZ,D,2024-10-25
49aeec44-bc7a-4c82-ab39-ff4e641bdabe,51.523277,-2.66684,717411,2,detached,Bristol,BS15 3UX,C,2025-06-30
68638503-125b-4f7d-bdda-28c65560a566,50.811172,-0.189043,522259,3,terraced,Brighton,BN13 6UF,E,2025-05-06
1839b435-45c9-4551-a83f-270badc82511,55.859847,-4.114743,235806,1,semi-detached,Glasgow,G19 5NZ,B,2025-08-15
414f359a-56b2-417c-861e-35a3909db3d2,52.68775,-1.816743,601336,3,detached,Birmingham,B23 5YF,E,2025-01-20
e1217b14-18d3-4979-a13a-806239fa2b42,55.043414,-1.39027,611497,3,detached,Newcastle upon Tyne,NE32 0OA,F,2025-03-22
49ce3d05-39e1-4b35-a0ae-4b44238ef1e5,51.510544,0.389376,542963,1,flat,London,N8 0TH,C,2025-02-04
ef8fccf2-5329-4dcb-bf5a-5862e3878bd0,51.779514,-0.275943,971653,2,terraced,London,EN17 3OO,D,2025-05-02
23089eaf-5a94-4362-bc5b-b3ed9f8a8306,52.481242,-2.180569,318334,2,flat,Birmingham,B31 3XE,E,2024-09-22
c9d505ac-3b2e-47a7-a027-20031015b2be,54.549619,-5.822758,467601,2,detached,Belfast,BT31 4RX,G,2025-06-03
b0033f21-90a2-4bcc-b839-813678f679d0,53.951909,-0.964332,508072,3,flat,York,YO24 4MP,D,2025-05-07
9b46e5ee-b3a7-43f5-aa17-ee9ac98441a9,51.454523,-0.308873,694920,2,terraced,London,WC5 8OL,F,2024-09-19
3881a372-101d-4f78-a5d5-1fefbef51ffa,51.481922,-2.765869,388150,2,flat,Bristol,BS7 6ST,C,2024-11-13
c39dd2dd-a737-4f15-b0f8-47b03fbefe0e,52.551961,-1.68839,315933,2,terraced,Birmingham,B13 7FO,G,2025-04-05
16b49dd2-c60c-4267-86a7-0ec491ef803d,53.415003,-3.07883,340599,3,detached,Liverpool,L18 5KG,A,2025-07-27
96f9a72e-315f-4ed8-ac56-df65136461a0,52.729237,-1.984509,308431,2,flat,Birmingham,B8 4LA,C,2025-05-20
9f256329-c864-4ed4-ab07-0a6baa82acf8,53.428723,-2.860297,208711,1,flat,Liverpool,L28 2KJ,B,2025-03-20
9e451b65-565f-4f1d-bf52-778136f8ff66,55.94637,-3.925267,285614,2,bungalow,Glasgow,G19 3AB,D,2025-04-18
43c49447-5508-4a3a-9c8a-7eeb1c4ce2a6,52.501884,-1.837859,250410,2,flat,Birmingham,B1 2AE,F,2024-09-14
902d05bc-9ebc-4db4-a25f-89b56e7ded17,51.574351,-0.42199,694332,1,terraced,London,UB10 3CA,C,2025-03-11
9338aba1-1f88-4294-b63d-e58df5043feb,53.450621,-2.067753,335883,2,flat,Manchester,M7 8XJ,D,2025-07-29
4cb86012-c7ec-4182-a500-7ab3e6d0d400,53.902578,-1.087012,589001,2,detached,York,YO19 2EU,D,2025-01-28
82b7a2c4-eb98-4499-874b-edc3ff584291,51.854346,-0.176232,1176322,3,flat,London,BR5 8JS,C,2024-09-25
7a71146b-2749-491a-900c-4a5ae9371562,55.961273,-4.257645,243285,2,semi-detached,Glasgow,G34 8XP,E,2025-04-12
afa58dcd-9add-4711-80a4-62f70d1e9f29,51.403329,0.018241,666228,1,semi-detached,London,TW11 0DC,F,2025-04-30
4c4f1763-3e07-4f2e-9aae-863231689e57,53.92958,-0.971459,502805,3,semi-detached,York,YO30 6UJ,D,2024-09-08
044b2401-0400-4652-960d-7dc74f612c05,51.51219,-3.168527,405038,5,flat,Cardiff,CF31 5HB,F,2024-10-09
4c28ea5a-f873-438a-b222-b3130bdec72d,52.542576,-1.792822,589026,2,detached,Birmingham,B6 2DR,A,2025-06-19
0ab1dffc-6f42-412e-82e9-817956d1a401,55.003327,-1.65303,338300,3,terraced,Newcastle upon Tyne,NE19 9ZL,D,2025-05-06
4b5b742c-ce92-4e25-a888-b34aabac7d09,53.226484,-1.419467,349728,3,flat,Sheffield,S9 8YD,C,2025-08-14
1731ab56-1c8f-4032-a422-4db58c22cc23,51.263193,-0.17746,1112074,5,terraced,London,NW13 1SL,F,2025-01-15
f054835e-3d6c-459f-9c4c-a8103064a8bd,51.487395,-0.72174,716367,2,detached,Reading,RG19 1CG,C,2025-07-27
2861ed00-31bf-4927-845e-57cee711796a,51.563722,-0.304047,811460,2,semi-detached,London,SM2 5EZ,A,2024-12-10
be8691bf-cf4b-43a9-a2b5-5d7fa5546b2c,51.435751,-0.268708,636881,1,terraced,London,BR18 7AW,E,2025-01-03
2d6d8400-df71-47ae-ada2-17c49a5ca03a,51.907638,-0.098276,913889,2,flat,London,IG3 2WA,D,2025-02-15
cfcc07a1-afcc-47ca-a9b7-2d125abd4faa,53.905242,-1.550157,306422,2,flat,Leeds,LS3 8LX,E,2025-02-27
0cbe8f96-9b35-431c-8b77-0aae0edbaa12,50.889821,-1.483299,357962,1,flat,Southampton,SO16 9FE,E,2025-05-04
ac0f0861-e894-43e3-8f3f-0fe464b4fc80,52.198307,0.143439,1328587,3,detached,Cambridge,CB16 4NX,C,2025-05-07
597d12bb-260f-41e3-8a5e-bcb3f0c1dacf,55.845709,-4.204703,401307,5,flat,Glasgow,G2 3TO,B,2024-09-05
c5806b1d-1faf-4c03-bf4a-ecac8f19ecde,51.457173,-0.200655,1171249,2,bungalow,London,EN34 1FW,E,2025-07-26
d962fcd0-82c8-448d-be53-82126714e30f,52.826623,-1.220516,481489,5,flat,Nottingham,NG29 6MT,C,2025-05-29
31d9f1ff-7d8b-4230-9099-e7eb3d9bc743,52.578669,-1.723367,354846,2,bungalow,Birmingham,B10 5ME,E,2024-09-05
3cc0a85d-f34c-4196-af62-a4de0270fcd1,51.600022,-0.044969,1170220,5,terraced,London,W24 8OY,F,2025-01-22
51262b33-7ef3-4669-84a0-3da37349ba18,51.317765,-0.303829,1355952,6,semi-detached,London,BR11 0DF,E,2025-05-24
e23dde72-9783-4f15-b7c3-300d02b48d24,52.017496,-0.798708,231344,1,flat,Milton Keynes,MK33 6WZ,F,2025-04-07
3f35f17a-4475-4bd8-8571-f501c2aa45c5,55.913815,-3.262734,683359,6,flat,Edinburgh,EH10 7YK,F,2025-03-09
94a22a81-18e3-46d9-8d11-ad1ffe7744c1,51.455355,-2.762553,466481,2,terraced,Bristol,BS19 7BO,A,2025-04-27
0172d39b-3441-4efd-8a10-4379cc7e4df3,51.540578,-0.308173,655156,2,maisonette,London,EN8 7ZU,C,2025-02-14
d1155637-27e3-4164-a24f-81f76e5ecad7,53.415477,-2.373275,565484,2,detached,Manchester,M31 8OJ,C,2024-10-11
4f1edbc5-3661-4cee-92cd-5e75d57792d5,51.458285,-2.601038,319522,2,flat,Bristol,BS1 2JG,E,2024-09-24
0e93086a-5315-453d-ae25-1f110bafe464,51.448942,-2.66008,996112,4,detached,Bristol,BS3 0LJ,C,2025-04-08
bfb4903f-084d-44a5-8271-2ff11549e14a,53.368536,-2.991375,204556,2,flat,Liverpool,L17 0TS,D,2024-10-31
d1f887d1-c90b-4e98-9a00-81e81eae0f5e,54.629781,-5.971727,274551,2,terraced,Belfast,BT11 2WY,D,2024-09-21
3783c620-d343-4851-a43f-00b0c6c79594,53.959545,-1.535676,358116,3,flat,Leeds,LS1 6RT,C,2025-06-11
adfbec51-e27d-4e7c-81c2-59c479b431e0,52.395812,-1.565121,262109,2,maisonette,Birmingham,B12 9CP,D,2025-02-28
5a49d2ba-3f2e-4852-bf74-90a4ba13548e,51.442411,-0.142008,822176,2,terraced,London,SE17 6OG,C,2025-03-28
3383572b-63f2-4ab9-924c-1eb314c5bcc3,53.725238,-1.701107,321900,2,semi-detached,Leeds,LS35 2NB,D,2025-07-21
0aa7036f-49fb-49b4-90d6-b5fd5d1105e1,52.502191,-1.65766,323232,2,bungalow,Birmingham,B16 1YX,E,2025-03-22
9d716d02-cb2d-4d63-893c-9ad86171ae04,55.850858,-3.37832,437187,2,semi-detached,Edinburgh,EH25 0OO,E,2024-11-04
c69dbc21-5473-4612-bacd-84e6127dcf8e,51.399653,-0.113699,883687,2,detached,London,HA33 7CM,E,2024-12-10
a78abac2-2a88-4764-a41a-4d4fa61ad5c8,53.863511,-1.904033,385595,4,semi-detached,Leeds,LS1 6FD,B,2025-05-19
f522a7fc-0f7d-4bcd-ad69-ccbfb10bb807,52.618559,-1.946411,261826,3,flat,Birmingham,B17 4WU,C,2025-07-11
e12acc11-35d3-45bc-9857-5848bb04571e,51.117363,0.231218,555302,2,flat,London,EN1 0ZW,C,2024-10-26
51a63d80-6d80-46b0-9d3a-0640b5bcb731,51.553013,-0.294702,555753,2,flat,London,BR32 5SB,D,2025-03-31
e4e1bb84-e54a-44ca-ba67-0de817005ac3,51.553515,-0.230104,795079,2,bungalow,London,N26 9FN,F,2024-10-11
7eec8c7a-a04c-4a15-b348-1e7430a4163f,51.428665,-0.6959,877741,3,bungalow,London,WC7 9KN,C,2025-02-09
1464bd42-41d7-46b6-b0ca-e0450191f4c6,55.934872,-3.332461,460158,2,semi-detached,Edinburgh,EH29 4OF,C,2025-01-26
aba52aee-70e5-4f5c-9957-d68e69d7eda5,50.945458,-1.396026,319404,2,terraced,Southampton,SO13 1ZC,D,2025-02-23
e1066b55-3c60-482f-9f68-1524a5643cae,55.943314,-3.174088,372720,2,flat,Edinburgh,EH4 4PS,D,2025-04-05
7df4f677-3701-4580-aa24-a2780b80ecd1,51.469527,0.091629,1020176,5,flat,London,CR31 0FD,E,2025-03-02
cb996b6c-9a13-41b0-836d-94b2d4ee12ec,51.547605,0.201056,588973,2,flat,London,EC28 7XK,E,2025-08-21
b422ba63-f427-4b92-ad99-00451b8b6c4b,53.63445,-2.040729,302222,2,terraced,Manchester,M18 5DU,F,2024-10-27
d7c2d774-0818-49cd-8898-72290c68fc5f,51.974032,-0.895641,723092,4,semi-detached,Milton Keynes,MK26 5YK,E,2025-06-01
9bac0647-e399-497c-97a7-133003a1945c,54.962439,-1.757797,308044,2,semi-detached,Newcastle upon Tyne,NE27 0CR,C,2024-11-22
6983ac7e-af38-4f32-b958-a40d608155de,52.240482,0.204866,401264,1,flat,Cambridge,CB14 9OF,D,2025-02-12
e8752cfc-81e1-4f9a-b6e1-bd9ccaed0def,51.403093,-0.352583,911675,3,terraced,London,CR35 3NF,G,2024-10-07
7d299180-b4b1-4757-a7b4-15c63b450905,53.925632,-1.03173,407076,3,flat,York,YO15 4JX,C,2025-08-21
fe6affa9-603c-4001-8795-25ed6fae47ac,55.86946,-3.304609,222032,1,maisonette,Edinburgh,EH31 3CM,E,2025-03-12
67bdfe92-f3f9-4881-b7c9-0aa326cd0485,51.518514,-0.203638,649624,2,terraced,London,IG9 4UE,C,2025-07-22
02ac6b29-1361-4244-9dcd-f3e15f346fc4,51.722958,-1.055242,311322,1,flat,Oxford,OX35 8ZZ,F,2024-10-21
e589c27c-cfb1-488b-8166-db77676aa4a2,51.510503,-3.070872,480253,3,detached,Cardiff,CF31 1BM,C,2025-06-24
30eea060-1eda-4f3f-8351-a7dc7d05cdb8,51.783177,-1.273736,586631,2,flat,Oxford,OX25 3GL,F,2025-02-19
2b6e684c-f56f-4517-a070-61a723d8d51f,52.380008,-1.932599,320069,2,flat,Birmingham,B20 5OS,B,2025-02-03
afb05d38-1269-4fa7-8d3b-c531ed07b280,51.666618,0.174693,708334,2,semi-detached,London,N31 0OL,G,2025-06-22
2fa63d97-0082-4851-a1b6-35d89a1c0124,55.962567,-4.408483,485507,2,detached,Glasgow,G5 7FR,C,2024-09-29
d2f90a18-9ba8-4906-9362-c60ef0dec1e8,53.234943,-2.86305,169381,1,flat,Liverpool,L14 0JF,F,2025-06-04
cb3f8784-2e94-41ec-b537-1ca039af5602,53.48707,-1.748912,468042,3,terraced,Sheffield,S27 4CM,E,2025-05-07
e9038eb2-b53f-4475-af6b-a7b542331d33,53.335678,-1.657507,321312,3,terraced,Sheffield,S26 9ME,C,2025-06-06
bd50f8ac-1df2-4a46-bae3-b78fb3010cb0,51.747026,-0.367759,524702,2,flat,London,HA2 4NE,D,2025-03-14
a2ee271d-6fe0-4d0c-94df-b2854611d2c8,55.77275,-4.086598,351180,4,flat,Glasgow,G33 6WW,C,2025-03-20
2752d663-aed2-400c-9f40-5d99ed844bcb,53.820196,-1.543566,310170,2,flat,Leeds,LS26 3ZX,D,2024-12-13
2bfb1167-8583-4c4c-ab59-501a278da64c,54.897123,-1.38937,209330,2,flat,Newcastle upon Tyne,NE6 8TD,A,2025-04-02
f46c8f85-8e52-4387-9b57-8522502b2fad,51.526452,-0.17381,523938,1,flat,London,KT9 8AL,C,2025-05-01
439afe61-3f17-4990-a0ce-ded66a011060,53.965112,-1.221045,388131,2,flat,York,YO2 5LM,G,2025-04-25
6ce78316-37ba-40a7-97e7-f90953fc3ddf,51.884529,-0.020329,694114,2,semi-detached,London,SE28 1BE,D,2025-04-09
df224351-ed40-40f5-9ef7-dd819b768a41,53.566144,-2.415941,306177,3,flat,Manchester,M23 0BT,D,2024-11-28
77105555-dd64-437c-b9f8-6c5a75d3dfa4,55.87721,-4.2289,238254,2,flat,Glasgow,G11 9YN,F,2025-09-02
0874c954-b52e-4fd9-a01d-b0e6f1005755,52.281182,-1.980537,177378,2,flat,Birmingham,B2 9ON,E,2024-10-05
6f7c1d0d-6d2c-490e-80c7-0719623e1786,55.962935,-3.232144,359507,1,semi-detached,Edinburgh,EH30 3TM,E,2025-05-22
b6cff7ed-c5d4-4cdf-972e-948fea34c4e9,52.544729,-1.680554,750413,4,semi-detached,Birmingham,B3 1ZO,D,2024-10-30
90e7a1b2-3af8-40ed-a17e-b69b80b417d4,51.362493,-2.509747,345713,2,flat,Bristol,BS31 7OH,D,2025-04-28
f9515071-d715-4de0-b6d6-1b5acd3dc7c3,51.730411,-0.299376,1439816,2,detached,London,WC6 0ZO,D,2025-06-16
e94e412b-6396-44a4-a5c1-36535418fd1d,51.639928,-0.165978,757116,3,flat,London,IG34 1HU,E,2025-05-27
07e17ac5-55d4-4f8b-b695-518bf38df901,52.273416,0.255867,669213,2,semi-detached,Cambridge,CB25 5CE,E,2024-09-02
3cb66c7d-040f-43d0-9a00-3859e0054868,50.852048,-0.110082,472714,1,flat,Brighton,BN17 3SE,E,2024-10-01
04039472-af34-4c29-a193-b915c285f377,51.835267,-0.494524,589335,1,flat,London,N33 6UR,E,2025-06-27
ee7fc83a-651e-41e9-afab-a97d495045b2,52.28421,-1.970267,411533,3,terraced,Birmingham,B19 1CG,C,2025-06-27
c6294251-7f2d-4932-842f-45b24b12d725,55.898959,-2.879762,1030717,4,detached,Edinburgh,EH3 9NB,D,2025-08-19
77defdaa-3330-4bb0-915b-27a0268cd858,53.473374,-1.984799,328242,2,terraced,Manchester,M1 6TA,E,2024-12-21
35fbec42-5081-4221-8e9b-26fd12639569,51.5346,-0.063187,1323523,3,semi-detached,London,N27 9FU,E,2024-09-21
2356da50-b368-4e3f-b070-00be6afdbd9b,53.946841,-1.13526,237253,2,flat,York,YO30 2WX,E,2024-11-15
f20c06e7-a917-41d1-b2ce-838558d21de8,52.468007,-1.984549,262896,1,flat,Birmingham,B12 1CU,C,2025-08-17
2cd18925-402d-4c63-b5fe-1354e00fb792,52.647251,-1.987848,359438,4,maisonette,Birmingham,B35 4LM,D,2025-03-28
4cc405cf-f5a1-4ba2-84f8-17bbaeeadc11,51.597083,-2.951939,497845,3,semi-detached,Cardiff,CF21 0JN,C,2025-04-11
7e3c01e8-119b-4763-9e64-3ab20cb4776c,53.465897,-2.510387,271877,2,flat,Manchester,M15 8NO,D,2025-04-09
370a3a4d-e8bc-4b1d-87ec-8cc616ff2e74,55.999413,-3.135889,483480,2,semi-detached,Edinburgh,EH4 3TG,F,2025-03-08
6432d504-7185-49bc-8e08-7ddca0eb6c3e,55.006236,-1.544,203908,2,flat,Newcastle upon Tyne,NE4 8JE,D,2025-07-20
c5c65621-c923-4704-ad35-83823efab6de,53.41385,-1.573924,369769,3,terraced,Sheffield,S14 4GF,F,2025-02-24
9c55e9a1-4879-4eed-b81c-700ce99857c4,51.675078,0.464479,441763,1,flat,London,E6 5JD,D,2025-01-19
bed0422e-a586-408d-9763-ce3e38fcaca1,51.788815,-0.056316,614737,2,flat,London,EN25 3AU,C,2025-07-29
dcc53577-9ce6-4aba-ab87-2cf3986e9c7f,54.918573,-1.634721,430113,3,terraced,Newcastle upon Tyne,NE28 4KO,A,2024-09-14
cefc2c03-a190-471f-bb93-a5544e3802b4,52.981849,-1.270595,256533,2,flat,Nottingham,NG31 5BU,B,2025-05-02
86050470-cc13-4f55-aa5b-d3c4b84cd0b1,53.892861,-0.982193,347662,1,semi-detached,York,YO5 3GR,F,2024-11-06
d5b6f68e-fd18-404d-a9cf-2e54ea9edc60,53.832608,-1.496815,516256,3,semi-detached,Leeds,LS11 5LD,D,2025-01-03
3f8e0874-8951-4c76-a93c-17ef57e83ec2,52.560618,-2.13649,283399,2,flat,Birmingham,B14 7PC,C,2024-10-27
64a5d947-7317-4cf4-9b35-623f17bfc488,51.291043,0.100537,986506,5,flat,London,WC7 5XR,F,2025-03-05
e6413d35-ed01-4b7a-a68e-cc04a483f842,55.763881,-3.181831,239569,2,flat,Edinburgh,EH24 8TN,E,2024-12-23
aeef09b6-d2ed-4545-a0a1-efbee7f01606,53.450769,-1.618939,385066,2,detached,Sheffield,S8 8WX,B,2024-10-13
3e5c7fef-2cfb-405b-9a75-77733aba5d9c,53.445206,-2.943289,233429,2,flat,Liverpool,L1 0EJ,D,2024-11-10
4741e7a2-d23a-4501-8db8-02d111dea8e6,52.898895,-1.196102,420804,4,flat,Nottingham,NG2 3PD,D,2025-07-30
da956c6a-0a0b-465f-bba4-e59929f6065b,53.032257,-1.101256,296344,3,flat,Nottingham,NG14 5UU,D,2025-08-31
eb6eb321-b2f0-4dd4-a36a-0f020d8b13e4,53.437021,-3.030078,293998,3,maisonette,Liverpool,L17 1JX,D,2024-10-21
00399b15-13c3-4c36-9dc6-1f5296e4d2da,53.472182,-2.366431,153825,1,flat,Manchester,M34 7RH,D,2025-02-25
570a657a-2071-40fa-b508-e6e8764e990d,52.397575,-2.021621,422765,2,maisonette,Birmingham,B22 9FM,C,2025-04-26
2cc2fd4f-4840-4c80-b2dd-bacf504ab055,51.501502,-2.647319,396879,2,flat,Bristol,BS28 8BH,C,2025-05-26
c31b8cd7-1d31-4e6e-ae5e-a88bc1370859,51.523007,-0.817551,533096,1,terraced,London,EC29 8CT,D,2024-09-26
d3e21374-e167-4bbc-a712-748d5551ff65,52.205678,0.079726,759201,2,bungalow,Cambridge,CB1 5UX,D,2025-05-21
b3b8240f-d851-49e5-843f-a8329a34b17b,53.889753,-1.177138,572971,2,semi-detached,York,YO32 8PU,D,2025-08-22
dea9bcae-652e-4bd9-bd16-76b5e422822f,56.116566,-3.387311,486729,2,flat,Edinburgh,EH25 7KL,D,2025-01-18
6f12f37a-3fe5-4f1c-a2ca-bb28e1e9a299,51.475452,-2.79031,376628,2,terraced,Bristol,BS20 8ZJ,C,2025-08-27
468099d1-4498-4fa6-adee-6aaad72f3da3,50.842329,0.017527,1202877,2,detached,Brighton,BN15 8XT,E,2025-07-24
be58682c-5d71-4cf2-bed6-5ff0b5acf3f3,52.937326,-0.966387,355903,2,flat,Nottingham,NG34 4XM,E,2025-04-12
6bc606fa-96dc-4a77-afb4-c31c2d125e80,54.620587,-5.747514,820931,6,detached,Belfast,BT2 0XE,G,2025-04-25
49c76419-8b00-47de-b7c7-3305be82ea30,53.455091,-2.862456,417799,5,maisonette,Liverpool,L8 0YB,F,2025-06-13
8f1572b8-b47a-4d08-910d-beff2a50ee66,53.748965,-1.530295,464636,3,flat,Leeds,LS19 2XA,E,2025-03-01
93a97b45-8285-4517-a5d3-367f3038b3af,51.485943,-3.154139,202009,2,flat,Cardiff,CF16 1CF,E,2025-08-05
ce7156ca-e27d-4349-a17c-1cfbeb9c8365,51.581171,-0.292797,1276208,3,bungalow,London,HA5 2BJ,C,2025-03-11
cf03e9e1-e8e3-43bb-8c20-062ccf05dcd3,53.644534,-1.511735,248672,2,terraced,Leeds,LS31 7CB,D,2025-06-14
6210584e-9bfb-44f2-afd5-c23dc921635b,54.719569,-6.061582,193920,2,terraced,Belfast,BT10 9RT,D,2025-05-31
a15f532f-2a3a-484f-b607-f69b9881c05a,51.589504,-0.229166,550343,2,flat,London,SW12 6TJ,D,2024-12-11
08834c19-8d3b-44dd-83b8-d766ab140946,51.11746,0.018964,913467,2,semi-detached,London,SE8 1OE,F,2025-06-17
1ab9dccd-b390-465e-93b3-c7d61e21c62f,51.651275,0.447,627651,3,flat,London,NW12 1NG,D,2025-06-05
3e31631f-2858-4870-9be0-d495ad9e6650,51.422021,-0.246347,873909,2,flat,London,CR2 9MA,E,2025-08-17
fbaa88d9-c655-4cb7-b7f1-46803ac22975,51.736909,0.097444,1214169,2,detached,London,BR28 7BD,D,2025-04-25
663b7ed6-ddb7-4de9-8e49-081c775de76e,51.301413,-0.094618,729510,2,semi-detached,London,KT20 1DY,E,2025-04-13
deb9ecf2-3287-4a64-8871-a1d57156d037,54.653573,-5.857683,480654,2,detached,Belfast,BT8 8FU,F,2025-04-29
906756b0-1480-4571-8840-338c171e9f3c,51.500416,-3.241907,287441,1,flat,Cardiff,CF2 0HE,E,2024-10-02
7054cac0-e8ad-49d0-a20b-14c52e33ed18,55.889195,-3.251287,850985,3,detached,Edinburgh,EH17 6UL,D,2024-10-07
c64b54fc-7724-4ba7-9c3b-dfa417bcbf77,52.646123,-2.085326,307357,2,flat,Birmingham,B32 0NS,B,2024-10-30
7ccb71df-a711-4992-8c94-c7e90d249650,53.457164,-2.454626,647989,3,detached,Manchester,M26 9LU,D,2025-06-20
c0305980-0058-4bf5-b53f-41c51111f0e1,56.017086,-4.313773,391238,2,detached,Glasgow,G14 7ER,C,2025-05-01
7677aea1-be72-45bd-9b71-9aaf0af15e38,54.001394,-1.331962,171677,1,flat,Leeds,LS35 4GF,D,2024-11-02
62bb3b1e-4031-4e2a-bcd9-4082ccfbe3a4,51.832613,-0.302671,950395,3,terraced,London,CR21 0BS,C,2025-04-16
85b689b2-8807-4f8f-98d5-177665a2de67,55.878768,-4.264389,180816,2,flat,Glasgow,G15 9LL,D,2024-11-23
900e0068-f849-40ad-93ae-001d2d323788,51.339619,0.065466,1253450,2,detached,London,SM12 6ZY,E,2025-07-21
cacb9975-d457-4a35-8956-3bd1d3564350,51.316697,-0.113148,472151,2,flat,London,EC26 0HH,D,2024-09-22
bbdc207b-cdff-466b-8854-465c0ae2e7a3,54.586325,-5.779461,311476,3,flat,Belfast,BT17 3DE,B,2025-02-08
08aa9a92-8c99-4292-a229-3f2994cd5f35,51.475814,-2.633718,657957,5,semi-detached,Bristol,BS20 6ML,D,2024-11-25
449f792b-6d72-404c-b530-a50e17567af3,53.707651,-1.345497,541813,5,flat,Leeds,LS2 2SB,D,2025-08-20
7642666b-da5e-48c5-a704-cf51e1dde090,51.297585,0.149881,557014,2,flat,London,EN19 8WL,C,2025-08-20
b88e3004-5429-4f63-bb1d-9bac2b0ef603,56.004077,-3.22979,721655,3,semi-detached,Edinburgh,EH7 1LY,G,2025-04-15
1c56100a-4836-4adc-b83d-9c542f62e61f,51.717812,-0.48274,497294,1,flat,London,DA9 8NT,D,2025-01-27
868b5b46-2ff0-493a-b09a-ac0a59654127,51.535247,-0.142796,916716,6,flat,London,E33 7MT,E,2025-05-24
7d94fc0c-3025-4cab-bc9e-61cb92fb61a5,51.325116,-0.256609,1008392,6,flat,London,SE3 2MG,E,2025-04-05
c2ebb80e-6db8-4ec0-91b1-b9c0c080be26,53.52717,-2.224976,295151,1,flat,Manchester,M17 9LA,D,2025-05-03
f235fc9a-e806-44ed-ab09-b597e20b34f3,52.434773,-1.698278,255168,2,flat,Birmingham,B23 1GM,F,2025-08-25
d298a168-9ca7-43b8-b794-7c083b97a9f4,54.499448,-5.757353,190320,2,flat,Belfast,BT10 9NS,E,2024-12-23
6778f179-317d-444a-b9d6-e8cba292685a,54.976881,-1.476338,311645,1,detached,Newcastle upon Tyne,NE18 2AA,D,2024-12-15
bf4d0b24-b2b4-438f-8bfc-fc442f8ae9e3,52.424943,-1.785538,412544,3,maisonette,Birmingham,B2 8OX,G,2025-07-16
87a8ae30-18b5-4cfb-8f9a-00cab1321efd,53.960001,-1.126367,382507,3,flat,York,YO27 5RG,C,2025-06-16
180e737b-fc20-487f-b5cd-d80e9e740d0e,51.413109,-0.088665,546399,2,flat,London,E21 4PA,E,2024-11-28
b791bd17-4c57-401e-b4cd-d1433e8b18ca,55.923704,-4.287495,181718,1,flat,Glasgow,G12 8RN,D,2025-06-30
74b59133-9ca6-48b0-b42f-16f311dc870a,51.430087,-0.164399,881578,1,detached,London,DA19 7RN,B,2024-11-11
db5dbeda-a9c6-466f-b2e5-ad60afba2946,51.356327,-0.298847,593829,2,flat,London,WC23 9FD,D,2025-02-03
8a242799-897a-4c82-b819-b1068a468800,51.653842,-0.747105,467565,3,flat,London,IG4 4LK,D,2024-12-04
f9b7bb2a-d9c3-4d8e-b9a6-33136e0982f0,51.404083,0.30738,424981,2,flat,London,UB5 7SZ,D,2025-08-08
194d09ec-943a-45de-afa9-cc7b699d68c4,55.882294,-3.074848,412634,2,flat,Edinburgh,EH35 9PG,D,2024-11-08
5daa4b96-1651-4bb4-8842-bf8f24423b19,51.459721,-2.321371,454581,2,flat,Bristol,BS12 0TT,F,2025-06-17
de8d442e-5e39-4c31-bf07-bf89db16bb9b,55.941723,-4.319872,254079,2,terraced,Glasgow,G27 4OW,E,2025-07-18
33c279e9-1514-498c-b7cf-80081ade788c,55.983474,-4.410871,295311,2,terraced,Glasgow,G34 8MM,D,2025-08-31
e24672b5-f2d3-488c-9435-9a60820d41c4,53.386725,-2.806527,565912,4,detached,Liverpool,L28 1MA,F,2025-02-24
9e534dbb-9d08-4278-af1b-4727b3ee18a3,53.029886,-1.244227,334429,3,flat,Nottingham,NG10 8CN,D,2025-08-14
588dfe83-d10d-4299-a208-bd998571ae22,51.403145,-0.105642,1515991,3,detached,London,UB31 5PX,D,2025-07-17
43cb25e8-5ff2-491d-b2af-06a80e239073,52.145804,0.166572,468625,2,flat,Cambridge,CB9 9PB,F,2025-05-26
e34b90a1-c2e9-4b34-8d22-a12553580ae1,52.557137,-1.853695,1148363,5,detached,Birmingham,B22 3CJ,B,2024-10-28
602764da-083c-44df-8f24-1998876c668e,55.06463,-1.538641,349728,3,terraced,Newcastle upon Tyne,NE3 9RX,E,2025-04-29
9f23518f-1a91-44b2-a73e-98a95cf19d1a,53.52726,-3.017602,410010,2,detached,Liverpool,L30 5GT,F,2025-04-20
7d5bdd03-f9a2-49d4-9a62-15d19479970e,56.077982,-3.187216,588603,2,detached,Edinburgh,EH33 7FM,D,2025-06-09
d4cec426-3208-46ae-81e5-58cb0233ea6e,51.410801,-0.28928,1357037,4,semi-detached,London,BR1 5SC,C,2025-08-22
f53cfcf3-38df-4aa7-918b-554642af5a50,54.654656,-5.930994,418768,2,detached,Belfast,BT12 4OY,F,2024-09-20
8260299e-4d7f-4f06-817d-4d3c7cc1ba37,51.571758,-3.173289,528467,2,semi-detached,Cardiff,CF22 7ZR,E,2025-07-14
f350c5e7-fdea-4c84-b797-9176a9428ea7,50.833266,-0.143451,506411,2,semi-detached,Brighton,BN16 2BM,E,2025-08-16
216b4479-58fe-467b-8b2a-afc7b6a538b3,51.223277,-0.064075,992863,3,semi-detached,London,SE31 1PC,C,2025-02-08
5f0fe150-9785-4669-9889-98a3e87aa629,51.317575,-0.679527,1208431,4,semi-detached,London,N17 3HD,D,2025-05-24
c98baf84-4dbc-45c6-8369-7919a7de71f5,51.472381,-0.245586,991488,3,semi-detached,London,BR10 0GO,C,2024-12-18
9e956406-814d-402b-ad98-d23a0c05fefe,54.598997,-5.816957,590930,6,semi-detached,Belfast,BT34 0TX,F,2025-05-23
e3bd200a-b961-4b08-a2fc-8da7bfd98ff4,53.360536,-1.337718,237597,2,flat,Sheffield,S32 7EK,C,2025-07-03
2a452c84-1260-4512-8e53-fd86620264d9,53.803729,-1.391246,339884,2,detached,Leeds,LS17 9BM,D,2024-10-24
746e4d26-aa03-43ad-b3ab-fc7752346f2a,53.416261,-1.560839,292983,2,terraced,Sheffield,S28 7BU,E,2024-12-28
2fbea380-f2c4-497f-bf54-85d420327f52,51.455378,-0.944883,313177,1,flat,Reading,RG16 9FJ,E,2024-12-05
f92c7cbc-7a42-446d-a8b0-b2d62fee7322,51.71909,-1.316563,564239,2,bungalow,Oxford,OX22 5ZS,B,2025-08-30
dc6ef22a-a710-46da-a589-db0fc1429c60,53.649,-1.487071,400220,3,flat,Leeds,LS11 0UW,E,2025-06-22
6c819609-4a98-41ec-8d67-6972d876f264,51.555173,-2.64156,1136521,5,detached,Bristol,BS3 9YB,D,2024-12-27
4a9a7cd0-8f05-4e60-bbfd-5dfd1f026842,51.536031,-2.478808,435965,3,flat,Bristol,BS20 1EF,D,2025-02-22
0b24e1c8-4187-49b9-86d8-7229943241e3,52.674122,-1.92452,328671,2,flat,Birmingham,B21 9EE,E,2025-07-27
327929de-924c-4340-ad5b-39529acdf436,51.103575,0.178422,570333,1,semi-detached,London,N26 3MB,G,2025-01-22
b9cb7c1e-3c1d-4c10-85df-7bf1230e8d8c,51.387827,-2.539023,378732,1,flat,Bristol,BS32 7GG,C,2025-04-05
e5b5172a-0c5c-4dce-ac3c-69ee90275a04,55.775009,-4.156149,677367,4,detached,Glasgow,G12 7AK,B,2025-01-10
501dcb95-f54f-4081-94fe-0afbde30a301,55.990807,-2.929442,555266,3,flat,Edinburgh,EH16 9WW,C,2025-01-07
a130c203-858e-4a1f-815f-3fea0445c5cf,50.92289,-1.370987,248871,1,flat,Southampton,SO10 9KJ,D,2024-11-28
f3836002-eca8-43e2-9e37-e54ccccd8aec,53.22872,-1.245464,292804,3,flat,Sheffield,S20 2GM,F,2025-05-15
0d22e62a-c300-44c3-ad3c-bbd09894737a,51.562924,-0.292163,595188,2,terraced,London,SE16 8GY,D,2025-03-08
2e303242-8f8e-431b-b6ad-b71d02ed1fb2,53.451332,-2.330693,403392,1,detached,Manchester,M26 5BZ,D,2025-04-02
6a445b55-cf4b-4295-8058-20456034fe0c,51.323722,-0.079959,593402,3,terraced,London,WC28 0NH,B,2025-01-15
0d353ab0-def9-42ef-a55a-33d47b3a8aea,52.082484,-0.817536,510033,4,maisonette,Milton Keynes,MK14 9CK,E,2025-06-25
7d087f8c-e93e-4629-9739-a956f72bcb63,54.565891,-5.830162,211274,1,flat,Belfast,BT8 5WB,F,2025-03-15
489c9d08-631a-44fc-98cb-989aacfe4738,55.901606,-4.657277,290983,2,flat,Glasgow,G32 3HM,D,2025-03-30
a3a4f7ad-9fc7-4e75-9c5c-2d7a99e46e42,53.891884,-1.467065,270885,1,detached,Leeds,LS5 7KN,D,2025-03-18
2416a653-f406-419d-8cff-38b533bf63de,54.960755,-1.526992,322628,2,semi-detached,Newcastle upon Tyne,NE11 0MZ,C,2024-09-27
0c9cc58d-ea68-4a96-825d-96b6e605e0cc,56.011399,-3.482465,380517,2,flat,Edinburgh,EH16 5HO,D,2025-01-15
b3115137-782b-4cdb-ba29-b03da2e07c97,51.430687,-1.08848,473990,2,flat,Reading,RG17 1TF,C,2024-12-23
8e7dac5b-f3e1-4852-bf9b-82b35d8f8480,51.448097,-3.052675,453646,1,bungalow,Cardiff,CF12 2MN,F,2025-05-21
b7c54bbf-8ec1-4df9-83d7-6b41cb2615ac,51.667232,-0.127145,528533,1,flat,London,DA5 2UY,D,2024-11-23
0dc8ce11-c70f-4a4a-8460-f3e1052d561c,53.460073,-2.076129,324869,2,bungalow,Manchester,M15 3YU,C,2025-02-05
e0c841de-c06c-443d-8f1d-3a9327fb51fa,52.291951,-2.122471,550018,5,maisonette,Birmingham,B1 2WW,C,2025-03-24
eaab3830-81a1-4be7-bab7-622d5bb99706,53.895545,-1.547691,190994,1,semi-detached,Leeds,LS31 4KL,D,2025-01-27
1c105bc6-9daa-4045-8a14-b9e1a134c4bb,51.454325,-0.032643,713879,3,terraced,London,KT11 9BP,E,2025-04-24
2acbed78-2f9b-40e8-8e23-67c290f16b1e,51.519631,0.1373,1246934,5,flat,London,SE4 9LN,C,2025-06-10
c41e65c8-e71c-48df-8b36-eac8df8c9de3,55.957627,-4.475865,346370,2,semi-detached,Glasgow,G2 9MX,C,2025-04-07
09774dee-78d7-41e2-9357-ae3b6f3ed8f2,55.946904,-3.027917,623888,2,terraced,Edinburgh,EH25 2HT,E,2025-07-25
5dc3a72a-f5e3-445b-b1b3-095a804c0d5f,51.285378,0.030102,556930,2,flat,London,BR6 9NO,D,2025-08-02
f6545ecb-15de-4b5e-9c04-43de33d0fa26,51.48919,-2.492898,711099,4,semi-detached,Bristol,BS5 8EB,E,2025-07-13
806bd6a8-d3cd-4b9f-b1dc-27c32dc2a70c,51.40455,-0.361883,710684,3,terraced,London,CR30 2RT,B,2025-05-29
6efb76d7-78c2-4bde-9bdc-5e112a1a7d2a,50.833304,-0.122192,426765,1,semi-detached,Brighton,BN23 9HT,D,2025-01-05
c9cc2dcb-ac80-424f-818d-3873c94d736a,53.769018,-1.522159,239964,2,terraced,Leeds,LS34 8KT,B,2025-08-12
d8220c0b-9c47-4586-833b-72b3e207f7f0,55.918954,-4.337973,418980,2,detached,Glasgow,G34 5YB,B,2025-07-29
d0c8385f-8feb-459a-afae-1ad7df96c494,53.399458,-2.950433,222322,2,terraced,Liverpool,L4 5AT,G,2025-02-09
ad771962-ab65-4e65-b9d0-b952a8fbc5ea,51.2126,-0.119128,919983,2,terraced,London,UB16 6JH,F,2024-10-07
8cac2f2f-84bb-42bb-bc69-dc1ab0902d6a,51.436794,-3.092494,307401,2,flat,Cardiff,CF1 7PC,E,2025-08-14
ed3c8b62-d607-4609-8fa8-fa9af96db0a8,51.579015,-0.176513,1141649,4,flat,London,DA6 2DZ,E,2025-04-12
857b8f8a-4ee2-49b2-95b7-c52698d5e489,55.930919,-3.201835,278791,2,flat,Edinburgh,EH35 2OY,F,2025-05-25
20ba74fe-9066-4743-b625-352bbcf70de5,51.333256,-0.381256,2335347,5,detached,London,DA34 4FG,F,2025-04-05
2c6da0f0-94e9-43dc-8a94-9014054882cf,55.874243,-4.398975,282480,3,flat,Glasgow,G18 6AJ,E,2025-03-05
f42f18b9-1195-46f4-8e58-96ff047629cc,52.940951,-1.098126,332857,2,semi-detached,Nottingham,NG12 2YZ,E,2025-08-14
0f006d69-52d5-4cbc-9526-e26d39363d6a,55.02586,-1.666157,270414,2,flat,Newcastle upon Tyne,NE27 1EZ,E,2025-01-26
e51ad138-eac4-4c6c-b850-0042917ac6d4,53.390546,-2.28623,255988,2,flat,Manchester,M5 7WR,D,2024-09-14
a40a2d5f-ecd6-4a33-a56e-91f95a92bad9,51.560764,-0.524924,1146472,5,flat,London,EN22 6FK,E,2024-10-05
4d353d39-e13e-4b08-9472-d910d2a8047f,51.441227,-0.419933,463313,2,maisonette,London,N18 7YH,E,2025-04-08
f5e987a3-d11f-4580-9693-36ef85688990,53.737781,-1.602262,586344,4,detached,Leeds,LS26 3LM,F,2025-07-24
1079cc36-be6a-4411-bd2f-5a3b67d2d214,53.519545,-2.225099,234672,2,flat,Manchester,M9 2SN,D,2025-09-02
1794edd8-18e6-48b3-b132-4a0341790d4e,53.328001,-2.062289,342278,2,terraced,Manchester,M25 3OJ,E,2024-11-25
fffb6697-2ac0-444e-a5cc-34bfdb3fd2ad,51.721768,-1.290678,388164,1,flat,Oxford,OX7 9AP,F,2025-05-19
996df5b2-5868-4929-ade8-ea010a06cdd2,52.196351,0.071602,629649,2,flat,Cambridge,CB24 2FW,D,2025-02-07
38413fce-9660-4109-a8aa-207b86d31a7d,53.387712,-1.314084,264229,2,flat,Sheffield,S10 2PE,F,2024-12-20
c2725d50-8c10-4c87-823b-383813ca30b2,52.999428,-1.00508,477161,2,detached,Nottingham,NG4 2MA,C,2024-10-28
6ae30b53-ad3d-4393-b869-03dcade24654,54.605819,-5.869318,212321,2,flat,Belfast,BT34 1XX,D,2024-12-27
3e5a4812-7ad7-465c-bfce-0ef947876dd6,53.544523,-2.168182,274405,2,flat,Manchester,M9 0CJ,D,2025-04-05
1130bd29-4eaf-4a30-bd85-8085679c6fd3,51.420515,-0.293633,736292,1,bungalow,London,WC10 4GX,E,2025-04-20
c77b793f-00ec-48ea-84b4-bf00db37946a,52.51636,-1.887001,258454,1,flat,Birmingham,B24 1RO,C,2025-03-26
cb03b2bc-2a74-4eff-9138-087daa78c936,50.972647,-1.41795,321751,2,terraced,Southampton,SO21 8KW,F,2024-10-20
9ebf7f74-991b-4910-9cea-3ceeebad3083,52.01562,0.002089,952993,3,terraced,London,UB19 1YF,C,2024-10-22
2f2e278c-3e77-46f6-b765-fcdd82daabab,50.896236,-0.257788,781418,2,detached,Brighton,BN4 6AP,D,2025-07-08
68781a3c-9f14-453d-8893-8d3e34ae2c68,50.940671,-1.376597,272552,1,flat,Southampton,SO8 6JK,D,2024-11-18
f868928b-5700-4a6d-8fd3-7edf5aad288e,51.502972,-0.05081,417442,1,flat,London,DA10 3RL,F,2024-09-27
37dd82d8-dc03-4536-8117-6c1fc2ce2811,54.961616,-1.688416,265198,1,semi-detached,Newcastle upon Tyne,NE7 6ES,C,2024-10-24
bdc5c880-ad22-4059-a490-40c8016b7a33,51.71145,-0.553816,973503,3,semi-detached,London,WC16 5TM,D,2025-03-08
70bcb140-5e36-4b7a-a233-1cc87e79c26d,51.507687,-3.108471,787862,3,detached,Cardiff,CF19 9XY,F,2025-08-09
d70035ae-2256-47b8-98b9-bce0f3572d98,51.413073,-2.509014,354223,2,flat,Bristol,BS29 5YS,A,2025-01-30
80b1d844-9661-445d-81e1-11fc5deca441,52.906673,-1.215476,419749,3,bungalow,Nottingham,NG3 1GT,D,2025-05-12
b59f97f4-d949-4ada-9b21-3757e99fd872,51.576232,0.192021,1283755,2,detached,London,TW12 9ZA,C,2025-03-16
b4519d4c-43d1-4012-8dc9-39f5fe7b4d89,53.729111,-1.695493,325358,1,detached,Leeds,LS32 3RJ,C,2025-07-10
9dea8230-41cd-4884-b6c0-6d8efa30ed31,55.705715,-4.334895,245759,2,flat,Glasgow,G24 7CX,C,2024-10-06
1a1fa581-7fab-4943-98b9-1ca79589bbfe,54.045544,-1.022134,428894,2,flat,York,YO22 8EO,C,2024-11-19
ab6c1309-838a-474e-901a-409303aae47f,55.843162,-4.206557,486460,3,detached,Glasgow,G27 2OJ,C,2025-08-09
553d9d1d-f8e8-4f84-bded-bf732d6096c8,51.990778,-0.798417,364724,3,flat,Milton Keynes,MK24 2ED,C,2025-02-15
b2606e95-1c79-4c54-ae4d-dc0e3703fcaa,51.33853,-2.462582,423149,2,terraced,Bristol,BS22 1AH,F,2025-03-24
e60ca5d0-7c0c-4498-a1a4-60401321f44e,53.702546,-1.654018,338603,2,semi-detached,Leeds,LS7 0YX,F,2024-11-28
b6fc774f-0d55-4852-9214-9619a1b20019,52.118005,-0.593197,334315,2,semi-detached,Milton Keynes,MK27 0CC,D,2025-02-24
f73e1e1b-cf4f-4b25-b53e-85adf8eff896,51.592965,0.298643,1034402,4,terraced,London,HA18 4GK,C,2025-04-06
d1db11cc-c0bb-4aa3-8039-21b4507cb3d6,51.744028,-1.347026,762128,2,flat,Oxford,OX33 2RE,E,2025-01-16
bb817440-8cc3-45f3-aa17-f0c39f150b50,51.524935,-0.302117,484342,2,flat,London,CR13 0ZN,D,2025-02-16
fc5a92e1-be44-42c3-9b8d-7f971c066ca6,51.547697,-0.259603,543179,1,semi-detached,London,EC29 6CN,C,2025-05-13
4ead70fe-053a-4c3a-9856-81431dd55a99,55.770396,-4.54072,429861,2,bungalow,Glasgow,G18 0HD,E,2025-08-15
77f13bda-e1d2-4d60-a288-f3d4a4013158,51.514791,-3.156949,229387,1,flat,Cardiff,CF31 6OT,D,2024-09-14
4e964c6b-8da4-4ea2-b7ec-c0add376dbf3,51.599498,0.07433,801111,3,flat,London,EN30 3DD,D,2025-02-09
a34a6fd9-7e4d-4338-9579-071af217e158,53.313488,-2.920151,322412,2,terraced,Liverpool,L30 2DT,D,2025-06-18
b65b64a3-05ff-4be1-a3da-d1fc060dfb8e,53.450314,-2.306191,288125,2,maisonette,Manchester,M20 0JK,C,2025-04-20
1a7e04ba-dfc2-4d79-a5cc-5f33a57dbc25,53.454501,-2.054348,453369,3,flat,Manchester,M12 3EG,C,2025-01-01
132ca67c-bcee-4f25-93b6-3b92e8322605,51.761216,-0.431123,440599,2,flat,London,EN26 3YP,F,2025-02-18
4c4a9e6f-95e9-4576-bee4-0f7d456ff379,51.566048,-0.519032,833361,4,bungalow,London,HA24 7DL,C,2025-06-10
73af7f61-64b7-400a-9aa5-22722984f032,51.620395,-0.05664,445886,1,flat,London,W4 7JB,D,2024-12-28
74e8bb5d-726b-4be7-87f1-8858f59e51d8,51.346624,-2.670128,429062,2,flat,Bristol,BS11 9PU,C,2025-06-18
d366dd9a-77b1-45a9-ad47-7f81ae7ccfa1,51.107179,0.087217,733657,2,flat,London,IG35 3PX,D,2025-06-15
b13da4f3-1806-4dd9-a6de-afaf06a7300b,50.873893,-0.000731,459438,2,flat,Brighton,BN33 8LU,E,2025-07-30
dfbd6d1a-d598-46fb-bb44-b8ab95511b21,51.296235,0.078468,647471,1,maisonette,London,TW3 6UL,C,2025-04-30
a2f7ad14-df5f-4a55-abfe-268b5a9f462f,52.990031,-1.057164,691968,6,flat,Nottingham,NG25 2LA,A,2024-11-22
c24781ea-e415-4eca-afbf-113eb50b1e4e,55.97377,-3.265322,406204,2,flat,Edinburgh,EH27 2UZ,A,2024-09-03
c6abdd73-dde4-4f8b-a3b0-09e2e8d5bd70,51.603787,-3.096382,388622,3,maisonette,Cardiff,CF8 5CZ,C,2025-02-04
09d920e5-9287-42ee-a531-50bdfc8cc882,51.334512,-0.229879,576808,2,terraced,London,SW28 3PC,E,2025-06-18
c91874eb-7516-4abe-b525-99f10d1417c7,55.91137,-3.765952,319496,2,terraced,Glasgow,G30 4LK,D,2025-01-14
cd7ac72c-29a9-44be-b9e7-11b3bca89f37,55.985894,-3.198154,439724,3,flat,Edinburgh,EH18 4WU,D,2025-08-06
9d24e076-1c97-4453-b6c2-0d4db66d89e0,55.906721,-3.347674,314480,1,flat,Edinburgh,EH14 6AK,C,2024-10-18
a91c2088-7e47-42d7-acb3-3770714cd655,51.548054,-3.11065,688975,2,detached,Cardiff,CF18 4MA,D,2025-02-06
480fc563-8b33-47c5-9a3c-c9df3a4bfff0,50.81243,-0.196287,452968,2,flat,Brighton,BN18 4LO,B,2024-12-14
1f466ec9-169b-4598-a11b-ab3378ccd513,52.45703,-2.032208,499784,2,detached,Birmingham,B8 5YK,F,2025-03-28
293404d4-802a-49b2-8566-05a68b0dc1a5,56.028587,-3.196415,407949,3,flat,Edinburgh,EH16 3FH,B,2025-01-03
00963352-6357-4676-99da-6cdffba6386c,51.589504,-0.369135,526128,2,terraced,London,WC6 3TJ,C,2025-08-29
f87a82fb-24fa-4d9f-95ce-c909ae61b945,54.594892,-5.950457,225352,2,terraced,Belfast,BT4 9UO,B,2025-02-13
fcfd3a74-5d2e-4b37-a899-231c3ce2fecb,53.382519,-2.973304,177374,1,flat,Liverpool,L19 4DM,F,2025-07-11
461c18a2-a414-4bf1-ae8b-c02d3527377f,53.043234,-1.265804,331993,3,terraced,Nottingham,NG20 1CY,G,2025-08-30
2d524230-7324-45f2-be82-4053cec1bfa7,51.366399,-0.223606,947125,2,detached,London,EC15 6EW,D,2025-08-03
8aabbf94-c258-4540-9de1-7506b99a87a4,54.562547,-5.971194,162426,1,flat,Belfast,BT27 6OX,E,2024-10-26
9fcfa396-c65c-47ec-a95b-a035dae1fd8f,53.721252,-1.654688,245787,2,flat,Leeds,LS11 0WA,G,2024-12-16
ff6f872f-d6c5-4dca-8545-a4bb668d38bd,54.941816,-1.667903,231438,1,semi-detached,Newcastle upon Tyne,NE29 2GU,F,2024-12-02
a160e89a-296b-40ca-acc1-46e7d81e276b,51.582072,0.199467,456366,2,flat,London,KT18 0AN,E,2024-12-14
ed4d1ac2-225f-4ec7-8624-579d099aef6a,50.954922,-1.452755,526719,2,bungalow,Southampton,SO15 0JY,D,2024-11-18
0a7ee361-4e4f-417d-9db8-57251bb99065,51.56819,0.030809,556653,2,semi-detached,London,CR12 3YJ,D,2025-06-26
60ec3c23-12b4-41a9-900e-2b2219d5194d,53.661677,-2.453161,424110,4,terraced,Manchester,M8 7ZG,D,2025-05-25
6a607a70-207d-4fa3-9e6b-969c019497a0,53.473602,-2.155728,476533,3,detached,Manchester,M27 0EO,E,2024-12-21
fbf944f3-0974-4787-87e0-cb162ce43587,53.582989,-2.297431,306206,2,terraced,Manchester,M9 0JM,D,2025-05-10
f58dda90-fcf0-4125-b495-f580b5f59c52,52.580357,-1.957127,202564,1,flat,Birmingham,B30 5JS,E,2025-06-02
66d6da0b-2df7-4570-91ce-7e7bc45c01ec,51.582448,-0.326986,644940,1,detached,London,E29 3DW,F,2024-11-23
048a9cc3-32fc-4784-97ea-5022a6fbf6c2,55.856708,-3.271836,248057,1,semi-detached,Edinburgh,EH32 6US,D,2024-11-26
b5b613cc-52a0-4d61-b427-f6934fde060d,53.84688,-1.410524,390046,2,semi-detached,Leeds,LS30 6PO,F,2025-08-26
ece53577-2661-4f10-b90d-2112310fcdf2,51.64836,-0.230068,742418,3,maisonette,London,E35 3OM,C,2024-10-25
d330ae5c-c3a4-4277-b710-d1600b53e852,55.982796,-3.462651,334979,1,terraced,Edinburgh,EH33 8PO,E,2025-04-08
831ef4c1-a8b8-46bb-8dd2-86e2fec94382,54.949687,-1.341187,485343,2,detached,Newcastle upon Tyne,NE25 6GL,D,2024-12-28
6d88ba86-8f84-4230-bfbe-7a826228560a,53.944074,-0.83404,701909,2,bungalow,York,YO14 7HJ,D,2025-08-03
598cbbe4-2323-45fc-9571-56a472a27938,53.792191,-1.614634,281946,2,flat,Leeds,LS8 7AE,E,2025-06-25
14ea444b-ab28-49b7-996f-63c01f93f65f,51.476899,-3.463505,449034,3,flat,Cardiff,CF25 3UB,D,2024-11-02
fbd1ea9a-197b-4391-9d83-5fe67a7b5a6a,53.920098,-1.18072,333313,2,flat,York,YO15 6DB,D,2025-05-05
a4071afb-8ae8-4dbd-ac23-62018940d9d3,50.933264,-0.043617,515748,2,flat,Brighton,BN28 6MB,A,2025-08-06
8538c61a-cd22-46d2-b7ae-f980f92b7078,54.027973,-1.048653,506887,2,flat,York,YO6 4YS,F,2025-04-22
3087b517-4070-415a-bcb6-f860e979fa05,53.808101,-1.640344,498393,3,semi-detached,Leeds,LS3 0OL,D,2024-09-21
18c6ab74-ebc2-4b54-8b53-3dc3fd137608,51.482405,-2.934759,546513,2,detached,Cardiff,CF21 3HG,C,2024-11-09
367607e9-c2f0-4bc2-a862-b49fe9a6585d,53.632035,-2.295032,812732,5,flat,Manchester,M10 3DM,G,2025-05-06
1c858a4a-622f-4b73-898e-6016328a90ec,51.402178,-3.12975,386675,2,flat,Cardiff,CF20 3PF,B,2024-11-08
2c5404b4-2f93-4270-9fad-392cfd897e71,52.008981,-0.576085,500680,2,terraced,Milton Keynes,MK12 8UK,C,2025-07-12
af116f81-8b23-4d4d-a64a-173092943a10,51.167153,-0.044983,357650,2,flat,London,EC17 7NG,D,2025-04-16
75bf84ec-bcaa-4990-a284-0828d679ad06,51.530032,-0.427834,895922,1,detached,London,SW28 6BJ,D,2024-09-02
610c8171-be69-493b-a4fc-ec4cd0e21462,51.935603,0.193697,1057893,2,detached,London,WC20 1ZL,F,2025-01-23
b61ae999-f83a-4a70-ae5d-7f53a5bbde10,51.401233,-0.408896,704279,3,terraced,London,DA21 1NL,F,2024-11-28
d0bdc10c-4e77-4ff3-8579-4df71d5829a8,54.594328,-5.80722,377629,3,bungalow,Belfast,BT25 0GA,D,2025-08-02
04c517af-1f9e-45c4-afe9-dda7e5ac163b,51.555911,-0.049526,328816,1,flat,London,BR3 9NA,C,2025-07-20
7fb7aec7-529b-4078-8047-7cf23e9d5d72,50.936528,-1.441103,316128,2,semi-detached,Southampton,SO6 8DT,E,2025-04-13
f131fb64-d7e2-4411-ab4f-2348f88bb5f7,51.42978,-0.129459,673134,2,flat,London,BR28 1HR,E,2025-02-11
f50dc18f-d1a5-44a9-b730-79fed6973ce9,56.097198,-3.127633,605354,3,semi-detached,Edinburgh,EH20 3OW,D,2025-01-01
e1e8c609-e16e-4e1c-8bbc-a77d405e62df,53.044385,-1.309409,379859,3,semi-detached,Nottingham,NG1 0KZ,A,2025-08-25
ddc3ca58-d93a-4a44-888f-dd39a119129c,51.06413,-0.753626,1473580,3,detached,London,N25 7DM,E,2024-12-03
f3e25de0-c083-423e-90a5-026c5b2fb81d,52.493498,-1.941901,525239,4,semi-detached,Birmingham,B2 4ED,D,2024-09-08
198a25ab-69f8-4bb7-8761-077f4c06c610,53.435381,-2.966747,223700,2,flat,Liverpool,L11 4NW,B,2024-10-19
e5004fef-83f1-4c65-96ef-7169d22bd6a4,51.428517,0.017775,670373,2,terraced,London,TW33 9JA,C,2025-04-07
edf2c437-b0cb-4e28-8cec-64b6cf4d7cc3,50.9198,-1.32358,531024,5,flat,Southampton,SO34 9FR,D,2025-04-09
666c77b2-9fd3-40b8-a8d9-04a0c5eb85ef,53.048006,-1.109318,579595,2,detached,Nottingham,NG13 9DG,C,2025-04-05
bf137d2a-b647-40d0-aed6-4dd61c8d80c9,54.596018,-6.145407,191053,2,bungalow,Belfast,BT11 5JF,B,2025-07-20
b2993959-b3e0-4ee1-8557-4197d6accfc5,51.655434,-0.294808,1853437,5,detached,London,N8 3NL,G,2025-02-07
e19dbd56-5a34-4f11-bb88-bdebebfa698b,54.5927,-5.859561,276655,3,flat,Belfast,BT24 3RH,F,2025-08-03
b612795a-f18c-436c-99ee-58808d4f34c6,53.383365,-3.03483,157853,1,flat,Liverpool,L6 4AG,D,2025-03-16
4ac76806-bcdb-4432-95d5-6e1d732c3e5c,55.891287,-4.246815,281522,3,flat,Glasgow,G4 4DC,D,2024-12-14
64d5b4e1-2f37-441d-a2f1-11921e9e4b65,52.203983,0.132205,808344,3,maisonette,Cambridge,CB34 6UD,F,2025-04-25
f0241765-b74e-41d9-b351-81e5f41ac13f,51.780164,-0.086446,821207,3,semi-detached,London,BR23 9GG,D,2024-10-31
f568bcb0-8b58-4b95-9858-201a580d670c,53.779021,-1.338506,373033,3,flat,Leeds,LS17 4XO,D,2025-07-13
6bc6f413-deba-41be-b136-96333cfe106c,51.709141,-0.451149,1355391,5,flat,London,TW23 6UB,F,2025-08-13
f023da69-7ad6-402e-8cde-e2d0dcc3071a,53.400815,-2.154226,438513,1,detached,Manchester,M18 2HT,E,2025-01-12
7611c132-f95d-445e-b92d-401c65a79e7b,53.580821,-2.202616,614820,6,terraced,Manchester,M14 2HZ,E,2025-05-23
a8342c92-61ea-4b83-9504-9de29255c3c9,51.48604,0.284026,762608,2,terraced,London,UB25 6EM,F,2025-04-17
08a96e5a-2a2e-4b7a-8789-6cbf9871d959,55.893769,-4.142411,415036,3,semi-detached,Glasgow,G10 0LW,F,2024-09-03
b1b47886-ce67-44f1-96bc-a40cb0ca2fe8,53.834911,-1.229362,225426,1,flat,Leeds,LS13 1YA,D,2025-06-23
33b3799b-4755-4a6f-9714-864eb845fe35,52.07981,-0.795807,350401,2,semi-detached,Milton Keynes,MK33 0MX,G,2024-12-17
d665df94-62d2-43c2-afa2-8601e1e7e04f,56.039604,-4.52896,222970,2,flat,Glasgow,G31 7LX,D,2025-01-10
0fa85ea8-751b-46f0-add1-b41e1ede00d2,51.590631,-0.332042,938813,2,terraced,London,UB22 4AB,E,2025-06-26
0a5d5ca8-a29e-40ce-80f4-48d76acf9081,51.637633,0.030444,897964,2,bungalow,London,SM4 1UH,D,2024-11-05
e51a16ee-1c2e-4847-bbe2-03e1dbd030c1,51.658839,-0.050772,622841,2,flat,London,W34 4AL,C,2024-12-14
59d8e14a-867c-4944-817d-e87e7a7a538d,51.516984,-0.416002,408948,2,flat,London,W5 6TF,B,2024-10-10
3c38281f-23e2-4473-98d1-9cfcb1e12af4,55.82547,-4.310239,262335,2,terraced,Glasgow,G15 1LM,D,2025-05-12
327ebc50-0321-4354-b0e1-b9dcd11e4f69,50.827134,-0.256547,744090,2,semi-detached,Brighton,BN18 3AX,C,2025-08-23
38ba2f4c-c2e7-4b45-a96b-2eff01056e0f,53.879589,-1.386984,167446,2,flat,Leeds,LS32 5HZ,D,2024-12-08
59e3e2c4-d5e0-4b75-b256-3938b1071abf,53.376399,-3.193454,205804,1,flat,Liverpool,L8 6NH,A,2024-10-23
c0b0b056-6fc1-4b2b-9056-f85956901ec6,55.897219,-3.431388,455651,3,flat,Edinburgh,EH11 9GY,D,2025-05-02
d86fe2a3-6e9a-4881-a285-72c7b8e15063,51.498359,0.207158,1518113,3,detached,London,NW35 9AZ,F,2025-02-09
2a3ea6a4-995c-4a26-8e6b-b3d7f67e2845,53.500039,-2.098815,471608,2,detached,Manchester,M18 3DG,E,2025-03-17
cc30eed5-d1df-4fdf-a681-13d2f51d3e76,51.180015,-0.067077,1307606,2,detached,London,HA20 2GB,E,2025-02-27
7f11410e-3568-45a3-9353-51a4b847aedc,51.978859,-0.775938,570576,4,terraced,Milton Keynes,MK11 4KO,C,2024-11-01
12ef251e-50ac-423b-8a10-69f2018b532e,55.887637,-4.322514,391409,4,flat,Glasgow,G19 6LN,F,2024-11-22
045721b0-eaae-4c7e-8cbe-66ae0e012b2e,51.67358,-2.621826,961957,4,semi-detached,Bristol,BS28 6AC,E,2024-09-09
c1361421-f16e-4129-a189-6993fdc14e42,52.908463,-1.104807,306300,1,bungalow,Nottingham,NG13 7CS,E,2024-09-22
d9e6e4fd-f1cc-4ef0-a096-6d084950aa26,51.506727,-3.257865,435089,2,terraced,Cardiff,CF12 6UM,B,2025-04-28
51373a02-61f5-4d55-91b5-99b2819e5430,51.448326,-0.558835,952205,3,flat,London,HA19 3EY,A,2025-04-12
c81bc4e7-232b-4c9e-8365-5ba92b15c916,51.601587,-3.365037,631263,3,semi-detached,Cardiff,CF20 9KB,B,2025-04-27
ce6c7e73-f439-47f4-ac2c-2bec5e227366,51.507921,-0.033636,648173,1,detached,London,WC8 1SH,G,2025-03-10
b0779c20-dfba-4947-b04d-485303f8fe2f,51.452877,-0.232904,906903,3,terraced,London,EC23 9UG,E,2025-06-11
24d43fd9-e112-4ec6-9bf9-b0807023cfc2,53.814975,-1.698298,347176,3,terraced,Leeds,LS32 5DH,F,2024-10-28
0d6e998b-e878-486b-b447-fcdae8834db0,54.634834,-6.154638,233914,2,terraced,Belfast,BT3 9ZN,C,2025-01-10
20dd5cd0-4f45-41db-a352-f0df79833472,53.80265,-1.7441,376953,4,flat,Leeds,LS8 9PY,D,2024-10-19
487e6fb8-9aa5-4ec9-a0cc-b6b798464331,52.564167,-1.797242,420150,3,terraced,Birmingham,B23 5FU,E,2025-08-24
cb487a4e-5424-4f05-a35f-2f5325cdbbe2,51.460192,-2.608935,318638,1,bungalow,Bristol,BS29 5SN,E,2025-04-24
e1aee8e2-a40b-4915-9dec-4908c333301f,53.369721,-2.196165,334357,4,flat,Manchester,M18 9DW,C,2024-10-13
a5858c69-e781-46c8-86b5-0a82a03904cb,54.570162,-6.27856,199253,1,terraced,Belfast,BT15 0RP,E,2024-12-30
aca76c21-f3d0-4aa2-877d-4c387836d540,53.536741,-2.169734,791487,6,terraced,Manchester,M25 8SO,E,2025-04-05
e26d311a-13ef-4127-a0ce-5542443af4e4,54.58611,-5.998587,482403,3,detached,Belfast,BT31 6SN,D,2025-06-01
94ca943a-3802-4f83-9eae-8e0a15feaf22,53.485596,-2.275883,344361,2,semi-detached,Manchester,M24 5GG,B,2025-03-07
73fae6e2-e0a9-48d2-b6e3-4c7677a97f70,51.629775,-0.362885,872975,2,detached,London,IG3 7MG,C,2025-07-15
675e8cf8-ba79-42e3-a450-074c1ed54906,51.431922,-0.147047,838947,4,terraced,London,BR2 9ZX,D,2025-02-01
76128e2e-b3e0-4353-bf3e-4d016de5cf17,53.498016,-2.209769,232885,2,flat,Manchester,M3 7FS,C,2025-03-18
fcfb6d46-3cb3-4631-90a9-2642d4948527,55.816769,-4.347763,531533,4,detached,Glasgow,G19 4ZF,E,2025-06-20
bb4e6d18-ff36-47bd-b6d7-d0f022b56c86,53.00162,-1.262258,736330,3,detached,Nottingham,NG11 8TR,A,2025-02-19
53fd1d9f-b8b5-4077-9f0b-500e7401760f,51.530168,-2.56447,838787,4,bungalow,Bristol,BS7 2DX,C,2024-10-02
83fc3a58-c094-4a7a-a47f-2f263f11f0f1,51.405525,-0.962264,294919,1,terraced,Reading,RG8 7JS,F,2025-02-23
13e127f2-c651-4973-8714-a34dbe6f2d39,51.514026,-0.972811,322219,2,flat,Reading,RG7 0RL,G,2025-09-02
ff6a6d2c-e9cf-4dc7-99c4-50061b89c428,51.78021,-0.642101,721712,2,flat,London,SE3 3BX,E,2025-03-26
d0a1c3fd-acca-4988-a744-a000aa9ad420,53.412809,-2.821735,525648,3,detached,Liverpool,L15 1GR,D,2024-12-23
061ee957-abf8-4fbf-b1c0-53cbe16b5d60,51.399421,-1.078651,806473,3,flat,Reading,RG27 4CS,B,2024-11-04
c4fb3357-77f3-462b-a783-082343d43121,55.933996,-4.238336,299317,2,flat,Glasgow,G9 4XK,D,2024-09-03
0f5d1b23-7202-47d5-8c47-4965b0d06e40,50.825467,-0.140757,456063,3,flat,Brighton,BN17 5RW,D,2025-06-20
e0decfbd-0c54-4f09-9d5a-3ab93d745721,53.553018,-2.337249,297288,2,flat,Manchester,M31 6ES,D,2025-05-05
8a91f2aa-0f07-42b0-922a-5a15ad3c37d4,52.287269,-1.96202,289984,2,flat,Birmingham,B22 9ML,F,2025-01-28
d97885b1-5b06-4ceb-a3a7-e50f1be20544,51.795986,0.152719,851266,6,flat,London,SW4 3WL,C,2025-03-05
ae111891-a2de-4405-b147-b5caba308b85,51.446027,0.829277,1197229,2,detached,London,HA28 1PJ,D,2025-01-10
1d9c2fb8-d999-4e89-9ec7-4a2ecfe2956a,52.503673,-1.835737,439069,4,semi-detached,Birmingham,B14 6LG,D,2025-03-15
0c28796e-56a2-4d73-8a9b-39a355daccce,53.344047,-3.008746,443230,2,detached,Liverpool,L15 5JU,D,2024-12-03
7d27b702-4df5-4f26-b072-6e1c866a3f1c,52.273863,-1.677913,215077,1,flat,Birmingham,B28 9OK,E,2024-11-14
c0f14a98-66ba-4418-9d8f-0d52a7b3430d,51.627388,-0.389923,1172502,4,detached,London,EC17 7ZM,D,2024-10-10
d43f4518-2a94-4b3f-b014-0664f7d00ddc,52.264938,0.025255,859849,2,bungalow,Cambridge,CB19 6YU,C,2025-08-29
49a0a4a7-0f3b-497b-ba54-2fc946f4d640,50.854284,-0.141742,835051,3,semi-detached,Brighton,BN22 1JR,C,2024-12-04
1a435e11-bff3-4997-a7f3-b7c0060db402,51.775423,-1.307682,749524,3,flat,Oxford,OX4 1DE,C,2025-05-21
484e29d1-a73b-4436-918c-c312d795b7a5,51.805806,0.036632,639374,2,terraced,London,HA4 6BN,B,2025-01-26
4363aeb5-34d0-46cb-8f61-add871af7348,51.769961,-0.504479,785430,2,bungalow,London,WC22 3JB,E,2025-05-12
198bcebe-5133-4278-a07b-7bb76ece9b2d,50.804702,-0.022376,1199192,3,bungalow,Brighton,BN4 7DJ,F,2024-09-09
2f08b4e2-9da9-44a9-9079-96d4e246d635,54.904104,-1.663805,289563,2,bungalow,Newcastle upon Tyne,NE9 2NE,F,2024-11-07
28f6d013-f911-4b1e-a317-9edfdc90d9f6,53.537139,-2.256517,519407,4,semi-detached,Manchester,M33 5RH,E,2024-12-03
f107399c-b692-4302-ac1b-28beb58b5bdd,52.206082,-2.19623,423378,2,terraced,Birmingham,B9 5ON,D,2025-02-20
aa758743-099d-4f58-b8e1-ee0a50031bd0,55.999946,-3.119033,429398,3,terraced,Edinburgh,EH5 7FP,G,2025-07-11
8cc09617-b237-4ec9-8ed4-ec72af368794,51.279503,-0.307449,627924,2,semi-detached,London,UB27 7AK,C,2024-09-30
ec4f8c82-0521-4dae-883d-bb7334096e42,51.45965,-3.293309,187719,1,flat,Cardiff,CF3 7FG,E,2025-02-11
11f3cbba-5ffb-45d6-a2b5-b072bd6b6142,51.92622,-0.160891,666234,2,terraced,London,NW28 0ZO,F,2024-09-20
5e5638f1-abd5-4284-b9e0-ac17ca672ed5,51.440734,-0.091102,323151,1,flat,London,W5 5DB,D,2025-05-22
c2cfbe0f-0236-4aff-8591-4298fb8d59a0,53.429395,-2.19977,259054,2,flat,Manchester,M26 5WD,E,2025-02-23
3ddf0bde-5691-4cbf-8dfe-748ea83dcce7,51.719704,0.409555,572637,2,flat,London,HA8 0YU,F,2025-07-26
2a551b9b-fac0-4e2e-ab4e-129656ba404a,54.931684,-1.700504,179178,1,flat,Newcastle upon Tyne,NE8 0SJ,D,2025-08-02
ee19dd2d-9a29-4caa-a59b-6c3b3f63a27a,51.151124,-0.070132,1012510,2,semi-detached,London,HA10 4CK,D,2025-01-08
ef4fbd58-dbd9-40f5-b3b2-48899e46e1f2,53.397835,-2.540983,631360,5,maisonette,Manchester,M35 4BL,F,2024-10-08
ad44d896-7da5-4106-8b92-07c9a0a15db4,55.916221,-3.314073,376345,1,semi-detached,Edinburgh,EH19 1FC,C,2024-11-22
f7e35d3a-cc49-40bf-9930-632fb9c7af41,50.920995,-1.475371,521921,3,terraced,Southampton,SO14 4KN,E,2025-08-24
307123ad-7ad9-4d18-aca1-6626993928c9,50.849518,-1.251987,657179,5,flat,Southampton,SO18 4JA,C,2025-07-15
11626f4b-d17e-46e8-9ebd-84324784c00c,53.912998,-1.519201,385882,2,terraced,Leeds,LS10 0TZ,E,2025-01-23
005cf0c5-4c55-4d40-8358-97a5c52990ea,53.458184,-2.091146,288153,2,flat,Manchester,M1 9JR,G,2025-02-24
ed222b73-9478-4bbe-9238-0bb117dcbe46,53.87238,-1.401768,427208,3,maisonette,Leeds,LS19 9GL,F,2025-08-16
4fdd4c6c-e655-40ca-a4f6-5922f5f7ef45,55.966521,-4.242779,428143,4,flat,Glasgow,G18 9EB,F,2025-07-20
2ae4c4c0-4da1-4988-b37f-91945201453f,51.527541,-0.030759,967085,3,terraced,London,HA16 0AR,E,2024-09-26
cf3dd6eb-daf2-4797-ad95-2bb29f9530a1,53.441204,-2.216664,475873,4,bungalow,Manchester,M1 6UR,E,2025-07-08
adaaa93f-226a-467a-beac-b98cb870362f,50.941643,-0.203439,633514,2,terraced,Brighton,BN30 3RC,E,2025-01-11
ae50f3c7-b919-40ef-b1ea-063ee2c02279,51.457091,-0.543746,984356,2,semi-detached,London,SM20 0OX,C,2025-07-13
30399190-7142-4ea1-94c4-8cdc0ef44dd9,51.528973,-1.011963,508736,2,bungalow,Reading,RG9 7WM,B,2025-03-01
78cac788-ad8a-48a8-8b26-684d0fb0d131,55.9367,-3.343859,359617,2,flat,Edinburgh,EH25 5KK,C,2025-09-01
6ce83726-cb43-4f2c-9e10-9e9a3db8a908,55.894402,-3.259097,667719,3,semi-detached,Edinburgh,EH16 5AS,D,2025-01-11
d4cc4ab1-a007-4fae-b229-b00ed66e5b52,51.792609,-0.357409,2033820,5,detached,London,WC35 0YJ,F,2025-03-14
827ae1b6-6173-4692-af16-b48e985756e4,51.380501,0.494392,632927,2,terraced,London,SM29 8JF,E,2025-05-17
2b527d3d-8aa2-4e80-9865-e8b82df8bfcd,53.538585,-1.434421,490271,2,detached,Sheffield,S18 0BX,E,2025-06-02
300b83f3-5be6-4abe-8f75-5b63d772cd26,53.784751,-1.470846,343285,2,terraced,Leeds,LS9 4UA,F,2024-12-30
6163f1f1-3854-47c0-9e4e-928bc2e0ef8e,53.596048,-2.302166,247114,1,terraced,Manchester,M35 1ZW,E,2025-02-12
fbea740b-1c7f-4966-bb85-0c102a76c93d,51.550224,-0.363494,1314204,2,detached,London,SE2 4OE,G,2024-11-19
059128cf-7ca6-42cc-8e83-3d32e3805cf2,54.986339,-1.583654,512771,3,semi-detached,Newcastle upon Tyne,NE15 0BO,D,2025-06-07
d360ecbc-98ac-4d7c-b466-52e69dd9cbf3,52.283169,-0.029699,705339,2,bungalow,Cambridge,CB4 8SE,D,2025-07-05
32570154-00a1-4e74-969a-205a383306f1,53.915836,-1.007363,258386,1,maisonette,York,YO2 2PD,D,2025-05-14
30c97221-d64d-4398-8527-997382e25523,53.475056,-2.003495,222530,2,flat,Manchester,M31 1DA,D,2025-06-08
bf2ffba0-7413-421c-853e-6502e3e7173c,53.453341,-2.195915,526795,3,terraced,Manchester,M1 8CD,E,2025-02-07
6fec5df9-deb3-4b60-b24e-d5286927f21d,50.738998,-0.128703,1200006,5,semi-detached,Brighton,BN13 1LB,E,2025-08-15
bd50cac3-7978-405d-afef-b456624afc7b,54.942246,-1.393795,352846,1,detached,Newcastle upon Tyne,NE20 8GJ,D,2025-03-09
6fd69d17-4f82-43ee-ad8c-6559f71af917,53.162314,-1.490348,453654,2,detached,Sheffield,S33 3UH,E,2025-06-08
96d13f19-08b4-484e-a747-258d71effb59,53.398684,-2.347134,321996,4,flat,Manchester,M6 7EF,D,2025-02-20
28a4456e-351d-403c-ae5d-aacc6c25704f,51.709357,-0.053229,484563,2,flat,London,UB25 0WY,F,2025-03-05
ee3b1c9c-dff2-4622-9887-2c9f5f4d38b5,55.96415,-3.458535,757282,4,terraced,Edinburgh,EH22 8FA,C,2025-04-21
b2b276f2-e044-4e68-bf12-0ead5a18b690,51.420645,0.161896,474900,2,flat,London,TW17 9ST,G,2024-11-30
a1e5f276-6384-430b-b72c-bd0e12aec31d,51.309552,-0.198056,680733,1,semi-detached,London,KT3 5EJ,F,2025-06-05
905b90b4-bacc-4f22-9375-bc3704f055f1,55.749151,-4.146754,244044,2,flat,Glasgow,G2 1XM,D,2025-04-19
929944ff-5b46-4e66-9a37-620fa993c202,53.43267,-2.19109,264504,3,flat,Manchester,M22 0AO,E,2025-02-05
a3872f51-1c0e-4723-a04a-e43af37212bc,55.965228,-3.119354,359950,2,flat,Edinburgh,EH26 4FJ,E,2024-12-09
db11cd41-ddc0-4202-b8fa-59ba073f99e4,52.101829,-0.751923,399542,2,flat,Milton Keynes,MK13 9ZR,F,2025-07-30
832fedf9-723c-4588-8032-c1b53dd13237,53.934789,-1.297325,526740,2,semi-detached,York,YO19 2YL,E,2025-02-28
ff5f32db-0290-4a8c-87d6-5882db33f34e,51.814114,-1.345015,1069053,4,semi-detached,Oxford,OX3 5TA,C,2025-05-09
d2e5750e-fcd6-4717-a0d6-5a06fcd11c95,51.780642,-1.186108,395207,1,flat,Oxford,OX29 4DG,E,2025-04-12
37d2bc90-9e81-4a53-bfb1-13b098510370,51.499211,-0.460962,1593387,3,detached,London,SE28 5GL,D,2024-11-26
c4f5e54b-5bde-4426-a2db-80c5cfb6fb25,52.450879,-1.56502,624533,3,detached,Birmingham,B2 4AU,C,2024-10-10
6306c485-e5c6-49d0-a646-bea7b2776933,51.636556,-0.773258,439121,2,flat,London,EC2 6OR,D,2024-11-23
96a3067b-ebb4-4498-8709-008323d0a340,52.965795,-0.97004,458155,3,semi-detached,Nottingham,NG14 9ZG,F,2025-03-13
200cc2ca-d13e-477d-b7ea-0780ed891472,55.952169,-3.114799,285823,1,semi-detached,Edinburgh,EH35 9RS,D,2025-02-10
02bd8a1e-a2ef-409a-b228-2e20db1abf6e,51.501011,-0.136839,686698,2,terraced,London,E31 5WA,D,2025-07-23
45f7993c-ca8b-4dd9-b1e7-6e68adbec3ba,51.383973,-1.01533,321803,1,flat,Reading,RG15 3HP,F,2025-03-27
64362bdf-3abd-4e80-b809-d2924e03bf7e,51.704035,-3.092055,349359,1,semi-detached,Cardiff,CF16 9BG,C,2025-07-03
30417e42-59f9-4e90-ba65-fbd63b8109b8,51.280557,-2.649255,380804,2,semi-detached,Bristol,BS24 9RU,E,2025-08-19
9f12ab1d-0442-4c05-a8d7-e2d33ecf65b1,51.785754,-0.734301,917837,3,semi-detached,London,SM31 9YP,F,2025-03-17
670c45cd-0ee9-45f1-b42e-a00476b76166,51.416132,-0.919937,486537,1,terraced,Reading,RG13 6RC,D,2025-01-02
518dead2-c26e-4d41-8913-cb024f0ded32,51.59635,-0.335917,456674,2,flat,London,EN10 0PC,D,2024-09-06
cf800bcc-ad5b-4964-9cc5-8fe97cb1d144,56.008393,-3.262663,646565,3,semi-detached,Edinburgh,EH11 7UX,E,2025-04-26
f811d1b5-5617-4ae4-91eb-c463bd6d17b6,50.785609,-0.246694,757818,2,bungalow,Brighton,BN24 8UA,C,2024-12-10
42b28e55-8ca0-43c5-a67f-cec4c6f62639,52.522412,-2.009982,352838,2,semi-detached,Birmingham,B28 9LF,E,2025-03-07
59618f7d-cb17-429f-8e2c-c1d47c869ee6,50.747933,-0.128212,537641,2,terraced,Brighton,BN14 2ZT,F,2025-08-27
7c47822f-331f-42d5-b126-9c3e75be1d8d,55.098194,-1.54373,490324,2,detached,Newcastle upon Tyne,NE15 5ZG,D,2024-11-25
f80e2c27-d107-4b1b-b297-69b44146cd87,51.357485,0.138566,959205,2,terraced,London,W15 6BH,C,2025-05-09
5c9966bb-8d95-41d2-9a57-2b0e8aa9cb02,52.196751,0.041664,1230614,3,semi-detached,Cambridge,CB32 4XM,D,2025-07-13
b67531d1-d593-41d2-a282-4faf0078dddd,51.544081,-0.386828,514377,1,flat,London,IG20 8FH,B,2024-10-06
ab5f6d66-c0be-43cb-8ad0-880b6d0c3dec,52.333462,-1.644118,357171,4,flat,Birmingham,B21 1AY,E,2025-08-28
108e582f-265b-412f-91dc-a3017e78ad69,55.973149,-3.366333,567583,2,detached,Edinburgh,EH14 3XB,G,2025-02-19
dca7f560-69f2-45ba-baac-c0885112ab6d,51.449014,0.133383,1243989,3,bungalow,London,WC29 9BK,F,2025-06-14
720596da-b71f-4d54-a5d1-62321c5b468f,51.793357,0.239607,634748,3,flat,London,TW5 8PH,F,2025-07-13
3cfd8cae-eb45-45a6-891d-8348b16a0244,51.545944,-0.287215,417667,1,flat,London,SW19 8GR,F,2025-05-31
da245ff7-daf7-4ee3-9abf-108db83f3c43,51.468318,-2.80349,584040,3,flat,Bristol,BS31 0LF,F,2025-06-22
3df1a6e8-744d-40d5-a4f6-c3b05c8b6abb,51.283353,-2.526771,300424,1,flat,Bristol,BS4 6MG,D,2025-04-09
c1695784-3d44-4029-82ee-3e43facde16c,53.565355,-2.202105,264798,3,flat,Manchester,M11 2KP,F,2025-08-04
9e71707f-cf85-4abd-aad3-c9d00ca6b8aa,51.444377,-2.542536,526186,2,bungalow,Bristol,BS32 7PL,E,2025-05-22
b4016d03-212e-49ab-8817-e13c6123ccab,53.418586,-2.054558,266734,1,detached,Manchester,M1 1NE,E,2025-08-27
f3e084a3-183f-44e2-90af-e7d896f65247,51.389681,-3.338427,241490,1,semi-detached,Cardiff,CF33 4EZ,F,2024-09-02
5919ee88-81be-4b8f-b84b-09b0e86e7059,53.9217,-0.907227,358557,2,terraced,York,YO25 2LE,F,2025-08-23
2b06bbfa-cb1c-4616-bb72-daf89af8f892,51.662995,0.008394,911350,1,detached,London,EC27 9FU,A,2025-05-11
858a6b49-51f7-4c8d-bd0c-9a82e158739b,54.688916,-5.940043,339862,3,flat,Belfast,BT34 3RS,D,2025-04-17
266998e9-5505-4ef9-8917-b10f53ef999a,51.184907,-0.110846,626964,2,flat,London,UB3 6BC,C,2025-02-10
5a44949f-1a6a-47d2-b159-9c00e1bf9834,50.945802,-1.473409,232685,1,flat,Southampton,SO20 4SN,E,2025-03-22
2d307926-795f-4fe1-a1df-31569aa85068,52.108508,-0.670487,718892,2,detached,Milton Keynes,MK20 5WH,D,2025-03-31
ac477354-01d4-4fec-95e7-f7427d51e56d,51.476358,-0.891263,464890,2,flat,Reading,RG28 6NY,E,2025-03-06
edbe1246-02fa-4c4e-9196-95a88d1503a2,52.167951,0.040197,995793,3,flat,Cambridge,CB11 9TK,C,2025-01-31
ffc5ca90-1443-4025-94cb-1617c4fdd503,53.548559,-2.912096,294039,3,flat,Liverpool,L35 4UW,D,2025-06-06
64ab34ad-5429-438b-9932-cf12cc6811a1,51.301205,-0.005975,723274,3,flat,London,W32 7ZC,C,2025-03-03
71b2592a-92c6-40ee-8f7d-19ec9709102b,51.616814,-3.062541,336945,2,flat,Cardiff,CF27 8KK,B,2024-11-06
56f469fb-4325-4bdf-b827-e841d2b73110,54.585431,-5.856411,557675,6,bungalow,Belfast,BT11 8AW,D,2025-06-02
98095a9e-c21f-4d05-a150-4a658e2c928a,54.921046,-1.879738,309322,2,flat,Newcastle upon Tyne,NE14 0TN,F,2025-03-23
c0c39fc9-adf3-4c8a-b7ad-3fec3ccd0373,55.984618,-3.163933,954824,3,semi-detached,Edinburgh,EH3 5NP,D,2025-05-27
af459e41-98b2-461c-a76b-3a50037138f7,51.356423,-0.065862,696406,2,flat,London,EN12 4KM,D,2025-04-14
c2b7a6fb-b0e6-4f66-9c68-0853c4aa1e97,52.106207,-0.789197,439240,3,flat,Milton Keynes,MK3 8NH,D,2025-03-09
68bec911-dc4c-4a2a-aa52-e795754aa226,52.937155,-1.177937,659697,6,semi-detached,Nottingham,NG24 4BA,C,2025-06-24
a2278d33-2d96-4de8-b392-ac7dbd9e82e8,53.377496,-2.921521,225613,1,semi-detached,Liverpool,L23 6TG,D,2024-12-22
323f4f5c-0456-47cd-8cd0-30361fc7343b,51.341791,-0.25438,1390021,2,detached,London,W25 7FE,G,2024-11-21
69338340-012b-4723-9f2d-a2bb2e3ae9f5,51.429696,0.154791,1243603,2,detached,London,BR28 2NE,B,2025-02-03
c15810f2-eb12-4ddf-8ae6-021be506825c,50.861672,-0.274241,1528673,6,bungalow,Brighton,BN28 8LR,C,2025-06-08
8fa93f7f-3479-4ef5-8c32-7e818b8a36b8,53.323,-3.001322,226306,2,flat,Liverpool,L26 0UJ,D,2025-07-23
7bc104b9-aed6-4e52-852b-d8c12839b6ef,51.62979,0.059838,1013227,2,detached,London,KT5 8JR,A,2025-05-02
dbde6ebd-aa1b-44a9-b32b-4f2ab1e2be86,55.931452,-4.181504,415467,3,terraced,Glasgow,G12 0HJ,F,2024-09-14
0fae50c1-46eb-44f0-8ad5-013383f7cd10,50.819831,-0.117128,762388,3,flat,Brighton,BN21 9TC,C,2024-11-21
246758af-6b65-41c9-af20-4e55bd2af707,55.868557,-4.284415,249508,2,flat,Glasgow,G9 0WT,F,2024-11-21
e2c6f61d-0ed3-4062-89c3-cdb21ac08170,52.604037,-1.873156,635207,5,flat,Birmingham,B12 9FT,G,2025-02-06
e81b689c-61c5-4783-9fe4-7dbab4313553,51.668679,-0.289496,714755,3,flat,London,DA12 5WM,G,2024-09-07
f2b53fef-cd7c-452a-9bc7-2bdfcb0e0e40,53.487136,-2.093917,442997,3,semi-detached,Manchester,M26 0OM,E,2025-03-18
a9550f94-dd39-49af-b1ef-68a618bd6264,53.400325,-2.219177,294588,2,semi-detached,Manchester,M33 3LO,E,2025-04-11
22d226dc-7d0b-45fa-bbec-29562672d03e,51.641349,-0.17633,635024,2,flat,London,EN28 2OG,F,2024-11-09
20f4b33d-16ca-4995-805a-0cc043f6afb7,51.40012,-0.486674,1377538,5,semi-detached,London,WC22 2NE,G,2024-11-09
a512b951-49f4-4c84-88f0-5054c4affbcb,55.963422,-3.009225,534575,3,detached,Edinburgh,EH32 4XL,G,2025-06-07
f6b1271a-26c6-4d62-9f38-7d1741814854,51.153438,0.127291,394990,1,flat,London,SW7 9RO,E,2025-04-18
9a1acafc-448e-4a37-8d44-a0cc9c5c3faf,53.457957,-2.480776,635140,2,detached,Manchester,M24 3KB,D,2025-02-20
354c8f24-f7b0-49a9-bad6-5f3e38ea71eb,54.930659,-1.446087,409257,1,detached,Newcastle upon Tyne,NE21 0OS,B,2025-01-11
db6d9a87-ee78-467d-942b-5e5a3e290b30,55.912843,-4.158242,241339,3,flat,Glasgow,G22 6TA,D,2025-05-27
7bbdeb0f-6be1-4cb8-866d-11fb37af804f,51.952838,-0.373364,664689,2,terraced,London,DA17 1MU,E,2025-03-14
53b71578-7080-4876-b5fa-f6dfdc547cad,53.425853,-2.985275,197113,1,flat,Liverpool,L34 7JS,E,2025-08-24
5bc760fe-ef62-4fcc-aa32-2fa66c90ccac,55.92062,-4.273973,257630,2,flat,Glasgow,G23 0HW,D,2024-12-29
db40af97-665b-4436-a704-cc3e81a077fe,54.996604,-1.631818,545315,3,semi-detached,Newcastle upon Tyne,NE10 5MK,C,2024-12-03
37a978d3-c1b1-473d-8895-40f1143f1ec6,54.941359,-1.508583,505850,3,detached,Newcastle upon Tyne,NE30 4LH,E,2025-05-16
b8946c54-a7b1-4599-8bbf-9ecc30fe277c,55.85747,-4.405852,308355,2,semi-detached,Glasgow,G2 5EB,E,2024-10-10
b8f42868-1726-4bb3-b92b-8f43f8c48373,53.824485,-1.622172,344552,2,semi-detached,Leeds,LS32 6FX,B,2024-10-21
c65d8bbc-f433-4b48-940e-9df329cfc975,54.91396,-1.918606,231953,2,terraced,Newcastle upon Tyne,NE26 4DJ,D,2025-06-29
480c14a4-bb2f-47a5-8b1d-fb3273bd4892,55.871444,-3.491364,456143,1,semi-detached,Edinburgh,EH23 5MZ,C,2025-02-17
7e7a8fce-d7c1-4ce6-9fdf-7010e842b74c,51.538997,-3.325642,214120,1,flat,Cardiff,CF33 9WW,D,2025-06-03
7df8af2a-6e42-43c0-9e46-1dfa4dcbee69,52.565139,-1.739129,437800,3,bungalow,Birmingham,B16 7LK,E,2025-04-24
ed0f6927-edc4-41c4-8e11-a4a4bb36a9b3,54.663798,-6.066712,208148,2,terraced,Belfast,BT11 9DF,E,2025-05-27
625f4897-6f97-4ddb-a2d2-e999892e5d39,51.424366,-2.762496,436240,2,semi-detached,Bristol,BS30 8NY,F,2025-08-15
808d5f8d-0951-4e35-aa6a-94293cedc7a5,55.984348,-3.296217,990440,3,detached,Edinburgh,EH17 8YA,B,2025-06-22
ed172773-ca5d-4e81-9c34-92493444e96f,51.738806,0.165649,836922,3,bungalow,London,W13 0OO,E,2024-11-10
fd823d42-36d2-4071-9f3c-0c123368af2f,51.438399,-0.532961,855174,2,flat,London,WC26 2RD,E,2025-01-13
38b4ba1c-516b-4573-8a16-244cfef138f5,53.420687,-2.29887,730334,3,detached,Manchester,M23 9UH,E,2025-07-23
84e0e5ed-c205-41e3-897d-b303dd40faea,55.846876,-3.210906,526304,2,terraced,Edinburgh,EH16 2CT,E,2025-03-22
d9352100-5623-4e09-b9c7-2af3db403868,55.737786,-4.336155,292187,3,flat,Glasgow,G7 2OF,A,2024-10-26
026cf583-7219-4e01-9317-494ddef3198b,53.353162,-2.331338,238378,1,flat,Manchester,M9 9PE,E,2024-11-12
8e6a8936-66e2-4f5f-ae58-915fb8fce279,52.449178,-2.001353,545476,2,detached,Birmingham,B4 3AO,F,2024-10-21
7d4c0920-f6de-45fd-bdd3-16bcc5e2a55c,50.965128,-1.442664,223781,1,flat,Southampton,SO7 6WW,D,2025-04-15
ab5df7de-a3a3-47b1-bcf9-0b3661b5bd5c,51.970293,-0.76879,353303,2,flat,Milton Keynes,MK26 3FR,D,2024-09-22
969354e0-7ce7-4249-b6dd-5bdbf2371783,53.497176,-1.998506,345236,2,flat,Manchester,M11 1JE,C,2025-08-26
3e5f6926-51d1-439c-b99d-8985a54baadb,51.999432,-0.687612,323687,2,flat,Milton Keynes,MK28 7GK,F,2024-10-29
0e71a794-cfef-4595-a68b-a82e6a5c0090,55.899546,-4.351097,338821,3,flat,Glasgow,G8 4YK,F,2025-06-01
78fdfb45-0015-4ca9-8d4f-d3c25075d47f,52.949813,-1.16513,250241,2,flat,Nottingham,NG31 9PR,B,2024-12-15
33ae85ef-2d79-4030-9c36-8836c4672fcf,53.476017,-2.106228,528398,2,detached,Manchester,M34 3YM,B,2025-07-11
7f12d8f4-abeb-46b8-8f4d-64bd9e08b8ce,53.424851,-2.174908,459710,6,flat,Manchester,M12 1LR,E,2025-04-30
3bc3188e-560a-4352-95ec-2af1b4c73873,53.440295,-2.350448,252897,2,terraced,Manchester,M17 2JT,E,2025-07-20
b09e8f61-b10f-4c67-9689-18de9fdff3aa,51.445122,0.143032,664155,3,flat,London,EC1 1AW,G,2024-12-01
5c79aa8e-9eb0-42e7-b6e5-9693f8f066c4,55.890094,-3.100474,304951,1,flat,Edinburgh,EH30 7ON,E,2024-11-06
c47fddd4-a16b-4f5f-99ad-139f22e6fdc0,53.469337,-2.932993,398339,3,flat,Liverpool,L5 9SP,D,2025-03-09
1c9cd8e8-b896-4c70-92db-ae7ba3860f5a,52.31931,-1.924063,298609,3,flat,Birmingham,B18 1KB,D,2025-08-16
09a69cbf-4dd6-4a36-8bc5-b274ece320e3,50.905415,-0.050072,543121,2,semi-detached,Brighton,BN16 8PC,D,2025-06-21
2e453ba6-9b67-4dd3-b04b-988e47e98f43,51.532953,-0.046372,919473,3,flat,London,SM28 8TW,C,2024-09-09
5b6c7059-37e8-45b0-b679-affb52b1e848,53.427818,-1.465106,153279,1,flat,Sheffield,S22 2PJ,D,2025-04-12
70ec9faa-b0b8-413c-b5db-d1900aacbda2,54.92387,-1.736972,447731,3,semi-detached,Newcastle upon Tyne,NE27 4OF,E,2024-09-27
76a2a1e5-7ea3-4242-aedd-2ae4e9bba2de,51.544854,0.298756,746722,2,terraced,London,SM34 9ZR,D,2025-05-05
e6ae9d7d-9e01-4224-95b5-d9bd056beb94,55.668402,-4.496024,772226,3,detached,Glasgow,G32 6AT,F,2025-07-24
9cc139b2-8be4-45fa-ae75-b4e663d28d42,51.456975,-0.955281,882307,4,semi-detached,Reading,RG31 9SW,D,2024-11-07
72b654f2-6924-4ef0-8cbd-6e165d3c0766,55.872464,-3.036666,322496,1,flat,Edinburgh,EH7 8RM,E,2025-07-19
4a12059c-d34e-4adb-82e2-c44176b0e6b6,51.562362,-0.235221,704067,3,flat,London,HA5 9ON,E,2025-01-04
f9f78d98-99ff-41b6-9670-8541ee720ef9,52.371291,-1.823292,459424,3,terraced,Birmingham,B10 1YM,B,2024-12-26
d0fc4108-703a-49b2-9a10-33ac55941753,51.472548,-0.856273,520470,2,terraced,Reading,RG32 9YY,G,2024-12-30
c428094d-640d-4cf3-a790-cf982d127329,55.896613,-3.094832,435676,2,maisonette,Edinburgh,EH34 5HP,C,2025-07-29
07900db9-28be-42c9-bb63-08788d5f0dc8,53.954465,-1.491514,500761,4,semi-detached,Leeds,LS27 6WD,D,2025-02-13
741650c5-c8d3-45d1-ab4d-2d9d1a1db546,51.560134,-2.650781,641240,2,detached,Bristol,BS31 2NE,D,2025-02-10
a59fc196-800e-47b3-aa74-8f93b484fa10,51.591245,0.291805,1029983,2,bungalow,London,NW6 9CK,D,2025-01-29
da4535f1-5e8a-4d72-bdd4-f4cc0a4dd557,52.528346,-2.311296,522519,4,semi-detached,Birmingham,B11 4LS,D,2025-01-06
d1733eb2-4f6f-4570-9c68-cbf721fb8e3b,51.512594,-0.235398,636054,2,flat,London,KT22 9BS,D,2025-08-21
5770439b-fb5e-4b9e-ba01-315f3e823ba0,51.386268,-2.528195,1249056,4,detached,Bristol,BS10 3HP,C,2025-08-18
5d6db52c-80c8-4138-86c8-9b23bfebfece,54.640892,-5.973707,302310,2,semi-detached,Belfast,BT27 6ME,B,2024-09-09
fc056845-a11f-4746-a2b3-3639551e55b6,55.914345,-4.367899,380497,4,flat,Glasgow,G20 4HS,D,2025-06-21
dac1e9a0-a703-4a21-a99d-9684df0290ba,53.525042,-2.818586,235676,3,flat,Liverpool,L17 2JF,D,2024-10-30
971b07fb-c088-4f01-9307-f3af67848c78,51.479075,-0.583226,902782,3,flat,London,EC22 8KS,D,2025-02-04
6284e4e1-e080-41f8-a973-d05d2088ef82,53.403171,-3.075615,303742,2,terraced,Liverpool,L31 3BY,D,2024-10-29
e5998cbf-961e-4d22-a94e-f29e9deb9e29,51.686242,-1.179971,447870,1,flat,Oxford,OX14 8SR,C,2025-04-05
088c7eab-535f-4ce5-8697-57f9121aa3b1,52.260766,0.082338,753263,2,terraced,Cambridge,CB12 4TC,D,2025-05-14
13bb9827-680b-494c-8b23-d6fc4960fa70,55.933224,-3.148546,723418,4,terraced,Edinburgh,EH10 6HE,C,2025-07-01
6c055cfa-df91-4d0a-b15e-4b522d1a3fff,51.378856,-0.630758,640344,2,maisonette,London,CR30 4YU,D,2024-12-09
2a87f287-f082-4ad9-977f-330214feceaf,51.26456,-0.222065,1307717,6,terraced,London,BR34 3DS,F,2024-10-17
156a2810-b745-44ba-9f75-e5c78c1b98cf,51.398095,0.090073,1268239,3,detached,London,EN18 6HC,F,2025-04-19
53856e50-d446-4506-a948-14e24a6758e3,55.938568,-3.114918,213282,1,flat,Edinburgh,EH1 1WH,E,2024-10-05
671e6a51-8b5d-45a6-ab54-29638519c287,51.570658,-0.249729,520822,2,flat,London,SE29 4ZT,D,2025-07-24
1e22c249-9c11-4245-ad7c-b113f4823c36,54.56562,-6.017058,242817,1,semi-detached,Belfast,BT27 7RY,D,2025-05-05
634f230f-706b-481d-8651-f91633670383,53.054912,-1.403704,167912,1,terraced,Nottingham,NG2 5JL,D,2025-06-03
4a5a4af2-c357-45f1-80d8-e7278befec5d,51.546614,-3.344683,282891,2,flat,Cardiff,CF1 4UW,F,2024-12-04
94d2738a-91bf-4d94-baa1-04faac57747e,56.026544,-3.196534,717121,3,semi-detached,Edinburgh,EH5 8TS,F,2024-10-18
b0b31f47-3a18-4072-aafb-f66d075d2024,52.179924,0.093997,661829,3,flat,Cambridge,CB33 7ND,D,2025-03-04
810a56d9-ea76-485e-9662-6047e281a765,53.811007,-1.535391,218673,2,flat,Leeds,LS14 6BF,E,2025-02-03
0a43b547-2a6c-499f-af1c-1cacb31d2ac6,55.94591,-3.186393,368866,2,flat,Edinburgh,EH30 4RR,D,2025-07-04
40884565-c9d9-4199-a8a3-39f117092889,51.556631,0.106379,557471,2,maisonette,London,DA10 3XP,F,2025-01-30
27791ae1-8340-4652-8f2a-05452f1def5c,53.481552,-2.471841,302711,2,flat,Manchester,M32 3DH,G,2024-12-23
154cd783-da43-4d67-a7f4-4cd71e964e56,53.820977,-1.297499,348703,2,terraced,Leeds,LS16 3XX,B,2025-02-14
1b8f2a1e-fb0c-4569-ba17-07b9db668215,53.873072,-1.376445,160922,1,flat,Leeds,LS28 9PD,G,2025-05-14
7c1e51c6-fdd1-4595-8190-8d67f84eff70,51.422997,0.029902,1154660,2,semi-detached,London,N23 8KO,D,2025-04-21
f28b2a77-554e-492e-ba91-6febce6743c5,51.391765,-3.294983,319297,2,flat,Cardiff,CF25 8FD,E,2025-01-13
48ffc1ed-d6b7-4376-bbf4-f25df10b1295,52.460893,-1.846858,434345,4,terraced,Birmingham,B28 8WE,E,2025-07-09
f8e384e0-14b1-49fb-8466-ea3584f44ca5,55.937079,-3.30401,503381,2,detached,Edinburgh,EH25 0HX,C,2025-03-01
f7a08fbf-8e69-42b5-a860-51d037e1c1b0,53.321419,-1.465016,570572,3,detached,Sheffield,S19 3MN,E,2024-09-03
dabab083-9303-427a-89c7-2abee27a871d,51.303315,0.050178,462999,1,flat,London,DA32 6TL,F,2025-04-04
31d748d5-6ccc-4424-a163-cc76f9686914,51.396345,-2.730885,298757,1,flat,Bristol,BS15 4UA,C,2024-09-04
93c3cf17-9a22-4580-bcd6-829c32a9c7ce,51.672227,-0.187151,607052,2,flat,London,SW8 9FA,D,2025-04-15
546216d9-58d4-4522-b94b-c4baab1c6db6,51.47943,-0.982493,384931,1,flat,Reading,RG21 8FZ,C,2024-12-12
7a27ff9f-837c-4eff-b5e0-7a0d28d06153,52.905062,-1.38825,402636,3,maisonette,Nottingham,NG4 0SE,G,2025-05-19
5f3a6664-8da6-476f-9840-af378ee76faf,56.005671,-3.227915,410320,2,detached,Edinburgh,EH28 6NK,D,2025-01-23
e5f0322f-41aa-4755-8281-e2a92a4823cb,51.550704,-0.889486,1262069,5,bungalow,Reading,RG25 6GC,C,2024-09-13
e1e9528a-de08-448b-b542-3e6fdedfdd4f,51.433599,-2.586021,592591,5,flat,Bristol,BS35 2GS,F,2025-02-15
c52ffc7a-a6b0-490e-af8d-e6d9b7e62edd,53.394517,-2.336736,390777,3,flat,Manchester,M9 1CM,D,2024-12-20
b0c93197-e0cc-4b89-866c-5ff443254b1e,52.470461,-1.853101,383086,4,flat,Birmingham,B5 9CY,E,2025-04-06
f868ef00-9b37-4f48-90f5-92eb5c16c9eb,51.515433,-0.087459,943339,2,detached,London,IG25 5DX,F,2025-07-16
8eeabfb9-461e-4793-88e4-c8a5f13ba6ff,53.505325,-1.254226,338595,2,terraced,Sheffield,S18 6LD,F,2025-05-12
784e850f-8275-4c27-837d-a4b58c7f1701,52.881172,-1.103509,227826,2,maisonette,Nottingham,NG25 2DE,E,2025-07-31
a64872db-ac71-4d31-9953-28ba064100cd,52.091356,-0.822232,237068,1,flat,Milton Keynes,MK8 9JR,C,2025-06-06
2952a1e6-ac7a-4f8a-b6e1-c15b06474706,54.661723,-6.153653,207880,2,flat,Belfast,BT6 5EC,C,2024-09-22
035f97de-7689-448f-a365-d74e0277d08d,53.911558,-1.068582,484750,3,flat,York,YO1 6EJ,B,2025-05-16
850b10b7-9cec-431e-916e-de4f548cc3b5,51.409931,0.087467,546230,1,flat,London,UB30 4WT,E,2025-06-06
3475dd64-ecca-49bb-8115-645056e5e57d,53.88306,-0.975822,361774,2,flat,York,YO23 0TN,D,2025-06-17
c242f314-869e-483b-9215-dea3e8b0d49e,51.314262,-0.658424,721052,2,flat,London,TW32 6ZJ,C,2025-06-14
229fdb92-2d02-4c54-b9d6-0d4921183197,52.414843,-1.805199,259522,2,flat,Birmingham,B30 9EU,B,2024-10-14
aec9a0d6-0be1-42d5-bd5a-218ac8110cbd,53.435722,-1.449582,226960,2,semi-detached,Sheffield,S5 8JB,G,2025-07-31
2ddeb4c9-8c15-49d4-b675-c1111b117b5f,53.307346,-1.744003,265422,3,flat,Sheffield,S20 5CO,G,2025-02-24
bca36783-6c26-4f50-86f8-4bc0ef5e4a20,53.409429,-1.521248,383312,2,semi-detached,Sheffield,S23 3SJ,F,2025-08-08
3a69e6b5-05bc-42b5-ad61-cc4436b456f2,54.945551,-1.440735,266109,1,semi-detached,Newcastle upon Tyne,NE13 9WY,D,2025-08-24
6c74b8dd-edcb-4f3f-9ea9-c6d45383958f,52.177723,0.184027,1338265,6,bungalow,Cambridge,CB13 3GT,E,2025-05-04
e3331806-b500-4e5d-9c68-47d87576cc6f,51.516202,-3.109484,287756,2,terraced,Cardiff,CF21 2GT,D,2025-02-10
60536896-ed54-40e3-9736-123a8263802b,53.370109,-1.744942,301783,3,flat,Sheffield,S7 9YD,C,2025-04-16
21469d35-76be-4eb7-9a4c-12a0bdeadc93,53.824392,-1.511958,320633,3,flat,Leeds,LS28 9RB,F,2025-01-28
8ba84301-7268-45cf-9013-ec2223851c6b,51.488733,-2.532911,385513,2,bungalow,Bristol,BS23 7TZ,F,2025-07-30
29fc9ad6-e5f5-4338-add5-f12545dbcdc4,55.863401,-4.39535,349119,2,semi-detached,Glasgow,G3 3TD,D,2025-06-27
2e20cfd1-f6b6-4aca-8ef2-7793462afb78,53.539455,-2.031457,314458,2,flat,Manchester,M17 2ST,D,2025-02-10
6b43c4b2-8a28-4e1b-b476-53d61bc837e5,55.049117,-1.79505,409783,2,detached,Newcastle upon Tyne,NE14 3AM,E,2025-01-20
49c6b2fc-19b5-4d9f-9b0d-f5c4350d7d5f,55.869573,-4.396823,228189,2,flat,Glasgow,G22 1AO,D,2025-06-13
ee95de15-215a-449d-8509-688f95c6e984,55.094283,-1.542764,277764,3,flat,Newcastle upon Tyne,NE9 6AD,D,2024-10-12
d417b7a8-b9f4-4e45-8ae0-998586117e24,51.306909,-2.466704,721325,3,bungalow,Bristol,BS9 5RP,C,2024-10-04
2f2d6d0b-f8f7-4e97-8329-06c64d4641d6,52.024129,-0.750622,601023,2,detached,Milton Keynes,MK34 1LR,E,2025-06-22
401eb797-b1ad-4c7c-a55c-d01a0f14cbec,53.838764,-1.527058,248246,1,bungalow,Leeds,LS11 8DX,E,2024-12-31
e9be7f79-68f4-4812-9a28-3f229aa977ef,53.504273,-2.410129,336498,3,flat,Manchester,M30 5TL,F,2025-04-23
595c9db1-0f6b-49e7-96e2-141ae12ac0d1,54.589928,-6.070891,235072,1,semi-detached,Belfast,BT34 3XS,F,2025-05-01
edff18d2-5a71-48d2-b1b9-f356e3187d31,50.863834,-1.327859,341890,1,flat,Southampton,SO14 4PF,D,2024-09-20
8606b361-1f1e-4dc8-89eb-a0b107806284,53.011971,-1.066147,332144,2,semi-detached,Nottingham,NG15 2LL,C,2025-01-20
9e3e2e4d-bf41-4d0d-8e19-ce9f68dfa062,54.958581,-1.697055,293792,2,terraced,Newcastle upon Tyne,NE22 1RU,G,2025-05-02
668f8aca-4c20-4fc7-ad05-1b750a7b0769,51.814173,-1.24775,995935,2,detached,Oxford,OX30 1AN,C,2025-07-24
e0967558-8f7b-4bca-90e7-b320e34ee502,52.564795,-1.897359,301823,2,semi-detached,Birmingham,B23 8JA,E,2025-06-02
c8459bf4-242e-4d8c-9c59-e3e0c18ef353,51.426327,-0.176136,458885,2,flat,London,EC24 1FK,C,2024-12-23
64f79e53-d228-4d1d-a56f-e600696ecf1e,53.408029,-2.14265,418418,2,semi-detached,Manchester,M16 7UN,E,2025-03-27
9cc58578-d11f-430c-b99d-c7f27266851f,51.422118,-2.679447,648643,6,flat,Bristol,BS7 4DZ,D,2025-03-29
2aa572a7-67ff-434f-abad-fd830395674a,51.69825,-0.333476,902806,3,bungalow,London,W23 9UJ,F,2025-09-01
ed82c288-9d5d-4b92-be50-e748dd7a647a,55.907189,-3.29823,446338,3,semi-detached,Edinburgh,EH25 8PA,E,2025-01-06
85970640-e41d-4b95-8103-fef8a0b308fc,51.80736,-0.216145,977960,1,detached,London,KT7 8BT,D,2024-09-22
b3d4873b-898e-495f-9e65-2e6f9fd8eda0,51.04335,-0.400335,1154119,3,detached,London,N16 3KN,D,2025-03-08
1d6e720d-c64e-4aac-a0e4-e778b64e68e7,53.292887,-2.775488,213290,2,flat,Liverpool,L1 1DS,D,2025-05-21
65ef3b9e-3b8d-4816-a4e6-e7e3fa37ea16,51.42773,-0.043049,379222,1,flat,London,HA27 8ZZ,D,2024-09-20
2fa79335-3d5d-4f2f-bfd1-7c5f60de79cf,56.023344,-3.117531,374219,2,terraced,Edinburgh,EH35 8ZZ,F,2024-09-12
e118e1fe-e5bb-44dd-865c-891abd067c75,51.549079,-3.241931,212927,2,flat,Cardiff,CF19 7YF,E,2025-01-25
29688c89-d589-4ec3-b0d2-539af2c7e423,51.437239,-0.345035,1896272,6,semi-detached,London,WC29 8FF,F,2025-06-28
578aacb9-5858-4fa1-9a76-13717eeeb30b,51.805908,-0.618194,2190498,5,detached,London,WC31 3JA,C,2025-05-17
959bd97c-bd71-468a-a451-5411483d3f66,53.984019,-1.066305,474852,3,flat,York,YO30 9OF,E,2025-06-13
9df14f9f-f82e-4c1f-b1e6-6784586856b9,51.47191,-3.182261,383926,2,terraced,Cardiff,CF29 3GK,B,2024-09-02
8d12e24e-4480-41a1-afdd-5b9123dcc441,51.504482,-0.048708,702057,2,flat,London,IG35 8LW,C,2024-10-08
a22f9c53-2e65-4c17-81fd-a96b9dee8268,53.796461,-1.508719,281303,3,flat,Leeds,LS17 9RH,C,2024-11-17
2f2f9a76-915a-47c8-8817-d1683c48d5f4,53.407421,-3.00723,219062,3,maisonette,Liverpool,L29 4FX,F,2025-05-31
593b8633-2010-417d-b569-65b311154edb,51.464804,-0.320988,428345,1,semi-detached,London,SW26 7LM,F,2025-07-23
2fd26ae4-3e61-4657-9800-dd0454db3a18,55.888011,-3.123622,631754,1,detached,Edinburgh,EH20 7BN,D,2025-08-06
8e523b47-ad25-4aff-b410-a121bf09dfad,51.674371,0.186956,1166502,4,maisonette,London,EN30 9CW,E,2025-07-28
f0f7cf4d-575a-4023-8f53-5974668773ef,51.421508,-0.007589,648587,2,flat,London,DA10 5AL,G,2024-10-07
6471f392-edba-4c7d-b0ab-32a667a00943,51.966823,-0.915627,294170,2,flat,Milton Keynes,MK9 9MA,C,2025-01-09
655ab1ed-22f0-4823-9633-5979b0174771,53.436771,-2.898827,218896,2,flat,Liverpool,L6 5YR,F,2025-01-18
5d5e25f7-b553-4b57-bf00-bd96a01f6869,53.557295,-2.905177,276863,2,bungalow,Liverpool,L29 5CO,A,2025-04-17
4f518e2f-4061-4160-816c-90846a3a46b0,52.631824,-2.089383,144659,1,flat,Birmingham,B1 3KJ,C,2025-04-02
a1e0ec27-f86d-4eef-a1ee-89b1513879a4,51.461263,-0.170105,620371,2,maisonette,London,KT4 4HO,D,2024-10-31
790483db-86c2-49dc-a8ab-baa0481b84dc,55.910335,-4.157379,161211,1,flat,Glasgow,G4 9TO,D,2024-11-03
dabb5223-ead0-4f35-b544-d38662617ba5,51.947323,-0.916243,313495,2,flat,Milton Keynes,MK33 3RW,D,2025-04-01
ea113bc5-3076-4b13-8b72-e671c56f8412,53.44976,-2.28842,392226,2,bungalow,Manchester,M26 1PT,B,2025-01-17
0d47a555-a929-4892-add9-af429d8d004e,53.39167,-2.992104,376149,3,flat,Liverpool,L14 4GM,D,2025-05-14
96b13ff7-bd0f-48a7-a7bf-3103c4a252d0,54.959101,-1.724633,373216,2,bungalow,Newcastle upon Tyne,NE34 9BG,E,2025-01-06
a8b38c9e-909a-4460-85a3-fecccfcd4f31,54.640137,-5.863007,491394,2,detached,Belfast,BT8 5SM,B,2025-06-22
cec21aa9-27ce-44a1-a4c9-9611eb42baba,51.605259,-3.264455,321437,2,flat,Cardiff,CF14 1HN,D,2024-09-24
55d0e287-891d-4df8-9d42-c4be78b50e89,51.386124,-0.460346,718744,2,terraced,London,TW13 2GN,E,2024-09-23
da2de665-1d2a-41ad-85a8-149916541c11,55.920267,-4.196869,319617,1,detached,Glasgow,G14 5TD,E,2024-10-11
61715cc4-7c1b-47dc-a2aa-7668029da2c3,53.812008,-1.493507,432420,2,detached,Leeds,LS13 3BN,E,2025-07-19
63a8aec9-0878-4db6-a12d-0caee87a3c42,51.707317,-1.15338,367064,1,terraced,Oxford,OX3 5LJ,D,2025-01-21
07c40ed8-d2ee-48fa-8494-65709badd031,55.837263,-3.218314,292774,1,flat,Edinburgh,EH9 3CH,E,2025-03-09
eedafbe5-595c-4516-af18-4a23a8490415,51.575503,-2.625263,478875,2,semi-detached,Bristol,BS34 1PJ,C,2025-01-12
1548cc6e-5be5-4d16-9709-dc3be31b3020,52.366412,-1.979865,215639,2,flat,Birmingham,B32 8BM,C,2025-08-27
761d7d46-2b3a-4f06-a9d7-cc5191658e97,52.024262,-0.768183,480538,1,detached,Milton Keynes,MK5 3WG,C,2025-03-05
c74b87f1-c613-41f8-8135-51aea7d02b93,51.35273,-0.377062,1102458,4,terraced,London,BR25 3JR,B,2024-11-04
bc9228d6-4319-414e-b626-58ff790b9eec,52.475898,-2.055608,251050,2,flat,Birmingham,B29 6SB,B,2024-09-09
cff7dba9-a52a-4e33-9082-a28f185593c6,55.864673,-3.21893,316962,1,semi-detached,Edinburgh,EH27 1NB,F,2024-10-28
b3bb101b-d1df-48e5-b846-a55b6460092b,55.946316,-3.154802,519109,3,semi-detached,Edinburgh,EH25 2CM,D,2025-01-22
437d6953-6168-462d-b4d3-6f1c5f2d0b1d,52.438839,-1.919127,509747,3,terraced,Birmingham,B18 4NO,F,2024-10-28
9356d369-720e-4c6a-ac66-0c55cf4a88e0,51.468188,-0.396744,1073004,2,bungalow,London,HA19 4DC,F,2025-01-17
cf4a8c90-9a97-49a9-9355-a9ee6d146a80,51.552335,-0.579997,723186,2,semi-detached,London,E30 0HS,B,2025-03-15
f361ece3-38fb-4a59-8965-0f6908272e7b,51.460459,0.282534,896936,2,semi-detached,London,IG1 0LU,C,2025-06-16
6306fe37-dc63-4e11-b677-0f047f46c4ae,55.869139,-4.159523,229323,2,maisonette,Glasgow,G12 9GK,C,2025-06-29
715931e4-f980-4ee5-bc1f-642d523a3123,51.489463,0.891379,438929,1,maisonette,London,E8 1KD,B,2025-07-28
c353cf27-1660-460c-a2a8-f70d99ed4775,52.501962,-2.023693,368782,3,flat,Birmingham,B17 5FZ,F,2024-09-16
ada85bd2-ce06-4be9-b150-0377a339acc7,54.630228,-5.941087,338300,4,semi-detached,Belfast,BT29 7GM,E,2025-01-12
5a54c13c-42d6-4de8-9926-ee9f6327b4bd,52.415905,-1.658837,407596,3,semi-detached,Birmingham,B1 5UC,A,2025-09-02
958d8c53-0936-49f3-b58c-d61aa6342422,50.896182,-0.235303,1651124,4,detached,Brighton,BN1 3FR,C,2024-12-17
a22323d4-ac2d-4045-8b16-58761abf3712,53.378495,-2.270261,273937,1,detached,Manchester,M20 0KR,D,2025-06-05
321278c6-b1ce-4095-a4c2-44ef80feb3e1,51.824886,-0.397473,536063,2,flat,London,HA31 4HO,B,2025-04-20
ca23a955-76ac-46f5-ae1f-d1a5f619106a,51.776535,-1.284391,905226,2,detached,Oxford,OX1 5HX,C,2025-03-30
a2346ce0-e2e1-4aee-acd9-7f0d3f89f21a,51.805703,0.171095,838561,3,bungalow,London,EC3 0YD,B,2025-01-13
959af308-111a-439a-91c3-7d25f772d12e,55.946721,-3.122714,425620,3,semi-detached,Edinburgh,EH28 0MN,C,2025-02-02
af9093f8-916b-413f-8044-b533acaaf690,50.841913,-0.01003,1080093,5,flat,Brighton,BN1 0EO,D,2025-01-21
21757fb0-56ee-4a0c-8923-eb9c276b54a6,51.619643,0.104728,1008168,4,flat,London,IG24 4OF,D,2025-05-02
3d985886-b8a2-4663-a7cb-0801a24c4c29,54.708457,-5.950077,412955,4,terraced,Belfast,BT11 2FP,F,2025-06-08
df272e20-ed24-434d-ab8a-fd393bed0467,52.208707,0.219601,1405528,3,detached,Cambridge,CB17 2AR,F,2025-01-13
94aaa3e0-4a8f-4ba5-8d75-89ff7b4a64a4,54.885765,-1.584149,172018,1,flat,Newcastle upon Tyne,NE3 6BJ,E,2024-10-31
f70228ed-84c3-46e3-823c-326638c3519f,51.647787,0.333993,1406590,2,detached,London,CR22 6JS,G,2024-09-30
ff807147-7921-49fc-bcbb-1340c097d243,53.593458,-2.046474,275369,2,flat,Manchester,M24 0NX,G,2025-06-15
3152f188-7d5c-40d3-bc43-ee19a612bdc6,53.833636,-1.531289,391639,2,detached,Leeds,LS11 5LO,D,2024-09-23
d719bbf6-fd66-416b-b12d-717a159db438,51.437416,-3.019682,409687,2,semi-detached,Cardiff,CF23 6OD,E,2025-01-14
4da13b4f-9d12-4085-bb84-52a2b807e914,52.250088,0.103206,973053,3,terraced,Cambridge,CB10 3TU,D,2025-02-20
30e61a30-0c06-4597-bd66-ffe53039193b,51.577964,0.194286,839798,3,terraced,London,EC5 1KL,A,2025-06-07
728e8fe7-2dc4-4187-93a2-3f8dfffb9ebd,53.329493,-1.554089,254995,2,terraced,Sheffield,S28 3RT,E,2024-10-20
c541f5e0-e199-4e84-a018-c60236d48a12,53.270058,-1.454776,281991,2,terraced,Sheffield,S21 1KN,B,2025-01-12
ae3f6cb4-dca5-466f-8249-d4ec821042ae,51.398924,-3.142466,496561,2,semi-detached,Cardiff,CF20 5UT,D,2024-11-24
d83bb5e7-7b97-47dd-b8c9-c5521fa93379,51.445307,-0.855444,1106117,3,detached,Reading,RG26 6AZ,C,2025-04-29
b355d041-65e4-41e1-bc2c-7d3853d2e5d1,51.468668,-1.037245,690460,2,bungalow,Reading,RG13 6OO,B,2025-01-14
de1bf636-8fc4-428e-ad1d-a2174ce4dc58,54.040493,-1.694215,315808,2,bungalow,Leeds,LS16 7UE,F,2025-03-11
a2c086e1-f378-49de-805a-b257f5acfd96,52.133837,-0.770903,347711,3,flat,Milton Keynes,MK19 9PL,G,2025-03-04
02b9ef2c-45dc-4951-a394-aa860b61a3ae,52.684051,-1.92595,578539,4,terraced,Birmingham,B31 0GP,B,2025-06-24
c37b4913-f997-4ded-be5b-2a9cbde9e8e5,51.590248,-0.287378,961295,2,detached,London,BR12 4PB,F,2025-04-17
c838f106-29cc-4cf8-b0a6-aeb0c8161221,51.488321,-0.366614,479777,2,flat,London,HA4 2DD,D,2025-06-11
97e616f1-21de-41c6-83d8-1577f4f89982,53.710033,-1.691554,193094,2,flat,Leeds,LS30 2KW,B,2025-04-26
f3360e27-8478-4eac-98a6-7183a8514225,51.267064,0.010369,670623,3,flat,London,TW31 4BN,E,2024-10-31
9e598c51-f261-483f-92d4-17026ac7cc4e,53.468064,-2.307024,223614,1,terraced,Manchester,M20 9KR,D,2025-04-22
04ee437b-849a-49a6-a29b-e10f01162235,53.480105,-2.97167,127833,1,flat,Liverpool,L29 2HJ,F,2025-04-01
3c177ff0-2df9-4372-82ff-63d165a6328e,53.530859,-1.494762,371351,3,flat,Sheffield,S13 5DE,D,2025-06-19
05b28b1f-c66d-484b-aafa-0286984112e3,50.91767,-1.463198,209448,1,flat,Southampton,SO4 1AN,E,2024-11-05
9eaf8d8a-fcf3-4282-9530-f5e969304ac6,51.81448,-0.514579,996539,3,flat,London,HA27 6YE,C,2024-10-09
062a0ae8-36af-412a-a206-21063761e4fa,53.786094,-1.506365,221798,1,flat,Leeds,LS31 9OD,D,2024-09-04
460ba150-3101-4171-85c0-617243162378,51.483605,-0.557183,741128,2,semi-detached,London,SM33 3PG,F,2025-01-14
38d697c8-6f31-4bc1-91ca-27b5081f8967,51.491248,-2.487779,658525,3,terraced,Bristol,BS18 3LK,E,2025-02-21
42316c47-1adb-4cd9-970a-e5dda619d788,51.605591,0.096813,648255,3,flat,London,HA27 8YP,D,2025-02-06
36bca6d4-0507-4d00-a742-e3e290353965,51.311984,0.344695,939294,5,flat,London,CR30 9MA,A,2025-04-15
ea194d42-87d6-4ab3-86eb-294395178244,53.516501,-2.519256,232875,1,flat,Manchester,M2 2CU,D,2025-03-03
1761e407-dbb7-454a-bc3a-ff2b645a4a4f,53.373689,-1.373683,279989,2,maisonette,Sheffield,S25 2KH,E,2024-12-27
00cf505a-07a7-4615-bdd4-e3e9bbc657ae,50.971703,-1.52599,416569,2,terraced,Southampton,SO31 9EF,D,2025-08-07
6f49f0fc-e8a1-426a-882e-b28900a42e45,52.352989,-2.114932,1281981,6,detached,Birmingham,B35 6LT,C,2025-02-28
46d4bff1-9cb3-4177-a4cd-8b1c32f8c0ee,53.396798,-3.064153,270034,2,flat,Liverpool,L25 3AR,F,2025-02-21
d856bb87-a6d8-45b4-a89f-a978a304503b,51.495271,0.278129,524054,1,terraced,London,DA14 0LY,C,2024-11-12
4f7219a9-ea61-4b5b-82c0-bdf018deb8bb,53.383572,-3.010231,399081,4,flat,Liverpool,L33 8BO,D,2025-05-06
cfb2b78c-a0f8-4a18-9a20-8cb432b89df0,51.406576,0.129464,1735317,2,detached,London,EC2 7XB,E,2025-02-27
f3775117-ef61-4d57-833f-a4a2ff41138e,54.965077,-1.823823,335903,3,flat,Newcastle upon Tyne,NE16 5YD,C,2024-10-29
1a08c473-055f-4735-bf33-9cd41fec7e3b,53.512418,-1.550996,260282,2,flat,Sheffield,S5 2TC,C,2024-11-19
e998fee4-d493-4f35-8f12-ec8e6f03b023,53.316478,-2.962262,602880,3,detached,Liverpool,L27 9XW,E,2024-09-02
d55c035b-5d5c-4039-a4e0-a02716e115df,53.806093,-1.481954,287184,2,flat,Leeds,LS25 3TK,D,2025-04-02
b12987e7-339f-4f8e-a6e2-4893926b6cd4,51.5438,0.4393,803416,2,flat,London,BR23 8AJ,F,2025-01-05
fb408420-2fa1-4779-a59c-0d63c5e61f1c,51.443052,0.048169,503538,2,flat,London,E17 8SW,E,2025-02-26
ac663fd9-8c69-46dc-94b1-9624efad7af9,51.985844,0.23115,857723,1,detached,London,EC1 0OX,E,2025-05-09
9c236468-0a3b-4146-b330-b8beb8214e68,51.546108,-0.096605,1038103,6,flat,London,EC13 0DG,C,2025-02-12
bc28d1b6-5286-4aea-b8ac-91a293c814e3,51.592723,-0.299945,899169,2,terraced,London,SW14 0GK,F,2024-12-17
e510d8f4-c76e-4546-85a2-e304adfcc19e,51.539724,0.179956,692177,1,bungalow,London,W15 1KZ,D,2024-10-14
08f7cba4-3496-45e3-adf9-c6d79693b3b8,51.361766,-0.616526,2400997,5,detached,London,N6 5CO,F,2024-10-20
ec88d125-767f-41f2-a995-9928ae4da582,52.037282,-0.669968,382974,2,terraced,Milton Keynes,MK16 6XS,C,2024-10-28
94ab9686-2fb6-40ec-b4de-436ad2f5e5fd,52.964186,-1.274626,194882,1,terraced,Nottingham,NG12 6JZ,D,2025-01-24
c972c975-0af5-4a35-898f-4b6d0a96595b,52.528225,-2.121098,420821,3,flat,Birmingham,B6 1HL,D,2025-07-10
fa5b9f1a-36d2-466d-98fe-9e716405f3b4,53.330589,-1.521315,412625,3,terraced,Sheffield,S20 8WY,E,2025-05-30
71982c52-cd3f-432a-afca-68b6d58d5d5e,51.407595,-0.574474,909770,4,flat,London,E2 3HK,E,2024-10-27
1ff44c0c-6247-4f7b-8d74-54946e939a7b,51.486268,0.445052,682974,2,maisonette,London,W12 1AW,E,2025-04-25
8e6f7225-99ec-4566-88da-e4eaa2a8fbc3,51.518773,-1.107717,361814,2,flat,Reading,RG25 9MM,E,2024-10-29
35d0136e-90d0-465a-94f0-6acfe9b2475d,55.026432,-1.478197,627689,6,flat,Newcastle upon Tyne,NE28 5AT,C,2025-05-17
6ef31117-8e8b-45a7-b23f-31933b26adea,53.609752,-2.306015,319399,2,terraced,Manchester,M6 4BW,E,2025-05-27
b9990d03-fb65-4a9a-8dd9-07710c70c556,51.370446,0.54552,790525,2,semi-detached,London,NW22 0AL,D,2025-05-02
273eeaa8-0a50-49b5-a174-6e59b62a7e1a,55.888254,-3.002752,486347,2,flat,Edinburgh,EH33 1AD,D,2024-10-29
84a8557e-f473-499a-97d9-7a4722ae519e,51.60398,0.389403,694997,3,flat,London,UB12 7DO,C,2024-12-01
917c716c-0a9f-4ff9-b6cb-432ef8d151b3,51.702191,-1.255865,612732,1,flat,Oxford,OX14 6OZ,D,2024-09-08
783c84db-a203-48fe-9c8b-6ba4c074badc,53.916076,-1.429059,282292,1,terraced,Leeds,LS5 4MA,C,2025-04-12
89082f37-0597-4a34-9016-9bc4ce19f933,51.446091,-0.129468,987352,3,bungalow,London,EN10 8BH,G,2024-11-02
7c9f4691-e3d0-423d-b6a9-ce9748baa90c,52.229251,0.060019,583059,2,semi-detached,Cambridge,CB9 0OB,D,2025-04-26
4a6d010e-ecaf-4a72-be8e-56dcbc0fc9a5,55.874837,-4.107176,812155,6,semi-detached,Glasgow,G25 4XA,E,2024-11-26
c37f7b61-d1b4-41e6-9e52-ba7b6e080a03,55.857857,-4.077666,252233,1,semi-detached,Glasgow,G19 9SJ,D,2025-05-21
f1445782-4dcd-40f6-8fd5-0f25d63a52fe,51.572422,-0.503775,1185495,4,terraced,London,SW33 3RN,G,2025-04-14
acc25b17-efcf-4ee1-b45f-d47a04aa6f87,53.403873,-1.602535,363615,3,maisonette,Sheffield,S29 6NF,C,2025-06-21
bb4fee77-d32a-4287-ba08-eba71fbea56c,55.035199,-1.777778,239045,3,flat,Newcastle upon Tyne,NE26 5HP,E,2024-12-04
9936d8ab-754b-4c9a-82c4-30cdc4f07d5a,55.794584,-4.088997,277949,2,semi-detached,Glasgow,G26 7NO,B,2024-11-19
fe87e158-26c9-44ba-8733-a4d33b251ce8,50.975457,-1.422141,461163,3,semi-detached,Southampton,SO27 2LX,G,2024-11-12
3541b217-754c-4c7f-bde0-24a5da7d5071,53.34549,-1.377238,293916,3,flat,Sheffield,S20 9SD,E,2025-04-27
a823c70f-c3fb-4982-a5e7-bae825cf93f8,53.399578,-1.310952,358018,3,terraced,Sheffield,S17 9GP,C,2024-12-21
34a0b0b7-ec0f-4db2-b822-b079d953f999,53.283504,-1.70268,326178,3,terraced,Sheffield,S7 2TA,E,2024-12-18
c41dbda8-3e33-489f-a87d-65abf4c22a5b,53.415267,-3.228954,181285,1,flat,Liverpool,L22 9NC,F,2024-10-17
974133d6-d883-4a7e-ad49-bf68028351c0,51.74439,-1.303421,1071455,3,semi-detached,Oxford,OX30 7UG,F,2025-07-11
eb9d2739-a73f-48d9-a617-d25951da41fd,53.558792,-2.373824,359143,4,flat,Manchester,M34 9JZ,E,2025-01-23
d8a3caa2-4ccb-40b4-93b0-ab4af8b686ec,52.064051,-0.836811,517767,1,detached,Milton Keynes,MK20 1GU,E,2025-01-02
0de2ed69-3c02-432a-9fee-c12954570789,51.639896,-0.333687,1117641,5,terraced,London,E23 9KZ,B,2025-07-21
30206764-bf41-470c-ac1a-ca13bff5761b,51.49228,-0.09034,880904,3,terraced,London,SE13 4YU,C,2025-04-17
a14abfd6-d739-4ceb-8bf0-d491bae320b9,53.910225,-0.927821,411691,1,bungalow,York,YO18 4ND,F,2025-04-25
e6cf6987-1fd0-43d0-8546-6e65a4b58fcf,55.074534,-1.685909,412525,2,semi-detached,Newcastle upon Tyne,NE35 0GB,D,2024-09-08
d404a5b6-7f2e-41d2-b137-e4af3f992e68,53.429311,-1.599397,337138,2,flat,Sheffield,S20 6XK,B,2024-09-05
ef8df9d0-aa57-4f92-a1a9-81f475fdeaf1,54.56462,-5.963604,494183,6,flat,Belfast,BT4 2RK,E,2024-10-22
94321663-e1fa-426d-9ae6-d2f3c28f1024,54.563678,-5.960152,389027,2,detached,Belfast,BT5 8NH,D,2025-04-01
2a3a1f79-bd18-4cf9-a760-6b00013713c5,53.508601,-2.130506,458880,4,flat,Manchester,M29 4GL,F,2025-05-27
9054da45-7dd3-49e2-9f32-4099cee0d816,53.516429,-3.011489,295269,2,semi-detached,Liverpool,L29 7AN,D,2024-11-13
494fda43-35d0-4fd8-a73c-0e82c6a0637e,53.390978,-2.922402,234181,2,flat,Liverpool,L8 9CE,E,2025-03-06
ffcb6905-ad30-42ce-af57-68a0de8ded4e,51.41467,-0.189995,1329655,6,flat,London,TW7 1UL,D,2025-07-03
0d39f375-b663-446d-876b-e26d14616d02,55.740839,-4.414599,391988,2,bungalow,Glasgow,G16 9AL,E,2025-06-23
495cba5a-9aac-4e4a-8a2e-89a2f9b68855,53.938457,-1.130481,270853,1,flat,York,YO7 4ER,D,2025-07-22
5e88b1f9-b672-4ecd-995c-a09b40bf20b2,51.462263,-1.027807,814819,4,bungalow,Reading,RG11 4PB,D,2024-09-27
b9ade9d7-ba2e-4947-962e-4123257089c7,53.989857,-1.194615,341314,3,flat,York,YO12 3TS,C,2025-04-16
55d05ef4-bf39-43b3-810c-93f66ecb3362,52.573443,-1.717424,324859,2,terraced,Birmingham,B31 4XK,D,2025-07-01
6ea5c6ad-dfbd-4f96-8944-ac8b699d3460,51.876567,-0.446835,395408,1,flat,London,N4 9RP,G,2025-04-11
31d73671-0953-4aaf-bb8b-384b31fecca9,51.256403,-0.406996,587539,2,flat,London,DA1 5UJ,F,2025-05-14
32f6c72e-7f26-4dab-b174-d3281f080254,52.49669,-1.807978,333877,1,terraced,Birmingham,B7 1EU,D,2025-04-29
95ee95ff-c649-4825-9ea6-2a9f1f8072fa,51.579662,-2.622686,441446,2,semi-detached,Bristol,BS7 3ZX,E,2025-02-20
697da29d-a5b3-4cd3-b263-0a2bbc6e363e,51.366613,0.268648,640154,3,flat,London,EC10 0RW,B,2024-11-25
254645b3-171c-49c0-b6a4-c38cc76a3d5a,55.750491,-4.250101,261947,3,flat,Glasgow,G1 1HY,D,2024-09-14
d193860e-e79e-47cd-95a8-7c33564d4385,53.907514,-1.496948,233331,2,flat,Leeds,LS9 9PZ,C,2025-07-26
21f42bf6-85f8-47ee-9f1d-c7fc1c8adf5b,53.846895,-1.39708,557495,4,bungalow,Leeds,LS31 4JX,D,2024-11-19
50f46269-242b-43f0-a2ea-89028dc9dbf8,53.332057,-1.444386,309817,1,detached,Sheffield,S16 7CB,E,2024-09-18
262d5cb8-f335-4664-88a0-6fdb45823fd4,51.614842,-0.363858,1028244,6,flat,London,W25 9CU,E,2025-01-27
e0e4a552-0c4b-4cf1-b30f-cc6cbc064ae8,51.540685,-3.384673,242822,1,terraced,Cardiff,CF30 4UP,E,2025-04-01
cbee75dd-56ef-48a0-b93a-1305fa03b76b,51.390111,-0.073691,731554,1,terraced,London,TW33 7GK,B,2025-07-28
2c003a3e-669a-4f37-baee-bc182ad4b662,55.871984,-4.17438,315211,2,terraced,Glasgow,G35 4MX,E,2025-01-16
d50a82d3-9fc3-43d1-9ccf-42db11f50fd3,53.408819,-3.126098,274608,2,terraced,Liverpool,L20 0OK,E,2024-10-22
432f26a8-6a80-4cea-8f8b-987dbce71fac,51.49871,0.287527,766955,3,flat,London,W19 6KL,C,2025-02-09
915f7a91-e1df-4c41-9e91-325cde340286,53.417717,-2.843201,429888,4,terraced,Liverpool,L32 5KR,F,2025-05-06
310c7a38-ccf4-47de-b399-1f08806ae0f1,53.389096,-3.020674,244852,2,flat,Liverpool,L2 1KB,E,2025-07-13
d1e8ec77-d490-4959-8091-92c9d0b3f729,51.49812,-0.229644,1319208,2,detached,London,EN23 7PO,D,2024-09-11
cc118081-e335-414a-a928-006ee72a90c1,51.665456,-0.002532,883347,4,flat,London,SM25 0LZ,B,2025-01-17
4fb01c5c-3a9c-42e8-a1ab-9a5e9995afc5,51.88365,-0.174509,439127,1,flat,London,BR27 7HE,C,2025-05-31
9ece5fdc-3866-48b6-b6f3-29a9dbc5eeff,51.697696,-0.159603,690852,1,terraced,London,WC15 2ZM,E,2024-09-30
505c0e00-80c4-40b3-8f30-06254778168e,52.913568,-1.100572,175721,1,flat,Nottingham,NG29 1TA,E,2024-11-13
effc631c-152f-428d-bd7b-570360e2628f,53.398273,-3.109814,318949,3,semi-detached,Liverpool,L2 7SB,F,2024-10-19
d2142291-cdcc-488d-a05f-bd5a098ebac9,52.99425,-1.158026,338426,2,semi-detached,Nottingham,NG25 4SY,C,2025-05-11
4a8f8d0c-edd3-4a00-b158-09d2a4981c6e,51.47525,-2.49474,341398,1,flat,Bristol,BS33 3HO,D,2025-02-07
7f4298d9-b53f-4987-a886-79b2c17f397e,50.771987,-0.130167,1233358,6,flat,Brighton,BN28 0MG,F,2024-11-15
16872d54-526c-4175-b573-a787315c9931,51.672039,-0.11363,582244,2,terraced,London,SW26 7FS,B,2025-07-13
5971114c-66c1-469a-9797-0b3fcc3086dc,51.600183,0.398299,1017491,4,semi-detached,London,BR34 5JN,B,2025-08-31
8746ddbb-4697-4454-978f-7fe6a9648e52,55.117295,-1.699083,225434,1,flat,Newcastle upon Tyne,NE8 8CC,D,2025-05-10
d5236e65-07ba-4875-9b4f-a409da266610,51.469055,-2.536485,455019,3,semi-detached,Bristol,BS14 4NL,C,2024-10-31
f4c93e0a-9beb-4485-9774-e078bea4b42c,50.803384,-0.158473,1561655,3,detached,Brighton,BN6 1WT,E,2025-04-28
1ac5a588-a4bf-41a5-bff0-4a705bc3b2f6,51.371186,-2.734699,399078,1,terraced,Bristol,BS32 1SB,B,2025-04-06
7b73e13b-3d34-4aff-b297-1d818c67c644,51.283091,0.201641,979485,2,bungalow,London,DA3 4SY,E,2025-04-19
f22cbed4-3859-4914-aae2-9780f1b2d90c,53.607888,-2.28276,452044,2,semi-detached,Manchester,M8 7DE,F,2024-09-22
1505b4e7-72dc-4eab-9784-ace98386c0db,55.748755,-4.399167,487905,2,detached,Glasgow,G20 0KZ,C,2025-01-12
be7755bc-3984-459b-a546-6209023c99e4,51.970778,-0.590074,418407,2,flat,Milton Keynes,MK14 7ZU,C,2024-11-24
b8112c20-6a5d-45fc-8707-7ec7dc4c87a3,54.505322,-6.072664,300858,1,semi-detached,Belfast,BT29 4SM,E,2025-05-08
1350a1fd-a7df-46a3-baea-783b0446166a,52.929091,-1.173641,271965,2,maisonette,Nottingham,NG28 8WO,C,2024-09-19
efb5b5a6-685d-4837-9138-a851f9b3ff8d,53.515185,-2.862539,301246,4,flat,Liverpool,L2 4UA,F,2025-07-31
0c84b1bd-06c9-4d9d-bb8a-f78ccdc982b1,52.930189,-1.313806,473358,3,semi-detached,Nottingham,NG11 0ZB,D,2024-10-23
50f848d5-322f-47f8-8ffd-1d8fb559b4bb,51.717026,0.144814,797218,2,terraced,London,KT5 5LX,D,2024-09-14
933d83f9-aa79-45f2-baad-577706de1825,51.475917,0.334611,500263,1,flat,London,DA21 5LD,D,2025-08-26
d4c4504e-f1eb-430c-a34b-a004bd16b17a,53.425857,-2.979612,580663,5,detached,Liverpool,L24 5EC,G,2025-08-11
5fc439be-c753-4744-99a9-f67f83540e4d,53.807665,-1.599253,455606,5,bungalow,Leeds,LS4 0BT,E,2025-07-31
5285ff7b-15d3-4505-8423-96898112b741,51.484631,-0.701044,1031415,2,semi-detached,London,NW29 9OJ,D,2025-07-20
ea451fe9-1977-458d-a9fb-e16cb6a47145,53.595644,-2.95988,241074,2,semi-detached,Liverpool,L22 2RD,F,2025-05-24
1b451429-2fa9-4e68-903d-a6993d0812a3,53.845183,-1.648329,249253,1,flat,Leeds,LS23 4OT,F,2025-08-28
db6fba4e-d6bc-4199-9e78-00956dda5714,53.662023,-1.695715,281305,2,flat,Leeds,LS18 7PR,E,2024-10-25
92154886-b70e-4beb-b23b-1a2a99da12db,51.748062,-0.204256,1296201,4,semi-detached,London,N23 6OD,D,2024-09-02
f23e16f3-466d-4d88-a933-2bc9d5badf8b,55.015108,-1.803923,424545,3,terraced,Newcastle upon Tyne,NE20 6SR,E,2025-01-15
737e437d-b5f8-4c57-89b3-c12ab34f8685,51.670135,-0.185549,992925,2,semi-detached,London,WC30 0OG,E,2025-07-12
829e87a2-c496-47d7-8def-61c4dbe356eb,51.248987,0.280539,621378,2,terraced,London,SW30 8EJ,D,2025-04-21
673cf78d-f68f-4625-9fda-eaa595e5709d,51.313493,-0.18853,746475,2,terraced,London,KT34 5JT,G,2025-04-17
1d4d1191-67ca-446c-a591-6b9712520569,51.517099,0.031622,836695,2,semi-detached,London,NW22 7YM,G,2025-06-05
b0349bb0-3635-4272-9ef7-fa69226bae8f,51.990954,-0.870004,536568,2,detached,Milton Keynes,MK21 7WX,C,2024-11-18
c0f3f044-d4b0-480e-a196-793b8a8173ff,51.707709,-1.175734,898772,4,flat,Oxford,OX35 7EH,D,2024-09-12
c60ad2a8-a54f-4627-9ebc-da2adf97d32a,56.003652,-3.067114,359780,1,semi-detached,Edinburgh,EH6 3JE,E,2025-09-02
d52c4570-a5d5-4cfa-9b00-0d245524a5e2,53.324222,-3.028996,232098,2,terraced,Liverpool,L35 2NW,E,2025-09-02
31ea189b-ee6c-4e21-874b-61e0d2c43a22,52.721348,-1.787516,518377,2,detached,Birmingham,B6 9NX,D,2024-09-08
f28acc85-9723-4383-8257-9b046b495a0c,52.495014,-2.068517,420862,3,semi-detached,Birmingham,B20 0UH,D,2025-06-18
5a729b55-8076-4704-adb1-146f199fc2a2,53.404873,-1.592122,242138,1,bungalow,Sheffield,S7 7SB,E,2025-07-19
c9885a76-95fb-4dfd-9243-304a8f5bf6f3,53.491837,-1.964519,328615,2,semi-detached,Manchester,M19 2RF,C,2025-08-25
452d3cf2-2fbb-4807-963a-6e1980021ad6,50.904266,-0.125539,381089,1,flat,Brighton,BN14 5TX,F,2025-06-20
d2b9485a-3573-4571-9dee-aedf45dec3e4,51.778935,0.10781,510186,2,flat,London,SW31 3EB,G,2024-10-30
ea1fa1f7-b939-4d36-a3a7-26063566f44b,52.814458,-1.054852,289131,3,flat,Nottingham,NG2 4RD,D,2025-04-30
6909b1e7-6311-4b1b-9bb3-f6f3e089c6e3,50.837825,-0.024162,869165,3,semi-detached,Brighton,BN17 8ZH,E,2024-09-21
06cde2ff-16e1-4608-aa64-5252102ad4f5,51.348232,-0.02617,596175,2,flat,London,SW1 7DR,E,2025-03-01
de617af6-d402-4cb0-be5e-d59a65d59e3f,52.511903,-1.843729,224161,2,flat,Birmingham,B17 9DR,E,2025-04-08
c804050d-9b38-4e56-a2fc-ad3d79b5fc78,53.610888,-2.102762,502290,2,detached,Manchester,M35 0WX,F,2025-06-19
46a562a0-e41f-4b62-b234-9a8fdc4705e1,53.400881,-3.033069,343257,2,semi-detached,Liverpool,L22 7PA,E,2025-03-18
d3565ebf-8f49-433c-9ef6-2e2c2bd37dad,51.121188,0.006678,628182,4,flat,London,TW13 1PD,F,2025-06-07
2b9d4a49-c3c6-4fce-86ce-44b97cb15180,55.97371,-3.517659,452690,3,terraced,Edinburgh,EH11 9TT,C,2025-08-24
aa67fe50-710d-48fa-a808-d07d956e3d92,51.384099,-3.117075,526229,2,detached,Cardiff,CF33 1ER,C,2025-07-05
abf22bee-6036-46e5-b40d-0b19ddbbcf41,51.38403,-2.615398,439754,2,flat,Bristol,BS5 2ZM,D,2025-02-05
a6aa5bf6-24c4-4c59-970f-d3c41a308089,51.433311,-2.875769,207259,1,flat,Bristol,BS17 4XC,F,2025-03-11
0b5fa2bc-28fa-4358-a561-438139fcb9c2,53.565825,-2.499054,397161,2,detached,Manchester,M16 1GD,F,2025-02-28
be5d3cfc-9cfb-4c2f-bd5c-2d9c89554e9c,53.472446,-2.056062,252203,2,semi-detached,Manchester,M33 9TZ,F,2025-08-12
00344f76-1052-4928-b96a-5c6fc829b8e1,54.518196,-5.876883,237902,2,flat,Belfast,BT13 0UJ,C,2025-07-05
6feab7e5-ec9f-466a-81ff-6c091b9c10d9,53.579989,-2.754909,517350,4,detached,Liverpool,L35 6XW,D,2024-10-08
4378a66f-e1ed-42c7-89e7-8eb805c30c8e,51.804155,-1.283585,758598,2,terraced,Oxford,OX2 1BY,E,2025-08-18
48081ed8-0aa3-477d-b401-856ccf133124,54.91194,-1.574082,361339,2,detached,Newcastle upon Tyne,NE1 8UX,D,2024-11-04
0816ba8e-cb3c-44ea-8af6-c62729fe5b6d,53.499976,-2.796552,457300,2,detached,Liverpool,L34 6ZE,D,2025-08-12
64679d7f-0fe8-4e24-a3fe-4a9342ba77ba,51.389715,-2.539706,345331,1,terraced,Bristol,BS24 4GR,D,2025-03-05
c02c1c1d-a80e-484b-a9f3-416b83488a7d,53.421002,-2.771295,217257,1,flat,Liverpool,L13 9TD,D,2024-12-10
29cb822b-76d6-455e-b575-002cf6deaf58,52.338288,-2.106587,342923,2,semi-detached,Birmingham,B29 0AJ,D,2025-05-21
643bde2f-4cde-4046-b8b6-a671374bc4bb,52.059713,-0.702744,461060,3,flat,Milton Keynes,MK21 1PU,F,2025-07-18
04c075f4-4533-4ceb-bd2f-49db6c92585c,50.869384,0.120539,397871,2,flat,Brighton,BN11 5RH,D,2025-08-07
48bcd81e-fb3b-49ff-b1ed-9c5de2861c2b,54.636889,-5.892098,417853,3,flat,Belfast,BT34 2NB,E,2025-04-04
48300c59-f434-4a7e-b839-00d65b4b482b,51.509642,-3.019344,319970,2,flat,Cardiff,CF35 4TA,D,2025-06-11
f8658b47-9f83-4b51-8180-0901fc9057a8,51.541162,-0.995404,667468,3,flat,Reading,RG4 1AC,D,2025-08-04
d675fb43-a759-4339-9808-c9bf3e8cc74a,51.098692,-0.433868,674181,2,bungalow,London,BR30 1GO,C,2024-11-27
823b88d2-9c8f-4245-bdbf-1ba28947f066,51.453672,-0.110007,638022,2,flat,London,W19 5LG,E,2025-06-15
a36e6093-f6f8-4cea-9e94-29abbfb4ba4a,53.332853,-1.454492,328866,3,terraced,Sheffield,S10 7NN,D,2025-08-01
d67a5071-5198-4ac4-836d-3bc7b0a45508,51.586099,-0.46124,1080059,2,bungalow,London,WC30 3ZK,F,2024-09-29
112b4c69-547a-49f2-9950-af1b88bf4035,53.453346,-1.613796,307967,3,flat,Sheffield,S22 8RG,D,2025-02-24
2eab14cc-5284-43d7-9ba7-5cf54d5f2b92,51.400482,-0.964032,564853,2,terraced,Reading,RG24 4TF,F,2025-01-05
bd457364-fc6e-461e-8a98-d0ea4f6b9560,53.203665,-1.235224,252208,1,semi-detached,Sheffield,S33 3TW,C,2025-06-24
02486504-10c6-4614-8501-ffaef2205277,51.652945,0.177778,741629,1,detached,London,SM12 8OD,E,2025-06-15
3290eefb-e3e2-4fa7-8ac6-850db6c926fc,54.565148,-5.864316,245056,2,flat,Belfast,BT7 1TF,C,2025-02-07
68f5482a-1243-4fdb-89fc-906c57f4fa21,55.812366,-4.252279,351887,4,flat,Glasgow,G13 6CY,G,2025-05-25
3afe893c-17cd-477b-b867-52a15ac768cc,51.809571,-0.529297,659092,2,flat,London,E19 1LP,C,2025-07-08
358863e8-1c24-4b35-b0f1-534581f0070f,54.623504,-5.82295,187698,2,flat,Belfast,BT33 0TG,C,2024-11-10
af840852-9a76-4105-9c18-898a5ba78a34,51.585144,-2.836283,272321,1,flat,Bristol,BS19 8TE,D,2024-12-09
8ef45fa3-ede0-432e-89d5-d68b01ff92a7,51.597218,-0.116534,764880,3,flat,London,KT25 9MF,D,2025-06-14
c0a4d27a-8a87-49ac-9c34-8c025813cde9,56.01416,-3.235596,338048,3,flat,Edinburgh,EH17 4AG,E,2024-10-10
b8ee9580-ebcf-4261-af5c-0af0d2aabc68,51.679143,-0.189114,661669,2,flat,London,EC16 7EA,E,2025-06-26
61c378a2-47f8-410c-88ac-2feaa528ed16,51.456864,0.104398,492934,2,flat,London,EN4 3DA,E,2024-09-28
696c848d-1e9c-493e-ab1b-c1ab75464011,54.918049,-1.505073,623499,3,detached,Newcastle upon Tyne,NE23 0AG,D,2024-09-22
6158675d-074d-4b42-8502-c2c8fd19adb1,51.465399,-0.169009,444168,1,flat,London,BR25 3SS,F,2025-02-27
a1fbd12a-6f34-4641-a545-c1bf09445c23,51.40035,-2.721325,377059,1,semi-detached,Bristol,BS34 4DW,D,2025-02-14
ca153da2-1c3a-43de-a6c9-25249c36018d,53.036954,-1.094121,226724,1,flat,Nottingham,NG18 4HC,F,2025-01-15
67b44f01-e8d6-4df9-a9e9-34442461f42e,55.888567,-4.2264,644655,4,detached,Glasgow,G25 6ZA,F,2025-06-11
7959c5e6-08ea-447f-a900-f572a01de553,54.697987,-5.857354,269648,2,terraced,Belfast,BT28 4UD,D,2025-03-01
b424fcde-4b09-440d-8825-ac3579cee53f,51.578609,-2.478235,452624,2,terraced,Bristol,BS28 8KP,D,2024-11-07
6bc3fd3c-a406-4f92-bc9f-edb8bd1b200d,56.079246,-3.133296,540001,2,detached,Edinburgh,EH21 6NU,E,2025-01-09
a85b3ccd-fa7b-48ad-a1c1-b860e6c82640,51.805984,-1.362436,546104,1,terraced,Oxford,OX25 3JW,C,2025-06-30
c7dd4b1b-5a58-4681-85de-5f23063ce952,52.378138,-2.046329,402689,1,detached,Birmingham,B18 9TE,A,2025-03-05
9ec40638-c3dc-48af-9342-e53c0c53756f,54.519408,-5.964964,364761,2,bungalow,Belfast,BT26 6KE,C,2024-10-30
ba09b8ad-e68b-47d5-971d-009985c6b083,54.616128,-6.242614,291822,2,terraced,Belfast,BT34 9JO,D,2025-08-30
76f13a94-7af8-4d3c-922f-6c6619aab855,53.793879,-1.525914,305127,2,flat,Leeds,LS29 5CN,E,2025-03-04
d6816107-4fea-46e2-ac24-4ec175938006,53.585101,-2.538471,190346,2,flat,Manchester,M21 4OZ,E,2025-08-20
d69c2a9c-f972-469f-91f4-d6e7197f05aa,51.825301,0.237464,697152,3,terraced,London,BR4 3CC,F,2025-07-08
165d5e5e-37d1-468c-b9be-8d8f4971fb0b,56.003036,-2.904794,254175,1,flat,Edinburgh,EH18 5MX,B,2024-09-13
13997912-04d3-4a95-b940-aad8b14d2bb0,55.115624,-1.765098,277351,2,semi-detached,Newcastle upon Tyne,NE16 4MF,G,2024-10-30
79886924-26ec-4c63-a9fa-5c6d1cf3f8ae,51.613485,-0.146134,415868,2,flat,London,BR33 6CH,C,2025-04-23
8800e946-9743-480f-ba13-f31e7bb4ff70,53.599141,-2.161406,360378,3,flat,Manchester,M15 5DD,F,2024-12-29
e16b6c35-cfc5-4004-b48d-2796fcaae7d6,52.361082,-2.185388,686760,2,detached,Birmingham,B31 6GW,E,2024-09-25
ee039e8a-7968-43df-a602-fb231b32ec5e,53.368642,-1.562056,375127,2,detached,Sheffield,S26 9EB,A,2025-02-04
2ab95577-f912-491d-b3cd-925a5860d09c,52.026269,-0.765023,363143,2,flat,Milton Keynes,MK16 7GT,E,2025-08-04
381240ea-f8af-4038-8196-fa4769742103,53.305677,-1.529839,378873,1,detached,Sheffield,S20 5CA,F,2025-03-31
7256f2a4-6705-4e3b-9f03-4a2036aa42fb,51.855561,-1.254866,658349,2,flat,Oxford,OX9 1GP,C,2024-12-01
f2b248e8-abf0-4ffa-9d04-85b78962b317,51.230606,0.089766,394664,1,flat,London,TW31 6OU,D,2024-12-08
811e9ac8-98a4-4a08-ad9c-ab1894a844ee,51.416311,-2.565737,274809,1,maisonette,Bristol,BS27 4ER,D,2025-05-11
aeb217fc-7024-42b6-ba5d-cf94852ada0a,54.888259,-1.444103,320899,2,flat,Newcastle upon Tyne,NE18 5UT,D,2025-04-06
8fe6669d-4580-4676-b02e-46d8e6352a35,51.826911,-0.456573,969920,2,flat,London,E29 1KX,C,2024-11-10
bb551176-8acf-4d28-bc4a-f68e62a5e8f1,53.962883,-1.055425,475556,2,semi-detached,York,YO32 8GZ,E,2025-05-14
8867daf0-8d50-4729-a2bf-ca3f3b5a2126,53.780771,-1.745557,477710,2,detached,Leeds,LS12 7XJ,D,2025-04-19
cb169114-2843-4d73-8872-3045d2aeb98b,53.879458,-1.39099,233279,2,flat,Leeds,LS24 5ZO,D,2025-07-20
466b51f2-4e9b-4342-9ba5-8a47a4e010e2,53.556162,-2.428191,221321,2,maisonette,Manchester,M17 8DA,F,2025-06-07
f1d0a6bb-7683-48b4-9676-0b51aab7714c,51.637505,0.169658,430951,2,flat,London,HA2 2XL,F,2025-01-02
4ec67ca0-af17-4805-a4fa-faabb353471b,51.467027,-0.141181,711822,3,flat,London,IG19 0UJ,D,2025-01-19
c271c431-021a-456d-bef2-05a2643b6a09,51.604705,0.033973,1055760,3,semi-detached,London,EC21 4PM,E,2025-01-09
80719167-cff8-4e5b-a8a6-496c64d029cc,52.445957,-1.956591,640393,2,detached,Birmingham,B1 6UD,B,2024-10-24
aef56f59-883a-4999-93db-9002f44f75ae,55.915851,-3.124512,634699,4,flat,Edinburgh,EH20 2LJ,B,2025-03-24
21e0d384-9aed-49ea-8922-5c59b4daaec4,56.009654,-3.035828,432548,2,flat,Edinburgh,EH13 7AY,E,2025-04-05
8a896633-b7f3-4e54-a5b0-6d19aae61d5f,51.480258,0.061174,953081,2,bungalow,London,EN13 4OK,F,2025-03-09
7c70f068-7c43-4100-8531-c2da831cac55,52.490845,-1.670955,250652,1,flat,Birmingham,B15 6AM,C,2024-09-04
f47bed5b-8137-4da1-af84-e69ba1ea47eb,51.771791,-1.290195,1012888,3,semi-detached,Oxford,OX9 9LU,D,2024-09-13
a02a2cab-5e88-4eae-82ea-0f2e51d578b4,51.400512,-2.63729,538249,3,flat,Bristol,BS9 6CU,E,2025-07-12
58ea9d79-f5fa-4244-83ee-33f4077ccc75,54.978667,-1.475911,318893,3,flat,Newcastle upon Tyne,NE35 9RS,E,2025-07-14
de60a0f1-dce6-4a6e-b199-3c69eb00caa6,53.497018,-2.710833,316799,3,semi-detached,Liverpool,L1 1LG,C,2025-06-24
17dba967-8616-4a4d-aea2-938a34427482,51.405819,-0.37198,705266,1,bungalow,London,N5 7WP,G,2024-12-21
3a0b91c4-08e8-4e65-8f87-4fe9ca803906,51.507992,0.046646,1027612,3,semi-detached,London,CR15 5OK,C,2025-05-05
ff3a379f-2d65-4eb1-92e1-a1f367a0b1a0,51.307945,-0.170176,822696,3,terraced,London,KT6 6DS,E,2024-10-05
f7892b95-6167-41b1-a3a2-858ed5fa6e11,51.533356,-0.274615,511423,2,flat,London,EC5 7RE,B,2025-03-30
25023e83-42f6-4cfd-8368-96a7c5d8b0f5,55.081906,-1.538437,532858,3,detached,Newcastle upon Tyne,NE5 7RK,A,2025-01-30
9903fd61-c157-49f5-b433-dfaff896e9a3,51.406962,0.213826,1427661,4,bungalow,London,SE32 0YG,F,2025-07-22
ce26f2c1-afa0-4484-a270-3b07c78dcebd,55.866122,-4.163818,139655,1,flat,Glasgow,G11 9DB,E,2024-09-09
ee17454c-43ce-44aa-8c29-e19c88baad76,52.170108,-0.763818,276180,2,flat,Milton Keynes,MK29 0UO,E,2025-08-17
70d658af-0016-4518-b051-2565c405262e,56.025329,-3.165043,715417,4,detached,Edinburgh,EH11 0FK,E,2025-09-01
a50d6bde-262f-460b-b373-77ba3546042d,53.662521,-1.421186,456805,4,semi-detached,Leeds,LS12 4YN,E,2024-11-13
dacb397b-c197-4364-94e2-e8eabbb2bfff,51.423833,-0.902096,469583,2,flat,Reading,RG21 8GY,C,2025-04-13
5ffc0a9e-ee63-400a-b10a-a1dc122da58b,53.324951,-1.371801,413194,3,flat,Sheffield,S12 7DL,C,2025-06-22
9370ed5f-eaa3-4bdb-897e-68ef02ea6b88,51.532922,-0.115995,1166231,6,semi-detached,London,EN32 6PN,C,2024-10-02
b2c88993-84dc-45d4-bbe5-8c90069cb059,51.528637,-0.066195,874599,2,detached,London,NW21 5MO,D,2024-09-08
0fb9cbda-951b-497f-a9a1-71a2578aaf8f,53.506623,-2.442644,230330,2,flat,Manchester,M17 7PG,G,2025-05-23
96e678aa-ba8c-488c-ac17-bc92c996421c,53.819981,-1.829579,591062,2,detached,Leeds,LS26 1OP,B,2024-12-15
8b967b9e-5757-48bf-9e9e-72344d551b95,52.044477,-0.295777,783037,2,semi-detached,London,SE1 4DW,D,2025-08-08
604d50bf-63bb-4bb3-b806-7fff5436066e,53.399816,-1.452353,406595,3,flat,Sheffield,S13 6JD,C,2025-01-08
54918952-a0b5-4444-8cf5-27484a160ea9,52.548272,-1.907623,210946,1,flat,Birmingham,B7 6DS,C,2024-11-21
b48d2d7e-80b1-4d6b-8147-783fd7f0728b,53.277708,-1.599589,457200,6,flat,Sheffield,S35 0TD,D,2025-03-07
0823c0ef-3bf7-4b09-ad06-434a90f47cba,50.904591,-1.375068,588440,4,bungalow,Southampton,SO28 6CN,C,2024-11-02
05b65179-0e14-43c1-a7d3-dc5e16959e67,55.838287,-4.091963,320934,2,detached,Glasgow,G31 4XS,B,2025-05-26
24908dd5-28a4-4c96-885f-d1e57ae43033,55.857642,-3.987619,237769,2,flat,Glasgow,G1 2UE,B,2025-05-07
cab6f34f-6ed7-46a0-b310-b55e611dc829,51.564214,-3.231943,328623,2,flat,Cardiff,CF32 6EC,D,2024-11-30
81803c6d-5a3d-42b5-9f2e-5cbc5d7dd88d,53.355139,-2.327914,295990,2,flat,Manchester,M32 0EH,E,2025-06-18
acca7a66-2765-4933-8852-e77855a9dc6b,51.48805,-2.54438,416942,2,flat,Bristol,BS11 3MY,C,2025-03-01
6db0a90e-4dd3-4f78-88c3-dbe928f97a42,51.643362,-0.497638,554928,1,flat,London,EN5 2SU,E,2024-09-29
546bf7fc-5a0a-4d42-917f-d3a23e0a0b7a,51.279253,-0.210876,640785,3,flat,London,IG21 9HH,E,2025-07-29
5b57e126-fe1a-4d84-9f8f-8216cfcc1e95,53.594104,-2.233442,378467,1,semi-detached,Manchester,M8 2GY,F,2025-02-25
5d0cf1da-5b28-43ee-9d8e-b5fda05f7a03,53.574392,-2.607419,277350,2,flat,Manchester,M18 2EE,E,2025-05-10
92f922d4-991b-4c14-8717-7a74eed84f13,52.50354,-1.897376,299811,1,bungalow,Birmingham,B25 4UF,D,2024-09-15
4defe66b-f52d-45ac-b909-2549d9704b16,51.417372,-0.27086,538439,3,flat,London,NW12 6NT,D,2025-04-27
fd89711f-e1e1-4fc7-b79b-e463bce0c00b,52.512032,-1.697716,431424,2,flat,Birmingham,B7 9JN,F,2025-08-27
2edf0f3e-3e21-4ad8-8a9c-2b53acad7327,51.842942,-1.343383,910939,3,semi-detached,Oxford,OX9 3WH,E,2025-04-23
ddebf8de-5b6d-4b41-9dc3-d66834731355,51.586031,0.117428,1219880,2,detached,London,IG21 3GR,E,2025-07-15
d678868c-1ed9-4713-b452-6e84cc2d8eec,51.841399,-1.259125,852937,3,flat,Oxford,OX4 9EZ,B,2025-05-05
0e82e5c4-fbd9-4f6e-bbde-b94bcb7cf39e,50.808582,-0.129875,708231,2,semi-detached,Brighton,BN10 5BJ,F,2025-07-15
78345834-5fd3-42b4-a0b9-377206161d95,50.814052,-0.23295,459901,2,flat,Brighton,BN33 5EW,D,2025-03-08
5243911c-f6c8-4694-8815-8e421a84f88d,52.545309,-2.11478,224478,2,flat,Birmingham,B10 2BA,E,2024-10-16
15947a83-1218-42e7-a8f3-6e81a3427d28,53.443542,-2.333878,815917,4,detached,Manchester,M32 5GB,C,2025-07-02
fe6211a6-f5ae-4398-abd0-378b59fede90,53.402509,-1.474297,204815,1,semi-detached,Sheffield,S16 8PE,E,2025-06-03
2fcf19cc-58dc-4b29-b674-1789faacb837,50.841566,-0.301066,706332,3,bungalow,Brighton,BN7 2UO,D,2024-10-19
c9be84b3-3f8e-49d4-8236-d0aa10742df7,53.872399,-1.78264,393929,1,semi-detached,Leeds,LS34 8JX,D,2025-02-16
20dd7893-1170-4a43-a836-68c9771b5a06,50.808522,-0.263729,529081,2,maisonette,Brighton,BN9 9ZX,B,2025-05-17
7b9c620e-1b27-420f-83ec-74d6388dadf5,53.488009,-2.34966,355148,1,detached,Manchester,M14 6JB,E,2025-03-20
8b0ca447-6e84-4c9e-8249-be38f0f99305,53.859781,-1.479216,275940,2,flat,Leeds,LS29 5EJ,E,2024-11-12
4a393a47-b6d3-4690-b149-3d74bb40a9dc,54.892953,-1.381449,349438,5,flat,Newcastle upon Tyne,NE6 7CX,F,2025-09-02
6342357c-2858-4d74-947e-eba61d5ab462,50.852231,-0.150357,504338,2,terraced,Brighton,BN11 4LE,C,2025-04-03
682138fe-8588-4e16-94f5-1316d1369d4e,53.394899,-1.344435,242440,2,flat,Sheffield,S34 5MK,E,2025-03-02
603856cf-2f01-4052-995e-e492bb736359,55.95484,-3.205706,616247,3,terraced,Edinburgh,EH11 8WL,C,2025-05-18
3d310f24-3b3b-488f-971e-7cb3bbacb544,51.664422,-0.100766,485729,2,flat,London,E16 1LN,D,2024-09-02
30c8ff27-f764-4213-b637-45d9643969e9,55.934336,-4.397374,154376,2,flat,Glasgow,G29 4AM,C,2024-11-23
2ddcb7a6-7a17-4d90-97f9-400ee56fdfc7,51.548023,-0.157294,548607,1,flat,London,CR34 3UL,D,2025-06-04
92a470ca-451b-4f3a-b881-8e2650bf6e6f,51.57266,-1.00506,560307,4,flat,Reading,RG16 2UY,C,2025-03-29
1452b112-0269-4e28-b42e-2ee8faf694e2,55.824998,-4.449917,219959,2,terraced,Glasgow,G17 2TL,E,2025-01-13
7d1d9b78-7257-4f72-9bac-c4505ebc89c9,51.38862,-0.247698,706210,4,flat,London,IG21 9TM,C,2025-08-21
c7521102-8e8c-412f-b2f7-719dc4b8c3ae,53.419405,-2.9511,265440,3,maisonette,Liverpool,L27 1KO,D,2025-05-09
3f09cf07-6d95-4432-936a-31179c81ee74,53.720338,-1.377926,205860,2,flat,Leeds,LS15 6XX,D,2025-08-28
849a7649-c9d1-4864-a399-395d1205a271,52.93276,-1.130938,381558,2,detached,Nottingham,NG27 6CC,C,2024-12-02
399c66a5-cb89-4113-885c-41ddea814b53,51.416915,0.18783,1056505,3,terraced,London,WC14 4CZ,C,2024-12-08
d056746c-ed13-4caa-a27c-069a503ba247,55.916182,-3.193483,358342,2,semi-detached,Edinburgh,EH20 9HS,F,2024-10-05
2fa9b31b-d94c-497c-938a-6aa2170dd6ab,54.595619,-6.172215,351260,1,detached,Belfast,BT12 3ZB,D,2025-08-26
309f422d-78bb-4f7d-a417-86a9ed2aff84,52.741096,-1.688537,438090,3,terraced,Birmingham,B14 6LM,E,2025-02-19
76c99833-12f7-44b3-9d91-4f3454edc6e7,53.410966,-3.074309,164768,2,flat,Liverpool,L19 6XE,A,2024-11-10
2313526e-300d-425c-a81c-b058ef7edf3a,51.723016,0.061696,567200,2,bungalow,London,HA8 2KN,F,2025-05-12
d11b8ed5-4d0a-467a-b8be-de9361954f09,51.438908,-2.564637,437085,2,flat,Bristol,BS20 4TJ,E,2025-03-15
d9bd4265-a178-473e-a915-e8fcd8443506,50.85362,-0.035102,919945,4,terraced,Brighton,BN30 1TG,D,2025-06-28
4b251f46-d4a2-4c6f-a900-ca4d69b7cde8,51.548006,0.022698,787312,4,flat,London,W27 1TP,E,2024-09-06
04e55da6-ec90-4550-85c8-9c3caa7038a2,51.556452,0.602444,347681,1,flat,London,EC31 1NO,B,2024-09-05
68b79860-37da-4b9b-af5a-f2281b6eb865,51.201608,-0.372158,895234,3,semi-detached,London,W20 6SH,B,2024-11-25
49a89dc6-70a5-493e-b750-1b42e5d71f1f,51.400874,-3.061028,377152,3,semi-detached,Cardiff,CF5 6KU,F,2025-01-24
192593be-36e0-4397-8f84-c82502f3d7a0,52.829026,-1.001477,270284,2,flat,Nottingham,NG12 3TZ,F,2025-05-25
67615251-13aa-46e1-8d06-4e441ec393bd,53.366805,-2.244504,398103,2,flat,Manchester,M17 3GL,E,2025-02-05
85e1ac34-1930-4667-a477-ba39ba99e456,51.289142,-0.254295,452063,2,flat,London,TW24 4SP,F,2025-04-15
8f1ad428-c935-4fbc-8d56-891f942c600b,53.756032,-1.511168,346139,1,semi-detached,Leeds,LS5 9GF,B,2024-12-04
e4a59b04-4f62-43f9-b1ed-3c62d768392c,52.722192,-1.88717,267779,2,flat,Birmingham,B34 1UT,G,2024-11-04
82e86213-3908-437f-a6e1-619d04446ecb,52.244572,0.074654,455421,2,flat,Cambridge,CB32 6TA,B,2025-05-05
2e47dad7-04d9-40dd-8b5d-80e92fddbb3a,53.378876,-2.867385,190831,1,semi-detached,Liverpool,L16 7KB,D,2025-05-19
eb894756-2fa1-4471-95f2-a9d74afe479f,53.301721,-3.005452,767117,4,detached,Liverpool,L8 9YM,D,2025-02-02
a18b6b0a-fbdf-4878-b1c3-c72def154b85,51.677088,0.122482,749903,2,terraced,London,NW35 9GO,D,2025-01-02
d306b7ef-485f-4804-a157-ba14db99af5c,51.604128,-0.148732,540000,2,flat,London,SW7 0TP,G,2024-12-13
4002384b-7805-45a1-9974-483ea5f67aa1,50.822609,-0.059274,1002187,2,detached,Brighton,BN26 2WD,F,2025-04-08
0a8c9dcf-3e31-4bed-b68e-cadd51cbe94d,55.732808,-4.42593,265498,3,flat,Glasgow,G23 3YO,F,2025-07-25
ca918f79-d179-419c-9426-2a702dd92b6e,51.791694,-0.331799,582671,1,terraced,London,BR21 6UE,E,2025-03-15
e17ce71f-69f7-4ac3-be33-4d622dd6cc4c,53.383443,-1.451934,421569,4,bungalow,Sheffield,S35 5TL,C,2025-03-11
b0b4d2a2-c913-4408-b067-cfdcecb75864,51.50915,-3.234203,359500,3,flat,Cardiff,CF14 0GM,F,2024-09-20
b4cfc5cc-15dd-4b8d-8cb4-7ea78aca558e,53.381765,-3.05748,287224,2,flat,Liverpool,L6 3AM,D,2024-11-22
fc09a9a6-9e07-405a-827f-f7510bb4eed0,53.522803,-2.485969,408384,4,flat,Manchester,M2 5GL,B,2025-05-12
e2d7e2f9-e3d9-40ba-af0c-7c3804551f0c,51.419337,0.221919,906708,2,terraced,London,BR13 3XF,D,2025-05-20
fa79fa75-be2d-46d2-bbd3-e0bbad1c9796,51.408683,-1.076454,883169,3,bungalow,Reading,RG19 7FC,D,2025-08-16
ce5711a6-1cf8-4a51-8b95-85c4375fc362,51.484927,-0.723172,899175,3,semi-detached,London,HA22 9SZ,B,2024-09-20
702ceb0a-e06d-419c-bcb8-ba079a8980b5,54.978344,-1.63301,248651,2,flat,Newcastle upon Tyne,NE1 8TB,E,2024-10-13
2e839681-4c0f-49cc-bfd1-0dbd96a71187,51.469646,-3.245222,427548,3,flat,Cardiff,CF24 4EK,D,2024-09-12
4d6c60e7-19e6-413a-b4b7-c611985170f2,51.778397,-1.104055,796042,3,flat,Oxford,OX25 0DJ,F,2025-03-22
0387e046-14d9-4c8e-bfbd-32f0211651fb,51.349384,-0.596859,1078979,4,semi-detached,London,KT6 1YH,E,2025-07-15
3ccc686a-c7d4-43c6-bb6c-2d17c15066aa,54.53457,-5.894553,560035,5,bungalow,Belfast,BT22 5YX,E,2025-02-25
58ca099b-a125-42c0-94df-6994117e1d9e,51.610399,-0.526811,985978,2,detached,London,TW24 5DM,C,2025-07-04
75099c03-8d50-4a9d-bbf2-2c2e58eb7f62,53.343517,-2.886897,181664,2,terraced,Liverpool,L19 1UN,G,2025-05-11
4e08c76d-51c4-49f3-9feb-2d1674f02c5f,51.043472,-0.358918,1165666,2,detached,London,SM22 2AA,E,2024-11-11
2a9df160-0c30-41ea-ae5f-c0f23ae54837,52.510639,-2.057945,270898,2,flat,Birmingham,B25 1YG,D,2024-11-06
1eb647fd-d0d5-46e3-ad26-0bbe16bdf548,54.647705,-5.884507,275574,1,semi-detached,Belfast,BT28 8AJ,F,2025-03-11
daa2eafd-a128-4e77-b97f-f517f45ac1fc,51.532227,-0.823651,493651,2,terraced,Reading,RG11 8SE,E,2025-03-20
945fa148-b6c6-4768-b082-9be53b284cc5,51.828614,-0.269877,1463097,3,detached,London,KT21 6FF,E,2025-05-19
7c293cbb-a975-44ab-9bc4-5e6bfb347397,53.237516,-1.490613,300503,3,flat,Sheffield,S29 6FX,C,2025-06-21
b694d03b-fda1-4989-bf79-7bc0a9b2ac34,51.439861,-2.440765,405358,4,flat,Bristol,BS1 7CR,F,2025-04-11
a48e5146-718e-4155-a861-1c3bf93e53ca,51.475199,-2.500795,550422,3,flat,Bristol,BS28 5OL,D,2024-10-23
a19dacf9-7cb8-48b2-b1f2-0ad587180097,51.358566,0.15098,871812,2,semi-detached,London,UB22 0OB,D,2024-09-24
0ba76159-ba77-495c-b7aa-5fd66303f9b8,52.980985,-1.182508,506994,3,terraced,Nottingham,NG23 4HO,D,2025-01-21
7df1d644-cce1-40c0-a622-025829132608,53.805141,-1.682395,288382,2,semi-detached,Leeds,LS11 6ZM,F,2024-10-25
78318ba2-df32-44ff-b78a-cde68df34b69,52.458676,-2.101208,259425,2,flat,Birmingham,B32 0XJ,B,2024-12-27
9f4a7658-f27d-488a-8b5b-9c8da3138ca0,51.493481,-2.468312,373997,1,flat,Bristol,BS2 9YC,C,2024-12-03
9c451dc2-804f-471d-a7cb-9fd1dd8cffcd,51.528271,-0.440318,1204048,2,semi-detached,London,WC33 7YR,B,2025-08-06
04d411f1-5298-46c5-8748-144202575d6f,53.442094,-1.988292,398896,3,semi-detached,Manchester,M18 2RC,E,2025-07-09
84efb7a0-41bb-483b-a9a8-d081f9917b16,51.794981,-1.206355,589887,2,semi-detached,Oxford,OX4 4UO,F,2024-09-24
af8127a6-1b23-4e68-ad67-1a583905db58,51.458088,0.269681,1049775,6,flat,London,BR33 7TR,E,2024-12-13
c8a4a856-8782-4c9c-b7a3-d83ad8a61b89,53.402672,-2.275904,222881,1,flat,Manchester,M4 8NY,E,2024-12-21
c0300e4c-d7f3-4b03-ba0c-e1fea11f427c,53.947204,-1.702763,342412,2,flat,Leeds,LS23 3NW,D,2025-05-07
29631b7a-c4bd-47aa-b076-27f54fb9cb23,52.412004,-1.805047,373023,3,flat,Birmingham,B32 3AN,F,2024-10-29
8cb58a85-3efe-4deb-9596-85c12e415141,55.841304,-4.407449,495293,3,detached,Glasgow,G29 1PD,D,2025-02-23
c34844a5-bbcd-4457-9f13-dc2689e70286,51.244262,-0.501666,661711,4,flat,London,EC33 1MP,F,2024-11-22
ab5da81f-9b49-4c13-adf5-4cd5874201b4,52.587261,-1.885384,587407,3,detached,Birmingham,B12 4UG,E,2024-10-13
8e7ef508-b363-4296-b3b6-5e6b9aaa11c6,50.903435,-1.426841,439006,2,semi-detached,Southampton,SO28 3DF,C,2024-10-10
11de271d-ccfe-47f6-9371-db6057ad8126,53.337089,-1.440608,267644,2,flat,Sheffield,S6 5DP,D,2025-01-10
2ce79717-0740-4f72-a7dd-793c10fafc15,54.598873,-5.742649,316536,2,detached,Belfast,BT4 7LA,G,2025-07-10
431ec7b9-43ef-442d-b8c0-8d3d6d501c7f,51.385057,-2.407205,350355,1,semi-detached,Bristol,BS18 1SU,E,2024-12-18
be683e83-599f-45c6-b20b-aceb06399d48,53.415518,-2.224306,261098,2,semi-detached,Manchester,M9 0NP,E,2024-12-09
bde66ec9-6c73-4416-bf46-da7f9db20014,50.900263,-1.384942,354212,2,flat,Southampton,SO26 7NY,F,2024-10-29
290db512-6995-418e-84d2-7c6c2c4066dd,51.334657,0.184806,1074000,2,detached,London,CR18 4DF,E,2025-08-10
8bd03238-68d6-4c78-8cf6-cb4dfbae57ab,51.354907,-0.99262,323728,2,flat,Reading,RG33 8LB,E,2025-06-19
dac19b95-dc46-4581-82ba-015f1ab22ba5,51.438397,-0.063095,747812,2,maisonette,London,EC32 2RZ,A,2025-07-14
e8c0bb59-863a-4504-9380-3138714e793e,51.346796,-0.268548,700678,3,flat,London,NW32 4KL,A,2025-07-15
265a7ab2-d4ea-4f7d-a3bc-cb2da7e221bb,52.182362,0.090626,927144,3,semi-detached,Cambridge,CB30 2TL,D,2025-02-20
1137eb75-80f4-469b-981b-255d8b399470,52.15192,0.124906,1250120,6,semi-detached,Cambridge,CB14 5FN,C,2024-11-17
b93593bc-eb35-4df7-8cb2-3f9911150152,51.33337,0.007582,294792,1,flat,London,WC12 0PR,C,2025-04-16
06dbafae-8085-474e-be5b-de0ff32d29c3,52.079032,-0.780375,615581,3,semi-detached,Milton Keynes,MK18 6SL,B,2024-11-28
9457eb17-72ab-4f31-9472-43a4f4f0472c,55.939062,-3.293634,242216,1,flat,Edinburgh,EH1 2CN,E,2024-12-09
d4af38c8-8b11-4caa-89dc-bf81a374e15e,50.752088,-0.128619,571049,3,flat,Brighton,BN25 6MF,D,2024-11-01
6048e6eb-7d91-4845-82b5-e4a9f99ed913,51.782956,-1.16421,776253,2,flat,Oxford,OX29 8RD,C,2025-07-19
b836d786-dcac-439f-abf3-8b41eb9f734f,53.414728,-2.096013,607689,3,detached,Manchester,M6 0JJ,F,2025-03-22
ffb95287-8075-403a-a135-b7866a997f99,54.531238,-5.767483,444931,3,bungalow,Belfast,BT12 8YC,E,2025-04-22
0b6c701e-fa94-41c9-a7d0-088715cc1b21,55.883033,-4.163074,288234,2,bungalow,Glasgow,G19 8NL,D,2025-07-15
b22ac4ee-62a2-4d67-bffb-9de3fd00c3fd,51.44636,-2.651285,447620,2,flat,Bristol,BS14 4JX,E,2025-07-06
c9d2eb61-d622-4dd5-8346-40446fddabe4,52.437753,-1.345931,259041,2,flat,Birmingham,B19 1BF,C,2025-07-31
146e1d12-dc15-4944-8b0d-903f4e65f2c8,51.538347,0.129719,479266,2,flat,London,SM32 1BM,B,2025-03-15
bfbbb780-5e2a-49bb-997c-9e7d4dbec687,51.458457,-0.256653,761945,3,semi-detached,London,SE26 4MA,F,2025-06-22
1adc7698-655f-48fc-a3c9-73831e0539fd,51.332846,0.348307,1120238,3,terraced,London,DA23 6PX,G,2024-10-10
db70374f-3604-48d5-a084-961c7890001f,50.777417,-0.13156,764343,3,semi-detached,Brighton,BN21 4RD,B,2025-01-24
4747fd41-f7cd-4a78-a7f1-89a08bd2fb11,51.824005,-0.065227,574483,3,flat,London,SW17 2WR,C,2024-11-23
fd2f2941-c44f-401a-a783-f035ac1d209c,51.7585,-0.177502,645675,4,flat,London,EN1 3EJ,F,2024-10-07
c06c7258-3ebc-4752-b2a3-1aed0de60b43,51.843975,-1.326139,1070560,4,flat,Oxford,OX15 5UD,D,2025-08-16
cd7cc076-7fb0-4f86-a2e5-da9a77049609,55.81937,-4.151195,344647,3,flat,Glasgow,G21 4RL,E,2025-07-18
41bda87e-0de0-4e88-b34b-3f96d3b50a8f,52.582585,-1.836013,243341,2,flat,Birmingham,B30 9FA,D,2025-07-16
eddd556b-1b55-440f-9b10-c2d50a1e143a,54.48103,-6.213433,295617,1,detached,Belfast,BT15 5TN,D,2025-01-08
ce69de57-d447-48e4-8f21-73e0473836be,51.417754,-1.172607,737858,3,terraced,Reading,RG25 3TT,C,2024-12-27
cf9f1db7-d25c-44c0-b537-eca473974b5c,51.284651,-0.537165,1527237,3,bungalow,London,EN35 1NN,D,2024-09-26
22782c84-4a7c-467c-bb5b-b553244587dc,53.33984,-3.004298,274160,3,flat,Liverpool,L17 1KR,D,2025-01-27
a03afd41-0a96-4619-8c02-6895001cce8a,51.216777,-0.100176,795103,2,flat,London,IG35 3GE,E,2024-12-08
5bf8e9b8-9ad4-4d89-bdf6-7ee03825438f,55.792379,-3.103013,482158,2,semi-detached,Edinburgh,EH15 7RT,D,2024-12-09
70f3e29e-90a9-4233-8cce-ddae270b678d,51.62609,-0.032139,1028771,2,detached,London,BR12 7OG,E,2024-11-03
3963017e-74fc-40ea-9a52-703ab2e3b204,51.479895,0.150354,608676,2,maisonette,London,SM33 3NC,E,2025-02-19
c5938ff3-66e5-4175-8c1d-7936a0d183d6,54.647318,-6.034754,516669,2,detached,Belfast,BT10 9JY,D,2024-10-01
3993acb6-a902-4bf8-8004-6dc221085ed1,51.454374,-2.482337,375087,3,flat,Bristol,BS15 9FX,C,2024-11-11
2c084860-4e00-4c4e-a5cd-f6deb010cb86,51.261453,-0.173201,512820,1,terraced,London,CR11 1DJ,D,2024-11-16
2710ebd5-49f9-4c75-905e-36793f98df0b,53.939559,-1.079678,1022138,2,detached,York,YO1 0HC,D,2025-04-20
0065e710-b888-4e2e-894b-042f3180c483,55.856224,-4.415418,480554,2,detached,Glasgow,G34 4WA,C,2025-08-23
dfa4c8bd-8bee-45b4-a0b0-102be7aeb9b9,55.974576,-3.111964,396224,2,flat,Edinburgh,EH7 9TH,D,2025-05-27
76674662-ccea-4da4-8672-369e36bbe270,51.62358,-0.715364,972196,4,flat,London,DA23 0JU,D,2025-03-27
4cc746c1-e03e-4d47-ae6a-49d07eae387a,51.14831,0.062496,769606,3,terraced,London,SW18 0GG,A,2025-03-27
697ef2a0-07a2-4301-9c23-98b04143e1e1,51.632895,-0.268824,551598,2,terraced,London,BR14 5NJ,D,2024-09-04
f4aac4fb-75c5-48cc-9464-b0ec2146cb3d,51.686158,-0.438714,477947,2,flat,London,SE10 7MW,A,2025-07-03
3b5189b9-7be2-479c-a60b-5cc951fcb2c3,56.013128,-3.34331,316152,2,flat,Edinburgh,EH29 6SD,B,2024-10-18
bb9cb595-71c6-46cc-9588-bfe44229843a,51.411524,-2.768529,464274,2,flat,Bristol,BS30 8HG,D,2025-06-02
e2b75d29-ff35-4425-9754-d0f37e9bc58f,51.540725,-0.230575,397339,1,flat,London,HA14 2ZT,C,2025-05-06
9a4378e1-110a-4c6a-9b81-10df7e245c31,53.429931,-1.991396,354416,1,detached,Manchester,M11 8KS,C,2025-03-26
234f99da-76a5-4dcc-bd9c-c2af738326b9,51.664232,0.324938,584707,3,flat,London,WC27 8GL,F,2024-11-17
4896cc14-afb8-4390-a3ad-6af344205c70,53.426252,-1.577428,287424,3,terraced,Sheffield,S11 5UH,D,2025-08-19
e4459570-f086-44f1-a555-a7f2dc49a3e1,52.429961,-1.697391,544197,3,semi-detached,Birmingham,B8 1AJ,D,2025-05-17
f2ab1b0d-bcef-4b46-8e03-5ba53074af93,53.596827,-2.311066,428595,2,semi-detached,Manchester,M35 4DE,B,2025-02-19
59382e01-1e98-4ed5-a767-ebaf461d9ca0,53.738719,-1.485697,238541,2,flat,Leeds,LS3 3NA,G,2025-08-12
7b507205-8ae4-433f-a117-163bfa6193b4,51.414952,0.311707,623247,2,flat,London,EN4 3HS,C,2025-01-14
8c7da731-69a9-40a1-9e83-593fc50c795a,53.357008,-1.617474,300483,2,terraced,Sheffield,S6 5NA,F,2024-12-29
26fb1885-c811-490a-a66c-8a79f9de660a,53.937521,-1.100166,370146,2,terraced,York,YO12 2AJ,D,2025-08-22
f8f28ad8-da3b-4b93-8d97-ff80610fb03a,52.596807,-1.98463,516265,3,semi-detached,Birmingham,B5 9OO,E,2025-08-16
1af281c2-8bd0-4498-8310-1306516c221e,53.97537,-1.139928,424534,1,flat,York,YO16 8EN,D,2025-07-07
c05287f7-9226-4a0c-b822-edc94daa3834,51.489855,-0.429024,603938,1,semi-detached,London,HA31 0RS,A,2025-08-30
a8d427ff-d3c2-4417-8739-a60b8468ae77,51.354866,-2.52741,771576,4,flat,Bristol,BS35 5GD,C,2025-01-15
9cc1f238-eaca-4847-b6c7-ec7d7cae3f58,53.522708,-2.270319,476421,2,detached,Manchester,M31 1WJ,F,2025-08-21
222e3797-3ef8-495b-a054-545835438041,55.864511,-4.269575,195206,1,terraced,Glasgow,G23 3JB,F,2025-05-14
1460b6dc-b700-46ca-9fe6-878d5803b1b4,51.51175,-2.52982,650697,4,maisonette,Bristol,BS22 3DE,F,2025-04-27
2872718a-6b02-43c5-8e32-ae8ccbfe0756,51.427192,-0.291412,1133377,6,flat,London,TW25 3SJ,D,2025-08-16
e5f7b807-4b58-4775-820c-b0ee7607c33a,51.400022,0.568237,569560,2,flat,London,IG11 9EA,D,2024-11-06
2e4d29a9-a1aa-4b12-9b67-d9f708094cb2,51.559823,-2.567757,253729,1,flat,Bristol,BS11 8EZ,D,2024-11-09
faedaef4-629e-433f-b2ae-24b0e75131d2,51.430615,-0.862799,436678,2,detached,Reading,RG18 4EA,C,2025-05-12
dfc025f2-f1eb-4906-a4e8-99d110a3b27c,53.638382,-2.303337,366026,3,flat,Manchester,M19 1XE,C,2024-12-27
8e2eaf91-b3b0-43a8-b919-ca33c6f60140,51.449599,-0.105219,661355,1,detached,London,UB19 6DG,E,2025-03-22
eaf2dfc2-4244-4bdc-a236-1f6608be5afe,52.43985,-1.968279,406579,3,flat,Birmingham,B11 9LX,E,2025-06-30
38391689-138e-410d-8583-08c4e07a6536,51.785877,-1.442649,390530,1,flat,Oxford,OX31 7WW,B,2024-09-03
7c78482c-7101-4f12-9ae5-dffc58347a1f,51.559657,-0.118198,1479811,4,detached,London,EN13 7LC,B,2024-12-26
bbea8a61-f926-4ee3-ab7c-fea9dabf6b0a,56.032457,-3.132278,606585,2,bungalow,Edinburgh,EH1 8XP,D,2025-01-19
09ec8723-7eaa-4fff-bcc6-c9231f08a84f,51.570532,0.242036,773645,3,semi-detached,London,E31 9DK,C,2025-04-06
a9607f55-bb1c-4992-b10a-a190fca222f1,53.757339,-1.52268,180979,1,terraced,Leeds,LS22 0US,F,2024-10-02
20ace0c1-5007-4dac-bc51-a2f355d61e1c,55.898608,-4.308602,327516,2,maisonette,Glasgow,G11 7LL,D,2025-04-12
25049493-9507-462d-a272-f7510249781f,52.170848,0.165982,1318406,3,detached,Cambridge,CB16 5PU,C,2025-01-25
18ecccb7-83ec-4ac4-94ca-214c3ab540c7,51.475095,-2.608178,344777,2,terraced,Bristol,BS13 1PA,F,2024-12-06
a2b6b99b-f004-47b0-b580-57aca50e2ef2,50.757363,-0.151562,477028,2,flat,Brighton,BN9 7WS,E,2024-12-14
ad67d0ed-827e-488b-bb6e-62d4b8c327c4,52.477115,-2.135043,264472,3,flat,Birmingham,B27 7KD,A,2024-11-14
127fb52b-3db1-4323-8805-6941606a9e32,51.496998,-0.117726,604295,2,flat,London,HA35 5UC,D,2025-05-01
29f00b82-9dfe-420f-a6b3-77beef0fb777,55.785236,-4.32931,302078,1,detached,Glasgow,G13 8WW,C,2025-06-14
b4cd004f-f287-4d3d-a574-5172e99e60e6,51.777384,-1.304214,752666,4,flat,Oxford,OX16 6HW,D,2025-02-12
9edd62e1-7556-4bfc-a7e8-a41d1c64a5b6,50.810803,-0.282198,1259904,3,detached,Brighton,BN12 9JU,C,2025-07-06
3180b7bd-43d3-4a75-9612-32f0d2ddd362,51.464188,-0.909674,296231,2,flat,Reading,RG12 4FO,F,2025-07-02
991010f9-30ff-4fc7-9120-930b6381ddb6,51.306634,-0.513953,1276719,3,detached,London,EN29 5CZ,E,2025-06-25
742214b2-3eb2-4cd9-86a5-cbf39da57df9,51.21784,-0.324847,1059161,1,detached,London,SW9 7TJ,C,2024-10-06
bd213ddf-b546-4ad2-8f81-1f1d4f54a8c5,51.602471,-0.168313,1947668,2,detached,London,EN29 7WN,D,2024-09-29
37c03592-6c25-438c-bfc0-945ed755e2a1,52.351975,-1.624872,353539,2,flat,Birmingham,B31 0XK,F,2025-01-08
6d36ab7c-cb03-4984-8017-7dac03b9fce7,53.815215,-1.846312,305126,2,flat,Leeds,LS8 7NG,E,2025-06-01
b0b97c99-8ad5-4b13-b8d6-e7781d903ab9,52.691517,-2.077146,284154,2,terraced,Birmingham,B25 4WT,D,2025-06-27
5cde619e-2962-43a3-97fb-ee249ff68c04,56.02358,-3.11556,1679778,5,detached,Edinburgh,EH17 8YN,D,2024-11-24
826ff3b7-7cbe-475d-b0f2-ea85dca90946,51.488412,-0.171321,1143983,4,bungalow,London,EN15 1JU,D,2025-01-22
f03aabe6-0f7b-418d-9229-ffd44ca30266,51.620408,0.042497,498090,2,flat,London,N30 3TJ,E,2025-01-25
f94580fe-a789-4126-a95a-42cd57a4e220,51.452407,0.054205,742445,2,detached,London,TW35 6LK,D,2025-08-20
5a79010d-1e90-4941-80fe-dac0e363983e,51.664203,0.428682,462545,1,flat,London,HA2 6XZ,F,2025-04-04
a2ee17fc-e92b-47b3-871b-a8d67d6dd18f,50.961359,-0.231356,443488,3,flat,Brighton,BN23 4FO,E,2024-11-15
bea49713-d0c9-48de-8d12-fbe9aff13761,53.090261,-1.335325,686150,5,bungalow,Nottingham,NG26 2XK,C,2024-12-15
4e3b0efd-4bba-4fa4-88b2-f794df433752,51.319394,0.482617,1598473,4,detached,London,UB8 8PM,C,2025-02-14
dec5a5b9-b9b5-4cd9-bd24-df4e5b8067b1,56.094762,-3.078802,248551,1,flat,Edinburgh,EH1 3HT,C,2025-03-20
d5bdead7-8755-4a54-9978-e0802f6dba0e,55.999097,-3.244328,892471,3,detached,Edinburgh,EH12 1BN,D,2025-05-30
fb743dd1-76b9-4f9b-b269-4b05da2bf82d,51.518308,-0.47668,1342131,4,detached,London,N14 5HG,D,2025-02-13
2b12a36a-99dd-404f-a56b-ff0efdf271d9,52.416369,-1.705917,488993,3,semi-detached,Birmingham,B1 6OZ,D,2024-11-26
dbf5d1e5-9b72-4998-b211-f6fd01b1ce9e,53.403001,-2.057742,304018,4,flat,Manchester,M4 9GO,G,2024-09-29
3313661f-3f09-4b50-a872-4ac915fb3b1a,56.011659,-3.050509,423030,2,terraced,Edinburgh,EH33 6EC,F,2025-04-08
eb4afd26-10d8-43ca-8d13-47e1587b0684,56.014468,-3.538478,352473,2,flat,Edinburgh,EH17 0UZ,E,2025-03-02
7f6a5bd4-3adb-4174-b384-7b056e36fc55,52.027202,-0.773232,439824,2,semi-detached,Milton Keynes,MK8 0XB,D,2025-06-22
93530812-b153-4c83-b4ca-bf29bdcea4de,51.436425,-2.689663,354614,2,flat,Bristol,BS27 2CN,D,2024-09-06
25950da9-878e-4700-9c35-86c02357875a,53.386796,-2.180125,443901,3,maisonette,Manchester,M24 2RJ,D,2024-09-30
5d57f280-c47a-4a88-b73a-d957f8ddfe4b,52.637536,-1.959484,238580,1,semi-detached,Birmingham,B5 0MU,F,2025-08-10
db8380aa-5c27-43f5-b1af-81a74d123286,50.913404,-1.494418,445882,3,flat,Southampton,SO16 0LJ,D,2025-08-31
f3b152f8-5c03-414a-93e8-68820cfe987c,55.966896,-3.035418,428678,2,flat,Edinburgh,EH35 0GK,E,2025-03-16
5c031e9d-887f-4f9d-9a01-59bfed390fd5,55.797977,-4.326139,455663,5,terraced,Glasgow,G3 7KO,D,2024-10-24
62a364a8-b4f1-4bd1-8657-9f5d535caa22,51.574648,-0.247359,1704604,2,detached,London,TW31 3JO,E,2025-07-31
58df4cb4-528d-46d1-95d7-187577ae55af,56.0389,-3.17975,708299,4,terraced,Edinburgh,EH12 8ED,G,2025-01-15
d2f0cbad-e928-477c-b2f5-bcae06aa67a4,55.87577,-3.140474,812655,3,terraced,Edinburgh,EH20 3TE,C,2025-07-14
f3df6323-72b3-4293-ac96-de0f5552ae32,53.434341,-2.068696,232243,2,flat,Manchester,M3 8CK,C,2025-08-15
7d91ce8d-9915-4d46-bd88-a7c9b4b20651,53.96472,-1.132947,415546,2,semi-detached,York,YO27 8LA,D,2024-09-21
39e6c18f-1c00-4855-9715-68cbe6e1f279,52.697004,-1.752112,221434,1,flat,Birmingham,B10 3JF,C,2025-05-12
79215093-4f30-4e12-a1aa-72c01ae41978,50.819817,-0.201502,448388,2,flat,Brighton,BN18 3AM,C,2024-12-09
8bad847a-44f6-4fde-9b16-b26981369985,50.947921,-1.416257,265269,1,terraced,Southampton,SO15 0DD,F,2024-10-11
3d831261-d463-4435-8166-99497726fb68,55.827376,-4.174855,343876,3,semi-detached,Glasgow,G16 7HZ,C,2025-03-05
1fd2614a-0390-4995-8860-d2ecdf3dae5a,55.993265,-3.331293,473573,3,terraced,Edinburgh,EH29 4RP,C,2025-06-08
6c91d59c-b302-45ac-8a51-1099039e0164,51.443066,-0.240551,849667,2,flat,London,BR31 6FG,C,2024-12-13
50b1fdd2-377e-497d-a0ba-9593c109150e,54.975501,-1.696469,391272,2,detached,Newcastle upon Tyne,NE21 4TN,D,2024-09-26
8313724b-8eda-492c-b7fe-f3f118747841,51.522853,0.11036,846493,2,semi-detached,London,KT26 4GT,B,2025-05-10
deb885c0-3c90-499e-83e3-e401fc048f8d,51.603676,0.118051,1170038,2,flat,London,EC14 2ON,E,2024-12-20
1670e0a4-3dad-4625-b7a9-f4d73a78d1ec,51.33845,-0.028574,1292070,2,detached,London,N34 2KL,A,2024-09-07
1f493dd1-70da-4e72-8fb7-451b73f95f93,51.452346,-3.253925,333701,2,maisonette,Cardiff,CF7 6AX,E,2024-10-12
f3f76bd5-91a3-41ef-8d6a-aa4192b7e06e,55.873549,-4.155977,195950,1,terraced,Glasgow,G34 5FF,B,2025-04-18
0df7e86e-1bca-4700-a598-1b671b70f425,54.517986,-5.908112,210242,2,flat,Belfast,BT14 7AS,C,2025-03-18
b47d7fb4-4bd2-46b8-bcbf-6a6a481cdc2e,52.008337,-0.79411,297230,2,flat,Milton Keynes,MK20 0MX,E,2024-09-02
9a334bf5-62ff-41a4-b309-c4ed33b5c43d,51.502111,-3.164453,323385,2,terraced,Cardiff,CF35 6EZ,D,2025-01-23
c004ec53-b7e4-4d11-8213-f57672d4396c,54.440058,-5.829366,208232,2,flat,Belfast,BT16 8TK,F,2025-02-08
1e121861-cf08-4613-b4a8-6eabc5a4ca13,51.664373,-0.119495,783620,1,detached,London,KT34 4PU,E,2025-03-03
e359dc20-5584-44a9-99c6-9515673f9f91,53.534176,-2.047361,226029,2,flat,Manchester,M24 1NF,E,2024-10-30
934c56a4-17c7-49c3-ac19-ea07fcb4761b,51.336915,-0.115934,653374,2,semi-detached,London,N15 2DN,G,2025-03-11
d8694e1b-3451-4caa-80d4-6f15adb600ed,51.555886,0.138503,559107,1,terraced,London,KT31 6RO,E,2025-02-06
7e30cea4-d922-421b-a3bb-cb8da1f7283b,51.560303,-0.244521,521735,2,flat,London,KT18 0CO,D,2025-06-12
40479e0c-4e3a-4a59-932f-f7ee401945bd,51.406739,0.155695,1576735,4,detached,London,UB12 5OT,D,2025-06-11
68dc6e8f-0ab7-40a3-9b4f-03db42d4b652,51.480196,-0.191671,517845,2,flat,London,KT32 7NE,D,2024-11-03
97920f18-d621-4ca6-b13d-eca67c3ead4a,52.104395,0.101609,842486,3,flat,Cambridge,CB32 4TD,F,2024-09-23
051678b2-869f-4621-8e5e-7b1be037567d,54.93644,-1.764476,358128,4,terraced,Newcastle upon Tyne,NE13 9JP,C,2025-02-03
47ed1864-d920-4790-a704-712966c7044b,51.523403,-0.976279,741574,2,detached,Reading,RG25 1WH,F,2025-06-10
baa0fa0a-adac-4d93-a551-ee363d4a3f07,51.659603,-0.406588,1408093,3,detached,London,NW4 3RN,E,2024-11-08
d1d93f8f-1f57-466c-83c9-1da6866d0811,51.621111,0.369833,860517,3,semi-detached,London,SM27 9MM,E,2025-06-26
1c0735f1-9cde-469a-b5d8-74f14c544a7f,51.085801,-0.311706,568043,2,flat,London,E23 1US,C,2025-08-11
28bf6291-7386-4464-9df3-8613c9e3f262,51.538137,-0.24345,809827,2,terraced,London,EN16 5HG,C,2025-01-09
cc9a8a28-a2ff-4071-80e3-7b38482341b0,52.590288,-2.188985,279409,2,flat,Birmingham,B19 5YS,E,2024-12-19
add03949-6e6d-4537-a968-a1b315feb379,53.968772,-1.095028,325200,1,bungalow,York,YO24 3HF,D,2024-12-06
e55c0870-6b20-46bb-a480-0bdef05c03c5,55.875394,-3.142628,782059,2,detached,Edinburgh,EH35 5DH,D,2025-05-26
6b313ae7-919b-42b2-99bb-293c40366a49,53.443719,-3.10759,414475,2,detached,Liverpool,L17 6MD,E,2025-02-04
355a6b37-6861-446d-99ac-bdcd21c33df1,55.981339,-3.065546,523275,3,flat,Edinburgh,EH31 9PB,F,2025-06-18
1cfdde83-fc07-4960-b32a-64f53506118c,50.758848,-0.155509,417177,2,flat,Brighton,BN8 7CK,D,2025-05-30
dbee9ee4-b8f4-40b4-bfe5-506ddd4ecfc8,53.630512,-1.788051,614265,4,detached,Manchester,M34 5WS,E,2024-09-11
fa4cddf5-9353-465f-918c-5f0bfeeb9d4e,51.528571,-0.380115,907302,1,detached,London,CR29 1WT,C,2025-07-29
5a199af2-fb45-4fed-af38-dd936a14e35a,51.884926,-0.333097,1260951,5,bungalow,London,NW35 6KA,D,2025-03-05
c8091d17-5320-41d8-add6-7a0a068f78aa,51.378812,0.297517,607210,2,flat,London,BR34 4KT,F,2025-04-30
5d48dfdc-aba2-4082-98b5-ea915e3f99a3,55.898335,-4.118743,370656,1,bungalow,Glasgow,G27 1RM,F,2024-09-18
33992dd2-fcc6-455c-8bc2-a1b6d7fc1208,51.424626,-0.240278,635656,2,flat,London,W7 0CH,C,2025-06-30
0fa6ecaa-6dcb-4b04-9039-b4272b01c62d,53.408848,-2.936155,204272,2,flat,Liverpool,L29 3CB,D,2025-03-20
319e6df7-1089-4497-8d80-9308fb23439d,53.592977,-2.021173,382199,2,detached,Manchester,M16 4UK,E,2025-06-26
9bee425f-db8b-4f01-bcbb-90e4337a1de2,53.828653,-1.549476,342381,2,terraced,Leeds,LS6 6DP,F,2025-04-11
def95bc8-05dd-4359-a40f-141a98e385f4,56.012457,-3.319843,384091,2,terraced,Edinburgh,EH20 6XE,F,2025-07-08
3c9e47ea-85b9-4cb5-9bc7-09e6197e079a,53.652765,-1.399605,441790,2,detached,Leeds,LS16 3LH,C,2025-02-03
f28edf97-0f64-477b-b74a-aad04e102d3c,54.961884,-1.661902,377187,3,flat,Newcastle upon Tyne,NE14 9DT,D,2025-03-16
48ee0b24-2730-458a-87b9-e67d21c87589,50.80271,-0.230238,914673,2,detached,Brighton,BN27 2RA,B,2024-09-27
48d653cf-f6b8-4e17-b4a8-36e509b67015,51.325381,-0.064483,477620,1,flat,London,UB20 8DD,E,2025-03-25
7fa2226f-b487-43fd-8fdf-d3fa005c703b,51.507038,-1.081513,264524,1,maisonette,Reading,RG8 2YD,B,2025-02-25
ae1ae6ca-9764-4c3a-84fb-5a0df40b6ea6,51.245397,0.01858,823470,3,semi-detached,London,IG3 9LC,D,2025-06-18
585184ea-5050-4ad1-a1be-dae2b84da916,55.8793,-4.341761,209120,2,flat,Glasgow,G5 4CP,E,2024-10-21
df871049-2771-4bb4-bc18-846318053599,51.391217,-0.102064,517377,2,flat,London,SW27 1BG,B,2025-02-26
4cee8c65-b8d6-44b6-bc3e-0ea8f00c3c86,52.185434,0.075536,1339767,4,detached,Cambridge,CB9 1HS,D,2025-07-15
23dcc141-32d2-4cbb-b3d6-d4375b035639,51.775184,-1.342084,1154233,4,flat,Oxford,OX26 0YK,D,2024-10-25
d7bbeef3-657a-48db-9d70-282f4e7823ac,53.813978,-1.663069,378478,3,semi-detached,Leeds,LS2 2RE,D,2024-10-13
55be477a-2a62-45d1-8b0a-73dd32125437,51.798484,-1.232896,456958,1,flat,Oxford,OX14 1RT,D,2025-08-08
4b5edd12-a844-4262-ba63-865fccd0cea3,53.810616,-1.617515,528557,3,detached,Leeds,LS18 0OA,E,2025-05-21
7a63c7af-fded-444f-b1de-403f3568c771,53.675749,-1.416084,235922,2,flat,Leeds,LS21 5JN,D,2025-07-06
92359d45-40ef-4bed-ac41-0dc013c1e709,51.736532,0.424037,859133,5,flat,London,DA4 0YW,C,2024-10-14
c4561f39-bfc0-4282-83d5-f8892d1e1ba5,52.572341,-1.784902,377114,3,terraced,Birmingham,B7 2ZA,E,2025-01-24
1c43c796-e026-4356-b5b0-d500adebea6f,51.662082,-0.263983,644091,2,flat,London,SE15 0JL,E,2025-05-18
da01eceb-740a-4c6e-a304-c3030505f580,53.413631,-3.117153,207986,2,maisonette,Liverpool,L16 8HR,B,2025-04-28
d5d52550-32cf-40e9-9129-db045d3c2642,53.708886,-1.589724,312022,2,detached,Leeds,LS7 8TP,F,2025-02-25
c213d931-22dc-48c9-8634-bc51e808a73c,55.034089,-1.64093,437906,5,flat,Newcastle upon Tyne,NE3 5CG,C,2025-02-01
53d747e3-83ea-477b-b420-5a80def0dce7,55.835991,-4.378446,403958,2,terraced,Glasgow,G18 2OK,F,2024-12-03
32080ec9-7bf3-4590-bd1b-579ccfcacd87,52.840048,-1.382143,266849,2,terraced,Nottingham,NG15 4ML,C,2025-08-17
99a29a7e-e9a7-413f-a505-0c6f5a00a13b,52.665424,-1.926405,303151,3,flat,Birmingham,B32 3ER,E,2024-12-02
306cb323-e523-4f10-a0a9-ac26321658a3,51.661057,-0.060305,1225049,2,detached,London,DA2 5KN,F,2025-02-17
b536138c-86a6-4529-aa3d-6036266b080d,50.818826,-0.259108,376001,2,flat,Brighton,BN29 7MR,C,2024-12-01
fa8b80e3-d05f-40e1-8dc7-6f18c286dcdd,55.990123,-3.09823,422410,2,flat,Edinburgh,EH18 7WM,F,2025-01-02
00185ed8-2d1d-4029-905c-d7d419ba822a,53.339315,-2.850884,300307,2,terraced,Liverpool,L32 7BH,C,2025-01-18
3327f575-7a2b-4d50-ac47-6558ae826799,52.467188,-2.013232,426197,4,flat,Birmingham,B11 8CK,D,2025-07-03
82d7d391-ffe3-425d-940e-04abd2bc1a7f,51.518826,-3.121021,432214,2,semi-detached,Cardiff,CF32 7PC,F,2025-02-14
7aff5bef-5bad-4e06-baa3-59b5be05792b,54.933537,-1.523734,266324,1,flat,Newcastle upon Tyne,NE31 5EU,D,2024-10-14
18923398-a450-4925-bd14-4bf100351a0f,51.464655,0.078215,563956,2,flat,London,DA20 1KJ,D,2025-07-15
b4c498fe-2f3a-4c61-bb3e-938dbeef58cf,51.513222,-0.273862,1269165,2,detached,London,W4 6UY,E,2025-04-20
1df83563-7398-4bd9-bff1-931eb8646f2b,55.740551,-4.244566,173880,1,flat,Glasgow,G18 8EM,C,2024-11-25
90256cb9-57d0-4040-85b9-1cc49188b246,50.800021,-0.135015,443023,3,flat,Brighton,BN26 1EY,D,2025-07-20
c218a457-fcca-4fdb-a486-463b3f11e41a,51.585289,0.159089,701625,3,flat,London,DA19 4ZE,C,2024-10-29
f4b76165-1b86-4887-89b6-c4fc336af59f,53.700389,-2.166636,388265,3,flat,Manchester,M28 3HK,C,2025-03-16
81070ba0-592b-4e21-abf1-d21828d6357e,51.483785,-3.179295,437775,2,semi-detached,Cardiff,CF30 1EO,A,2025-05-03
05f1f31c-1787-4fa7-8002-7d42bf5cea1e,51.429872,-1.057521,675528,3,semi-detached,Reading,RG28 4MD,F,2025-04-15
2f44a85a-448a-4b27-866e-fccbf47fbd55,53.412458,-2.149573,357674,3,flat,Manchester,M10 5KG,C,2025-06-28
f04b837b-1821-4b50-838a-ffe30966a7ab,51.507882,-0.876681,782578,2,terraced,Reading,RG24 8HP,E,2024-10-05
245aaf41-3ac7-48c4-8532-19368c5ae6c0,52.340732,-1.870433,744352,4,detached,Birmingham,B18 9UK,C,2024-11-29
6a3f5ab7-7879-4f7c-94f0-0a7349f1c000,51.468696,-0.196485,741879,3,semi-detached,London,HA12 1TT,D,2024-10-10
86ea332d-6deb-49e9-92c4-660b80635c5a,51.343382,-0.250467,695321,2,terraced,London,NW2 7UK,A,2024-10-11
ec78dfe2-1845-4ef2-9943-8952c55222d8,52.026135,-0.681893,480929,2,semi-detached,Milton Keynes,MK14 8LM,D,2025-06-03
3b55eeb1-da6e-45df-b101-940f7b78a68d,54.633678,-5.859827,453206,6,flat,Belfast,BT18 4ZH,C,2024-10-17
8711a612-14fb-4a5b-a8ce-efa38f3cb242,53.022011,-1.09241,960204,4,detached,Nottingham,NG19 3GW,B,2025-04-28
5d47aada-886c-4136-aab2-83d41dc8cbb7,51.371354,-0.449849,580882,1,detached,London,BR25 4OL,B,2025-08-13
4e4d9a67-3ebb-4c59-8ac6-5854872be3f5,53.330691,-1.40717,137455,1,flat,Sheffield,S8 2JM,E,2024-11-03
08389b88-0857-4fcc-b140-723ad629caf4,51.282294,-0.170992,542708,2,terraced,London,DA18 4BA,C,2024-10-01
bd65b6b4-ae61-4841-9d7f-03e7da9741e4,53.503142,-3.169282,382888,3,semi-detached,Liverpool,L23 8EF,E,2024-09-07
34897100-b972-4cee-ad55-d79855f6fe18,55.960727,-4.201616,231332,3,flat,Glasgow,G29 9KF,D,2025-08-25
8d6f855a-7af2-4f43-8f09-3778ef318ae4,53.501354,-2.24773,234202,2,terraced,Manchester,M27 6CO,C,2025-03-24
d221b908-59a4-4e0f-9751-ef19ab815e37,52.502711,-2.023774,188755,2,flat,Birmingham,B33 9AP,E,2025-07-17
f826ed2b-9442-46a4-bd67-344f70a96289,51.263968,-2.664987,245247,1,maisonette,Bristol,BS30 4YJ,F,2025-06-01
6e8af937-913e-4015-85c5-851dbc097493,56.072594,-3.128587,328656,2,flat,Edinburgh,EH24 7AA,G,2024-12-23
bf1a6bd4-272e-4c6e-aaaf-2025203dba6c,51.676692,-0.585259,783916,2,semi-detached,London,TW34 9BB,G,2025-07-01
4f692ada-a589-4950-be88-93287c91080b,53.615657,-2.394812,244264,2,flat,Manchester,M21 2UR,F,2024-12-03
0e99aafa-ef78-4fac-af92-f57a4023b7a1,53.372249,-1.473241,383030,2,bungalow,Sheffield,S22 7FJ,F,2024-12-06
e1bd790b-8b93-428f-a187-dd55882a5c5e,52.060137,0.138642,949251,4,flat,Cambridge,CB15 0OM,D,2025-07-21
5b4efd07-1bf1-48e6-adcd-95873482efb9,51.408264,-1.181859,414546,2,flat,Reading,RG9 8FX,B,2025-03-22
a902d417-fe7d-404d-90fa-96d035b1de9d,52.443528,-1.844046,298157,1,semi-detached,Birmingham,B15 7ZA,D,2025-05-11
66794a39-bbb0-4c0e-985a-0d4fd485b316,52.48663,-1.60194,357022,3,flat,Birmingham,B22 6PP,E,2025-05-05
80a58ecf-b0da-4f1b-8522-9c549244c4e9,51.580076,-0.308517,789758,3,terraced,London,UB5 7ZZ,C,2025-03-13
ee7e7c43-0a90-40d4-bffc-0962057b1b48,53.360235,-2.085876,454870,4,flat,Manchester,M32 8XL,B,2025-08-04
3330c09f-79fd-45a0-9cb8-47f9779cd763,51.515983,0.253911,780377,1,detached,London,NW4 5CH,F,2025-06-10
75d9f304-8420-4f1e-bda4-c76623180e76,54.578931,-5.930979,225986,1,bungalow,Belfast,BT18 4YH,D,2024-12-12
194a7b0f-2b8a-4f50-88d0-fab960e5f491,51.448823,-2.573615,387045,2,flat,Bristol,BS22 5ME,C,2025-03-02
12ecc1c5-95be-447c-8a94-6833560c7328,51.600532,-2.532567,372292,2,flat,Bristol,BS3 1WC,D,2025-03-07
02fdec20-9408-4e4b-8354-f929f52adb68,51.746729,-1.296851,1164647,2,detached,Oxford,OX25 2KA,D,2025-08-03
c3f92729-4b6c-4523-a9f3-e3d74412817e,52.993047,-0.978195,358457,2,semi-detached,Nottingham,NG34 8WK,D,2025-01-27
e9e60870-2ae5-42d3-b68c-b8856deab3e2,54.867321,-1.578869,289137,3,flat,Newcastle upon Tyne,NE22 4OX,F,2025-02-07
63fe4e39-895a-4f65-9821-7a31541a2b01,55.989737,-3.340699,303198,2,maisonette,Edinburgh,EH3 6EB,D,2025-06-03
c38e7cf3-51ff-4d1a-86eb-9ba1d5edf0c2,55.934554,-4.309427,454812,4,bungalow,Glasgow,G4 5KR,E,2025-02-14
d2d4ca23-f195-40ff-8b30-f3e8f65e6ea2,51.315821,-0.630145,555471,1,semi-detached,London,SE3 5GH,E,2024-09-20
7183c67e-5dc3-40ea-b36a-00a7cf582fde,53.916098,-1.676119,410629,2,flat,Leeds,LS21 3YD,D,2025-08-26
5279fdaa-e03a-42fb-bdc7-612e4e583cb5,51.495915,-0.037281,822222,3,flat,London,E35 4UT,D,2024-10-04
3e85e3c4-3dfa-4f9e-bbb7-fa4713121ea2,50.825204,-1.491167,490569,4,terraced,Southampton,SO16 3HX,C,2025-06-07
e11b7cd9-52c4-4f60-bd6e-efbf062dd75f,56.015945,-3.112789,261421,2,flat,Edinburgh,EH9 3PY,D,2025-08-13
6bcb16b9-f048-4dbe-bad5-8ed57ebbd3e3,55.897914,-4.164754,205662,2,terraced,Glasgow,G8 6TK,C,2025-05-25
a54b521f-193f-4d07-84a1-fb18c4ec78c3,52.673376,-1.941948,642138,3,bungalow,Birmingham,B29 5LE,D,2025-02-11
d6be3d67-4b69-4c8d-baf5-34c401e3d0a6,51.354049,-0.074645,588380,1,semi-detached,London,E2 0NL,B,2024-09-14
ed0632fc-cbe1-4edf-86f3-cadd80e60359,55.073879,-1.504843,531203,4,semi-detached,Newcastle upon Tyne,NE31 3BF,D,2024-10-09
4de0e487-db06-4544-9498-977a9c1505fa,51.448787,-0.944404,458205,2,flat,Reading,RG7 1WY,E,2025-08-03
2762bda1-ea15-4ed1-9d23-ab6db2e09ba4,53.388323,-3.094237,377398,2,detached,Liverpool,L8 5DY,E,2024-09-24
8a04ac8e-dba8-49b3-9112-0a16ff18d262,51.361782,-2.763625,378954,1,flat,Bristol,BS1 6TO,F,2025-02-25
2f3aab53-5977-470f-8ee0-5d1d691f7937,51.534965,-0.369999,741810,2,bungalow,London,IG27 7LP,E,2024-09-09
54e3555a-7d66-49db-87a0-1fd5340d0960,52.043142,-0.790654,454062,2,terraced,Milton Keynes,MK10 3AC,C,2024-11-07
d85afe83-bd9d-4938-9f8a-4649f4f2ec8a,53.834898,-1.5352,384813,2,semi-detached,Leeds,LS23 6BY,B,2025-06-25
a180ee20-0bb9-4a5d-8780-a85160e2cb7e,51.738455,-0.365196,603453,3,flat,London,E12 9SJ,D,2025-01-16
7771bf38-e452-4c15-abba-1d6494755d44,55.845764,-4.239983,246678,2,terraced,Glasgow,G30 5YR,E,2025-08-03
cfad10f7-0c3f-4a6d-80ec-5844d6139a25,54.988308,-1.561005,303618,2,maisonette,Newcastle upon Tyne,NE30 7ZW,E,2024-10-05
8f2438ad-9109-4702-89d6-1214b3fe48ec,51.702822,-1.239581,628938,2,flat,Oxford,OX23 5UB,E,2024-12-03
d0b593e8-76d0-49a4-84e3-1e884dc73dc6,51.400149,-0.368268,348267,1,flat,London,CR10 3GY,E,2025-05-13
0937ad22-bb83-4b70-84a1-a5a5f6a66007,51.627887,0.173582,429777,1,flat,London,SW22 6MY,B,2025-07-08
11fb8fc2-b492-430b-9b65-ce499eac48aa,51.425941,0.340436,874170,3,flat,London,DA28 8GL,B,2024-10-11
2f9c78fb-737c-45a5-944d-6e03beb81ca0,50.893184,-1.462499,415999,2,bungalow,Southampton,SO31 7AA,E,2024-10-03
f9c5196e-112a-42b2-a7eb-cb09af0b6ab0,53.511556,-2.371954,208384,3,flat,Manchester,M16 1WR,F,2025-05-11
ba4cb87d-e3be-4a1d-9c98-46f28620d3c1,51.649588,0.104023,1102957,3,semi-detached,London,IG20 4DO,D,2025-04-29
e56be12f-35c2-4304-ac5f-9eb561034e09,53.862421,-1.538454,327227,3,flat,Leeds,LS1 5BP,F,2025-07-16
af53f0e0-c08c-4511-ab93-bf1096b5b034,51.794101,0.250697,480876,2,flat,London,HA20 0FB,E,2024-12-13
09c10482-f8ef-4427-8839-70a6fc2bf375,51.429197,-2.50826,628439,3,terraced,Bristol,BS15 0ZN,F,2025-08-16
2c339726-4363-4ab8-ada4-28f6e3c71cdf,51.398956,0.504699,716676,3,flat,London,SE4 3CS,D,2025-03-11
02c7255e-4360-4f15-9f39-160dcdb05131,52.0561,-0.719812,322624,2,flat,Milton Keynes,MK13 2HH,G,2025-05-05
2e9fb451-2c2b-4d8c-acf8-293fa17dbd2e,55.81672,-4.112679,242002,1,bungalow,Glasgow,G6 9OP,B,2024-12-13
4f716d80-5c9c-43f4-8d7f-2a7e0721c822,51.434181,-0.005008,1343238,6,flat,London,NW24 8KS,G,2025-05-08
190f9107-2a88-43e4-aef2-a7e4be5de5a3,51.557229,-0.151873,814174,2,flat,London,EC6 2CS,C,2025-08-31
2e27ccec-9296-43e2-b459-352443265ca7,51.479193,-0.076571,671639,2,flat,London,IG4 5ZA,D,2024-10-06
d69bbf26-1d47-4155-9291-f5cdd80d2de6,53.330132,-1.569893,188308,2,flat,Sheffield,S33 4HO,G,2024-12-08
a7ee9c2f-14ed-4442-8a09-a68883e140bd,51.600151,-0.240035,853890,2,detached,London,N12 5WT,D,2025-08-28
8bd04957-ea81-440b-875c-7a2f1d53aa8a,55.990247,-4.136577,327991,1,detached,Glasgow,G18 8PL,F,2024-09-21
3ce742e0-35fd-40ef-b150-c4ad23edbcd5,53.486241,-3.061819,195056,2,flat,Liverpool,L29 8OL,F,2025-02-18
fac211fe-341e-4410-abef-3c35404951bb,50.880057,-0.045759,1106769,2,detached,Brighton,BN5 2TJ,E,2024-12-29
953d5b38-28f3-4629-aec4-75dcf850270b,53.356514,-2.407251,264195,2,flat,Manchester,M20 7LE,D,2024-11-06
6e4e96c5-6d3a-4763-928d-9ed21f2b327f,52.561807,-1.859535,815769,3,detached,Birmingham,B18 3OH,D,2025-05-08
431d1019-bb88-448f-99b9-615f18884716,54.99186,-1.469013,194822,2,flat,Newcastle upon Tyne,NE35 9XZ,E,2024-10-06
df64fddf-f4f5-4877-a78f-10f5f6286edb,56.012425,-4.550366,185628,1,flat,Glasgow,G15 4TX,D,2025-08-15
f1b00646-9543-4c02-a340-7db7d95367b1,51.357519,-0.040844,833928,3,flat,London,SM5 0TT,D,2025-04-20
9105f502-6f15-49ed-b2b3-effe30680322,52.340757,-1.89495,324832,2,flat,Birmingham,B19 3OW,F,2025-04-13
59a157ab-3527-407d-8a44-533a18772981,52.861512,-1.295519,224227,2,flat,Nottingham,NG15 0WD,D,2024-09-22
68d672d6-e7f8-47af-9a27-87fcff4e1fd1,51.192074,-0.36059,1013373,4,semi-detached,London,HA29 6JS,E,2025-03-11
85d2f68d-6269-4ff8-a524-fc6397ae5fab,52.216424,-2.073267,277581,2,terraced,Birmingham,B28 5NX,E,2024-12-14
52fba2fc-866a-4941-b6c5-0a2b6b821eba,55.7406,-4.40331,266029,4,flat,Glasgow,G22 3BT,D,2024-10-12
fbcbb167-23d7-49ee-b841-2b18bcd7a658,55.92163,-3.329412,417508,2,flat,Edinburgh,EH20 3MT,G,2024-12-27
e27bbcdf-9d85-4f58-b9f9-0e69644967e4,51.407277,0.230885,1474961,6,flat,London,SW27 7LU,E,2025-07-27
15c24f95-6dde-4220-bad7-703520fb93e9,51.416215,0.016769,1035399,4,terraced,London,UB26 4CS,D,2025-07-23
ab260d62-6cc7-4d6f-b5ae-c2734ab2b877,51.411587,0.117845,938962,2,detached,London,CR16 9RJ,D,2025-06-04
ca4903a7-cb13-4fe9-ac18-fe937e6f9ae1,53.381418,-3.107799,229181,2,flat,Liverpool,L28 8LD,D,2025-01-23
8e492894-2904-47d6-a489-1802db2268bf,51.538121,-3.056339,230561,2,flat,Cardiff,CF4 0XY,E,2024-09-27
f05367cd-0bb4-4dc7-bedf-65b2d4f9fcf2,51.394722,-0.033224,814186,2,flat,London,CR6 5JP,D,2024-11-16
47bafeb4-ba2e-4a78-b4ac-9b9965586131,52.66535,-1.801788,374711,3,flat,Birmingham,B21 0HF,D,2024-09-22
2527d2a2-ee0b-43ab-ad15-90574c33bfe4,52.937805,-1.248574,1056292,6,detached,Nottingham,NG26 2OK,F,2025-04-01
40071527-1590-4753-9ebb-17c2473546f9,51.288969,0.027292,1152409,2,detached,London,IG31 1SF,C,2025-04-29
c502c761-1140-46b8-b530-75a19c22e096,51.635723,-0.177982,870084,3,flat,London,SW22 8RR,C,2025-08-25
6359d4c3-a510-41b5-87d6-d76b3b45e5f5,52.300379,0.289072,858183,3,detached,Cambridge,CB34 7AT,D,2024-09-12
c6c74265-5546-48ab-8000-f50955361f03,53.811101,-1.539894,418054,3,detached,Leeds,LS9 2FC,D,2024-12-21
139a7f90-bba4-48d1-a895-325ef59ba85e,50.786935,-0.269903,402758,2,flat,Brighton,BN25 4NK,C,2024-11-16
c47dca85-046b-4443-8af0-59a191d454d3,55.99944,-3.386374,440443,1,bungalow,Edinburgh,EH28 7SG,D,2025-05-05
f8707d96-c987-4302-be10-062a81c9d33c,51.971147,0.815858,688976,2,terraced,London,N28 0HF,E,2025-01-17
964e18e9-8764-4629-8ff9-8343fdf80588,51.45142,-0.04019,726225,3,maisonette,London,DA14 3MZ,G,2024-09-10
baeef763-a88e-484a-8d29-bbd539c06ae6,51.539693,-2.637628,272123,1,semi-detached,Bristol,BS14 1NU,G,2024-11-17
43c2b31b-3dd9-4b3b-aa64-9fa76c631bfd,51.48666,-0.163128,941075,2,flat,London,E2 9PK,E,2024-11-25
0f56f417-145e-469e-aaa1-eb1e1d8682a2,51.355468,-0.687241,1081602,2,detached,London,NW27 7CJ,D,2025-03-11
0ae72dbe-cf5a-443e-bcb3-5ab777bfb11d,51.480476,-3.265145,288022,1,semi-detached,Cardiff,CF1 8BL,G,2025-06-11
2fbb51ea-30fd-474f-98e4-acb77818e2bb,53.73808,-1.527272,376760,3,terraced,Leeds,LS15 1RZ,C,2024-12-22
e3d7f4bd-bbf0-4904-b8d1-e12cab825209,54.661228,-6.062778,315103,1,detached,Belfast,BT11 3LG,B,2025-04-03
982bd6fb-6a28-45f2-a0e9-9cf13ebf84c7,52.947751,-1.23499,820030,5,detached,Nottingham,NG19 2WF,C,2025-04-18
bb3c7bbb-e0b7-41f8-baa5-b921d36e4e06,53.384857,-1.380328,348273,3,flat,Sheffield,S10 5LC,B,2025-08-08
abe941ac-69d0-42cb-b839-347ddd33e828,51.578602,0.350154,372580,1,flat,London,E18 9SW,D,2024-11-09
57ac0cdd-e57e-4502-a87e-48a8ab9dd299,53.410098,-1.659763,165347,1,flat,Sheffield,S1 2OH,F,2024-10-03
b36e4491-bd91-4c66-ade0-8c0bb81585ca,51.526535,-0.082189,725362,2,semi-detached,London,SW21 5CL,B,2025-02-26
db2a0712-7ab1-4fb8-9b40-26004273bfa6,51.539371,-0.309862,919549,3,terraced,London,KT5 3ZW,C,2025-05-28
e14c5336-ebc0-429d-b97e-f3aa7811b898,51.605003,0.391966,681439,3,flat,London,SW16 5SS,A,2025-03-21
36d7d21f-4641-4611-a58b-d2c438eb97be,54.914233,-1.629014,475444,3,semi-detached,Newcastle upon Tyne,NE23 0DK,D,2025-06-23
7eb7b23c-e3bf-46fd-879b-16cd8ab4517e,52.518752,-1.908935,250623,1,maisonette,Birmingham,B9 0AU,C,2025-05-24
2bae2021-fbe5-4d44-84d0-4d32158a1a03,53.486916,-2.241878,520705,2,detached,Manchester,M1 6ZN,F,2025-04-12
7bc3bfa3-a0a6-47c6-9c8a-b48313bb2300,50.911212,-1.560616,216691,1,flat,Southampton,SO27 9DB,D,2025-05-09
0ad7c7ce-434e-442b-9436-6b0c895ed58e,53.410152,-2.142649,286593,2,flat,Manchester,M17 0UR,D,2025-03-26
fb52b17c-c3d5-4f8e-a55a-9982c168e05b,53.499324,-2.176892,999388,6,bungalow,Manchester,M13 5ER,C,2024-09-11
b259a670-b955-4048-9f91-b7e3c6de52a5,53.382083,-2.940435,213006,2,flat,Liverpool,L29 2MC,G,2024-10-02
4b64814d-5580-4b51-a85d-3479c7185955,51.670307,0.019335,608811,1,detached,London,W2 0RW,D,2024-09-23
523fb886-4c01-479d-82c5-1214eae85dbb,51.675987,0.024047,706575,1,semi-detached,London,N19 9KR,D,2024-09-04
bebe0e15-59a7-44ff-bd32-eb14c43b2bcb,51.287581,-0.066463,1036802,4,detached,London,E21 6AS,B,2025-02-06
fa76d54e-3c15-48da-b3d2-788be29d9a95,53.727224,-1.72355,239562,1,flat,Leeds,LS4 2NC,D,2025-04-24
313524e0-496b-4c9b-a929-0c5ad67fda70,54.981488,-1.601024,278793,1,terraced,Newcastle upon Tyne,NE23 8RC,B,2024-10-15
499b64d9-b8b2-419c-acda-50af44f366eb,51.435325,0.334416,1235719,6,terraced,London,E32 8MK,D,2024-11-27
93c1210f-f461-41e5-ae2d-5ee2f98cedc2,53.977774,-0.875816,559191,3,bungalow,York,YO27 3DL,E,2024-11-12
94359bca-1086-4e2c-bd3b-56bac3a2f59f,51.404798,-0.118304,544702,2,flat,London,SM33 3DH,B,2025-01-29
08ac426b-9ec7-41c0-b686-93c17ee26ecb,55.800605,-3.859785,287408,3,flat,Glasgow,G30 8RY,D,2025-03-13
fb0e44dc-a6ef-4001-8ea5-5c5f2e9b7d5b,51.597298,-2.944728,862491,3,detached,Cardiff,CF1 5AZ,B,2025-07-15
af7ff4a1-a485-4b13-a4cd-13209dedb8c2,50.833629,-0.061439,928322,4,semi-detached,Brighton,BN8 3ZJ,F,2025-05-24
39d71bec-9fff-4fcf-908c-916f2a315643,53.083081,-1.096734,197634,1,terraced,Nottingham,NG27 3MY,E,2024-11-18
ec4dee34-f9de-4dcc-949a-a57bc2b741ee,56.055492,-3.022438,816025,5,semi-detached,Edinburgh,EH33 5ZC,C,2025-07-27
efb87864-df81-459e-a566-5d1f82cd3614,55.74979,-4.246932,137257,1,flat,Glasgow,G20 4AR,F,2024-11-30
502a1434-aa82-453c-8dc4-ea4cdf2cdd72,51.22721,-0.298879,1596621,3,detached,London,TW23 8DS,F,2025-05-16
fca17949-8a5d-46da-b3f5-d36d3f85ff70,53.332079,-2.31634,249747,2,terraced,Manchester,M22 1XA,C,2025-04-09
4107de89-24a7-4132-a1b2-6ebb39c8f49c,51.45236,-0.820955,643977,4,flat,Reading,RG26 2KP,D,2024-12-17
2903d791-cc5f-446f-857d-900ddb8061ef,51.579915,-0.267267,1375328,2,detached,London,EN6 8FZ,C,2025-03-31
31f11488-38e6-46bd-9d9e-259951b77afd,54.61482,-6.085699,284296,2,maisonette,Belfast,BT27 2KF,D,2024-12-21
9b0fa0bd-6f08-4e7b-ac34-f59f61aa928b,51.415596,-2.629199,538437,3,terraced,Bristol,BS32 6TU,D,2024-10-04
6e0ea1e3-e4ba-4add-b3c3-4788638b6c60,51.678384,-1.22499,1030402,6,flat,Oxford,OX32 1HB,D,2025-06-12
c3a10718-6093-453d-8551-62583611a0ff,51.936412,-0.655458,579582,2,terraced,London,DA33 7CR,A,2024-10-24
40500657-85e2-40d4-93da-e3e76db8c487,51.359211,0.128095,510447,3,flat,London,WC1 6JP,C,2025-01-10
5e8fc7a1-cb40-44ff-91f8-d22754077afc,53.36178,-2.979444,182514,2,flat,Liverpool,L33 0DW,D,2024-09-25
c6a535f2-56f5-4931-9e53-75e4b6b17128,53.784157,-1.558236,457452,2,detached,Leeds,LS21 4NP,D,2025-03-09
3ec50899-c990-4832-b587-d6aacc3356ad,51.456828,-0.365838,1300338,2,detached,London,BR25 8HS,C,2025-04-06
8f49a9e5-215e-44f3-af6e-048b4d595f5e,50.813558,-1.42432,330795,3,flat,Southampton,SO7 2TO,C,2024-12-30
77792645-0a44-40e9-94fa-0d5a22828012,53.343351,-2.341577,154081,1,maisonette,Manchester,M17 7CN,B,2024-10-01
1dd6329a-e485-4ce7-9eaf-0cb553b1dead,51.597308,-0.741111,665113,2,flat,London,NW17 5ML,C,2024-10-14
bbbbc2bd-d9c0-46cd-b42c-e47b0ac05ced,51.580109,-3.241346,249746,1,flat,Cardiff,CF2 4KB,C,2025-06-12
f57485b6-d10a-4edf-9bb8-5074e401f481,53.711627,-1.591973,759145,3,detached,Leeds,LS25 9KX,D,2024-10-02
0cc61b7d-71d8-4f57-aaea-2274671f62da,51.717022,0.226029,848712,1,detached,London,SE13 4NA,D,2025-08-01
0e4c187c-0bbb-45a4-9a23-db81e588195b,55.843085,-3.197581,221356,2,flat,Edinburgh,EH3 9YU,E,2024-11-11
d6b83df2-d432-4ee6-91f6-5dc94611d7c3,51.506699,-3.140042,309314,2,flat,Cardiff,CF4 4JB,E,2025-06-19
af3bc2fa-4606-41f5-9763-f752ee1a1fa5,55.88749,-4.176031,548977,5,semi-detached,Glasgow,G4 6GX,B,2024-10-01
7fc02452-d9e3-464a-8f54-d1ba1632f350,53.600763,-2.158983,437360,3,flat,Manchester,M26 1HL,E,2025-07-17
d85cf8a2-3a07-4d38-800e-b3a90986c3cf,51.644035,-0.150833,398209,2,flat,London,UB5 1CT,D,2024-10-15
f78e7cd2-4170-49f1-9588-aca76fb70835,51.755353,0.260364,681742,3,flat,London,WC17 9SW,E,2025-05-07
61d3ff4d-10ef-427b-85fa-c8857dece8c5,54.612738,-5.766451,371005,2,detached,Belfast,BT8 2CN,E,2025-07-19
79cabae5-84ad-42f0-940a-ba91e54e7f1a,52.419255,-1.948524,326354,2,terraced,Birmingham,B9 2SW,D,2024-10-22
f3131fc8-a991-4ee0-9339-70ac71105dcb,51.401208,-0.97338,466431,1,bungalow,Reading,RG7 6CG,D,2025-06-18
5f097e95-1beb-4880-b522-a9f9ce45ffad,51.329454,-2.471176,490650,2,semi-detached,Bristol,BS9 0OX,E,2025-06-06
0e3b01b6-a800-4f8e-8b6e-accaa7186dd4,52.5389,-1.92717,408700,1,detached,Birmingham,B16 5OU,C,2025-01-11
946bd790-905e-412f-8679-69fb9a9d4ee7,51.506345,0.29872,527072,1,flat,London,WC11 8SC,E,2025-03-02
3449524e-14ac-4793-9ce0-eee93cddc6fa,50.960582,-1.483964,345929,3,flat,Southampton,SO4 7MU,C,2024-10-31
1775869c-9b24-49f4-ad71-2b4153abba04,55.953562,-4.342246,332767,2,semi-detached,Glasgow,G13 3AU,E,2025-02-16
e79d6aa7-6a06-4b29-a384-a8976d6846ce,51.465507,0.099922,514885,3,flat,London,EC31 8GB,C,2025-04-25
948af89f-f66c-41ac-a4e2-60999321c4b4,52.134749,-0.010388,794030,2,detached,Cambridge,CB16 3GX,E,2025-01-24
cdee57d7-d928-4458-98af-99e0af2c007e,51.433433,-2.465923,578315,4,flat,Bristol,BS32 0WJ,F,2025-04-25
3288af25-5cd4-4ef9-8dde-1563131c05ed,51.268125,0.017364,1529217,4,detached,London,SM9 6CK,E,2025-01-06
9dadc2b6-c337-40ab-b667-1047f5693a33,51.460792,0.07069,369588,1,flat,London,IG28 4PM,E,2024-12-12
760de950-92ac-4ecb-a4f6-1ff69af0b825,51.685157,0.021442,888590,2,bungalow,London,CR17 8OO,B,2025-02-21
3c1255a5-89ec-4b76-92bd-1bb3da86216c,53.353196,-2.973893,293444,1,detached,Liverpool,L1 0YY,D,2025-03-06
8e7b85ea-b01e-4ec4-9753-ccb12fa63f2c,54.582378,-5.867859,351988,2,detached,Belfast,BT21 7YJ,E,2025-03-14
407e80ea-5ad4-42de-8c96-0ef13d4eef73,55.836824,-4.246164,367283,3,detached,Glasgow,G32 3ZM,B,2025-02-10
6af73b4d-1830-4e28-b8de-2e633e00c918,51.770719,-0.175979,702414,2,semi-detached,London,HA21 1KB,E,2024-11-06
0e661673-7968-44d6-a235-d97c161ea3c1,55.805834,-4.326686,305022,1,bungalow,Glasgow,G32 8KB,C,2024-12-14
fd78f327-c688-4041-af98-f7c78617e24d,53.728773,-1.395867,393241,3,terraced,Leeds,LS8 5CH,E,2024-09-06
afe15179-1541-4d15-b284-37aab39afe7d,53.416944,-2.24995,373401,3,terraced,Manchester,M7 0WR,A,2024-10-10
0c5c7bce-e45e-4a7b-b397-f339fb2a6b12,53.953952,-1.09376,323551,2,flat,York,YO6 1SX,D,2024-10-03
94cc2d53-8223-43a0-8487-d2462541cfef,51.593558,-3.043735,237759,1,maisonette,Cardiff,CF14 8SO,B,2025-05-01
55484963-cc0b-4f0e-a901-c462b0ace856,51.975529,-0.800226,465711,2,semi-detached,Milton Keynes,MK13 6UK,F,2025-03-30
542bd813-3de0-4633-a4fb-2515fd83da6b,53.452578,-2.519919,209782,2,flat,Manchester,M35 1ES,D,2024-10-20
59020982-6c89-4f55-9191-55656e1ea375,51.510898,-0.21839,612399,2,semi-detached,London,SE19 7OZ,E,2024-11-11
049807f2-83a8-469f-aebf-1ccd9cc9f4d0,51.492943,0.093189,756335,3,flat,London,BR34 6AD,F,2025-03-07
36e02f08-466d-47dd-b672-c47dabdd4ac8,52.39728,-1.953256,273148,2,bungalow,Birmingham,B2 0AL,D,2024-10-31
fef61e41-3e15-434c-b8b2-530cfab59804,53.513222,-2.175992,506825,1,detached,Manchester,M4 0BA,C,2025-03-27
3f47bdf9-a24c-43c0-bfe5-f2815bedb4cc,53.693159,-1.478168,252043,1,semi-detached,Leeds,LS5 4JY,C,2025-07-20
790d2a78-707e-4d21-b90d-4d925e2a32d1,51.510279,-3.104478,343063,2,flat,Cardiff,CF21 1YA,C,2025-07-09
9d67a8b9-9ba4-415e-8209-3e4b495b8324,53.631417,-2.283189,275363,2,terraced,Manchester,M16 3UR,E,2025-02-17
1fb845b2-262e-4962-ad9e-3b9c743805ee,51.355546,-2.520815,599501,4,flat,Bristol,BS14 9WM,E,2025-07-06
396de69b-4b13-4203-a869-03747c0d6501,53.484399,-2.616014,208079,2,terraced,Liverpool,L23 6KJ,C,2025-03-23
2e49048d-f177-4f03-87a0-1bc659d98c2b,53.583669,-2.356546,284825,1,flat,Manchester,M15 7FY,E,2024-10-03
c1fa62c1-f16b-4c0a-aaf9-dfbaca9eee37,55.745876,-4.360668,250258,2,terraced,Glasgow,G14 6DP,D,2025-02-20
ee2b6714-19df-4564-b2f7-70de5f9f121b,51.449688,-0.971429,631892,3,flat,Reading,RG35 3CM,D,2024-10-02
d592d043-2ff4-4f2b-a35b-681200a88a45,51.92382,-0.051884,1048889,4,flat,London,BR5 9JM,E,2025-03-23
6440b3a6-dbd0-44f9-a042-39e4654f0750,52.363373,-1.671464,287091,2,flat,Birmingham,B4 6OX,C,2024-10-17
81b4b378-59e8-4d13-9efd-c7bbd3813b2c,51.395549,0.28421,992001,3,terraced,London,CR7 8DG,D,2024-12-27
c32543c4-c7aa-4b9a-9640-1d700379449d,55.936638,-3.061168,733942,2,detached,Edinburgh,EH13 1ND,G,2025-04-13
3be931fe-19ff-471d-8b35-f3ff9aa00c09,53.065236,-1.30555,344654,2,detached,Nottingham,NG16 4EE,E,2025-01-20
3e80c5eb-ded9-4c96-a368-aa6b47474221,51.458127,-0.425538,709056,2,flat,London,NW25 2AW,E,2025-07-07
98c87046-938d-43aa-8176-d77df2276f7d,51.258391,-0.141602,540972,1,flat,London,CR30 8LL,D,2024-12-19
00453146-3eab-49aa-931d-d4d8551cc093,51.578139,-0.299698,837333,2,semi-detached,London,IG13 0KC,E,2025-07-19
f3556b33-2153-4a72-bffd-799a00f89611,51.504432,-0.787735,610014,4,terraced,Reading,RG28 5FY,C,2025-01-28
77fe6c85-bd5f-4af7-9d44-195ab8ce1cf9,50.806864,-1.414028,339965,2,terraced,Southampton,SO34 9ST,D,2024-10-04
b03fe3fa-3921-4308-bad1-c3f67a036eef,53.361399,-1.601301,383265,5,flat,Sheffield,S23 0NZ,E,2024-09-15
edf7f747-c202-4de3-ad58-330b09bc0906,55.772842,-4.264913,265178,2,terraced,Glasgow,G26 7YW,D,2025-07-31
24f6a3cd-2394-45ea-b9e2-724e586492ee,53.497526,-1.939554,406914,3,flat,Manchester,M6 0JA,D,2024-10-23
cdb86ced-3340-4674-a7d6-dc3b96c94dd5,53.067139,-1.110856,237401,2,terraced,Nottingham,NG14 5JD,C,2025-04-11
238e87c0-57ba-40f4-88fc-fb3e8a487383,52.066723,-0.713422,802601,6,flat,Milton Keynes,MK2 2JU,D,2025-03-10
16a868c2-0fb1-4273-8c8e-e338ecd181bf,52.495161,-1.881731,470399,4,flat,Birmingham,B17 6WJ,F,2025-07-22
b70f29fb-fdf8-4d8a-86be-89fb2da2c922,51.384767,-0.53516,706197,3,flat,London,BR34 7KX,C,2025-04-07
364b2255-9737-44fe-bd84-d36986e9425a,52.42805,-1.923344,682841,3,detached,Birmingham,B24 9HU,F,2025-02-18
3d70ef6f-9af8-4d9e-be9c-7a921dd37098,52.522392,-1.795388,327426,3,flat,Birmingham,B18 9XE,B,2025-03-31
cb0983c9-847f-41a3-9a30-cce1c945cd0d,51.396457,-1.072079,418302,2,flat,Reading,RG13 3UR,F,2024-12-24
63b3cf6d-9caa-4f55-8afb-b35badf82003,51.645508,-0.396598,999640,2,semi-detached,London,KT1 3SS,D,2025-08-17
22ca7304-0c47-4a98-a1cd-3b4d89072352,55.993714,-2.99799,491578,4,flat,Edinburgh,EH33 5SD,D,2025-06-05
9c4dc0c0-c8f9-4bbb-9195-be64a22a93f8,51.530218,-2.518145,471175,2,terraced,Bristol,BS31 2KX,F,2025-01-04
206c8010-b2c7-4e8e-aa9e-978313ab1dea,52.051334,-0.881258,500068,2,bungalow,Milton Keynes,MK26 3UO,C,2024-11-27
91b2ed7f-9d94-4974-a42d-8d9668691fe2,55.073001,-1.749236,245064,2,flat,Newcastle upon Tyne,NE18 2TH,C,2025-07-09
733c8eb8-30a9-42c2-9006-7ac7f774ae6e,53.454114,-2.181082,484733,2,bungalow,Manchester,M20 0TE,E,2025-08-26
96c58e23-e595-4c9f-abee-fddb0cb25f79,51.391737,-2.534796,573902,4,flat,Bristol,BS7 1SM,C,2024-12-27
d5b99c35-2a47-4522-bd83-27947dcef7e9,53.326126,-1.474583,211648,1,flat,Sheffield,S6 0MX,E,2025-05-26
5f698d80-b920-4775-bec4-01acf5a66ace,53.371137,-2.240992,567511,4,semi-detached,Manchester,M32 1PJ,C,2024-09-30
14557998-1103-4c31-aa10-aea2465acb8c,51.538256,-0.224437,369749,1,flat,London,N29 7EX,F,2025-01-10
b659788c-11d4-474e-a9a0-03a3915707b2,51.983672,-0.529715,591408,2,maisonette,London,BR2 9DN,G,2024-10-14
28a8c21a-2e37-4822-a69a-f82e197622bd,52.992348,-1.141978,320587,2,terraced,Nottingham,NG17 8BK,F,2025-08-22
b2faeff5-5c64-41ae-a5bd-69239e4fef7b,51.523195,-2.575097,630082,2,detached,Bristol,BS2 0YL,D,2025-01-30
6056282a-cc20-4abe-9b88-1edbfe194fe5,51.872972,-1.138579,558546,2,flat,Oxford,OX4 2AL,D,2025-08-25
5b780a1e-e768-4939-b6c5-aa83abe6d273,51.576505,0.427246,804448,3,terraced,London,TW31 0MW,F,2025-03-19
5c4184d9-2823-4040-8136-4e5079e06d6a,51.580213,-3.083961,248223,2,flat,Cardiff,CF7 9SN,C,2025-01-30
2b86360d-1a9c-41a2-99de-426f68762639,53.952102,-1.20568,502369,5,flat,York,YO10 9GG,F,2025-01-06
31cf0928-9cda-42a3-96f7-6018d3e73452,51.533311,-3.097091,299214,1,terraced,Cardiff,CF29 4FJ,D,2025-05-05
2c973db3-93cb-4ddf-8639-dbb8ee059f58,53.454808,-2.404946,354221,2,terraced,Manchester,M24 4PN,E,2024-10-18
abfab383-dcf2-4d54-a16d-6655a866a990,52.940343,-1.060629,308445,2,flat,Nottingham,NG1 0GH,E,2025-04-26
a02b504f-9bea-4ec7-b0b7-1dbfd8415927,54.618878,-5.940391,410577,4,semi-detached,Belfast,BT6 0PK,C,2024-09-19
35e8a088-c553-45b5-8cd3-27ffff7aace8,51.675091,-0.225155,562602,1,flat,London,EC11 6AP,D,2025-06-06
8acb4db7-ac52-4af4-bb4d-18dcb94826ed,52.964935,-1.18074,225962,2,terraced,Nottingham,NG4 3NT,C,2024-12-03
ff1748b8-b516-4545-87db-bbab93698ae4,54.629001,-5.974115,157184,2,flat,Belfast,BT1 3OX,C,2025-07-09
501085a6-87c7-43f7-9a18-1089a56a04d3,53.171711,-1.477383,436363,3,bungalow,Sheffield,S7 6AN,D,2024-10-08
e633d13c-1f4c-4f30-a089-3ba9d8dfb9fe,51.357203,0.189778,1034796,2,semi-detached,London,N16 8XZ,E,2025-06-02
cf7d34c9-76c5-40fc-a554-0822e15fc69f,51.435325,-3.339327,437460,1,detached,Cardiff,CF18 9EE,E,2024-10-13
420094b8-f235-4acc-9f78-582c1c8be699,51.297132,-0.323993,388166,1,terraced,London,DA23 7DW,E,2024-10-05
66481196-de06-4d4e-baa2-b79bd49bebaa,51.59009,-0.520808,758861,2,terraced,London,TW4 4UL,E,2024-10-05
a1424070-02de-41f0-a239-75ed32a4ae90,52.172884,0.11407,1463142,6,maisonette,Cambridge,CB18 5DN,F,2025-07-28
2bafa125-036f-41d2-869a-f6ad577da9b3,51.605433,-0.281768,1128541,2,detached,London,W2 6WS,C,2025-05-10
0a474af3-2e05-4184-9e00-b2b3e51e6ad8,52.450752,-1.967362,435064,3,semi-detached,Birmingham,B34 5ZS,E,2024-10-07
adee38d7-a512-4c5d-992a-a83e4f94dbd2,54.592497,-6.142982,245273,2,flat,Belfast,BT1 9KX,C,2025-05-09
b795df57-eb18-4eae-ac1d-5e756b5d1cfa,53.406339,-3.076219,205740,1,semi-detached,Liverpool,L31 5JS,F,2025-06-05
07df3cfa-e405-45ef-bb01-943bf9f7efc0,53.436825,-2.157627,400132,1,detached,Manchester,M30 3GK,C,2024-09-20
cb2ec4c8-b05c-4064-9978-4aa85d08ac24,55.865207,-4.199783,358993,3,bungalow,Glasgow,G32 1YR,E,2025-06-10
ebe0d8f8-159c-417c-b952-6a79ac7eb887,52.609594,-1.960126,401069,2,semi-detached,Birmingham,B11 7MZ,D,2025-07-14
fd6f126a-7653-49f0-9dcb-6501e9a54ebf,51.982041,-0.705373,341367,2,flat,Milton Keynes,MK3 6XR,D,2024-11-19
926240bf-fed8-4f3f-834d-d79899f53628,51.663612,0.237014,562892,2,semi-detached,London,UB15 0ZO,F,2025-04-11
815c8af6-2f14-48a8-ac75-d10bef80e0f9,53.56417,-1.553662,247691,2,flat,Sheffield,S33 6JB,B,2025-08-24
5b588b25-26f0-40b3-b7de-3dc7a620dc25,54.501114,-6.031814,379887,3,semi-detached,Belfast,BT16 0HE,C,2024-11-04
f1283219-bf76-4202-837b-0da318175d85,51.661871,-0.223791,1865863,3,detached,London,CR11 9SZ,D,2025-02-10
cb0974b3-1b8a-4658-aaab-1272bf2e0136,51.396212,-0.424727,1377722,4,terraced,London,IG20 0TF,E,2024-11-04
535286dc-0c3a-4a30-9da9-ccae1440b835,52.513718,-1.531947,671484,3,detached,Birmingham,B10 3UY,E,2025-03-19
3ed11a45-9c85-4d44-bbd3-97f9e7d78d60,51.122518,0.057128,528039,1,semi-detached,London,EC18 0XT,B,2025-07-22
67c4f607-f18c-4d5d-ab6d-331c7062b118,53.416545,-1.441854,313975,2,semi-detached,Sheffield,S20 6MP,F,2025-02-01
a07d8060-cf36-4607-8bb2-46fd67ac6244,50.808286,-0.131338,914120,2,detached,Brighton,BN7 4JW,D,2025-01-26
02f0e2a1-6d82-45ed-beba-f71cd60f1a1f,51.477775,0.056698,815591,2,semi-detached,London,IG7 5ES,D,2025-01-29
15163827-c8fd-44c7-b1a5-97cf88e06cfe,53.310073,-3.001272,274092,2,semi-detached,Liverpool,L8 9YH,D,2024-10-19
a0579697-1823-4640-92d5-563f2e6e366e,51.372713,-0.403619,842581,1,detached,London,BR33 7WC,E,2024-12-28
d890c43b-3063-43e4-a310-b95496e56149,51.262985,-0.55833,314263,1,flat,London,NW12 3UH,B,2025-01-27
5f0af7c6-e0c5-4730-a532-ca12c62a03bc,52.0687,-0.681677,555114,2,terraced,Milton Keynes,MK8 0UB,E,2025-05-19
4e873c4d-f7c0-4c38-968c-aafcb921d01c,53.782673,-1.674393,697362,5,semi-detached,Leeds,LS25 9FW,C,2025-05-10
e5749c4e-e95d-4e7d-b4c2-fcf208b3ca5f,53.366852,-1.509374,194263,1,flat,Sheffield,S30 5MT,C,2024-09-21
bc0e7050-05f3-45f3-86ac-3fb5dc2744ac,51.492317,-1.080977,737599,2,detached,Reading,RG18 8XR,D,2025-02-17
cc2a14ca-2334-4143-a16b-c29cfbeae661,53.478112,-3.116536,676499,5,semi-detached,Liverpool,L27 0HC,E,2025-02-05
5458bd38-a0f6-424d-9c05-579b12175d2d,51.363689,-2.557911,745952,3,bungalow,Bristol,BS28 9GL,C,2025-01-01
6c3a68df-82b8-4c56-b52e-61810376565c,51.69686,0.126069,1676184,6,semi-detached,London,SE1 2RC,D,2025-08-04
126489f0-01ee-4ce9-b68b-a630fe86b461,53.739709,-1.397348,664173,3,detached,Leeds,LS29 5LF,F,2024-09-30
7ac0edb6-1a3a-4631-8aee-e26621779636,51.744696,-0.515513,637119,2,terraced,London,HA5 7YS,D,2024-10-21
9b54c432-12f8-4ef2-b293-d6ed882c85cb,55.734289,-4.345784,374060,4,flat,Glasgow,G28 4ZZ,C,2025-04-03
c35ec0b2-0c00-46dd-b35a-986dc5d92ce1,51.536484,-0.212364,415645,1,flat,London,DA24 6KC,E,2025-04-29
b852baf5-5484-42cb-8034-489bedc66ba7,51.58344,-0.184088,511181,2,flat,London,BR22 6PE,E,2025-08-29
f53e2122-08de-4822-af3e-9d5c271030ab,52.153899,-0.640265,428047,3,flat,Milton Keynes,MK24 5WF,D,2025-03-24
2c663d08-e253-45e3-9dce-498d9fbfe71f,53.584875,-2.253446,414340,2,bungalow,Manchester,M3 8HC,D,2025-02-02
bea28ed5-2b35-41c4-b62a-cf575bee5d7f,51.582154,-0.516355,540716,2,flat,London,W5 3SR,C,2025-07-19
d2365e35-a4ce-41c0-b7b9-fa47252ae8ed,51.812662,0.13717,1673238,6,flat,London,N23 3PS,F,2025-04-16
12a2c67d-5953-4f0f-9c9a-d22c975bf6c3,55.802174,-4.311102,282119,2,terraced,Glasgow,G7 9XH,D,2024-09-21
ca3fde17-0f8f-488a-af5f-65a1f5af4afa,54.971083,-1.461577,217385,2,flat,Newcastle upon Tyne,NE33 1BS,D,2024-10-31
45a3f8e4-0288-44f0-a5d7-93527589f8eb,53.372547,-1.508094,229512,1,semi-detached,Sheffield,S4 3LK,C,2025-05-30
8c34f38e-5fa5-4571-adc5-073243e25896,51.807255,0.016022,791429,2,terraced,London,IG33 9OW,E,2025-01-15
f287fff8-c898-4581-9f6a-ccb61849f770,51.160132,0.25822,671171,2,maisonette,London,E11 9ON,E,2025-01-15
96221839-83ad-4926-8b14-273429a3fd8b,54.01714,-1.111748,443475,2,terraced,York,YO30 8NO,F,2025-05-26
00332474-3331-4b11-ba76-9b7a1fbc3a25,51.347792,-0.052162,572586,3,flat,London,SM15 6XE,E,2024-12-24
b6e3ffab-e9ba-4ff1-a8e9-e9de44266e3c,51.542729,0.147622,600501,1,terraced,London,WC29 9MO,A,2025-01-01
9e6f6835-b3c3-4faf-88f0-659330cef09f,51.690527,-0.122446,481877,1,flat,London,N4 0HR,E,2024-11-24
5e5da8f3-0469-4294-941d-c90cea528a74,53.430929,-1.513208,557873,4,bungalow,Sheffield,S28 4BU,E,2025-02-21
2c35c260-0052-4fe1-9e99-b5d377f6cf7b,52.605655,-1.742347,462730,3,flat,Birmingham,B12 4OY,F,2025-06-22
cc827b8c-3277-4b71-b474-ecf9d52ae025,53.909034,-0.964151,461281,2,terraced,York,YO8 9OA,D,2025-03-20
c642bfe0-be23-475b-b5ff-dddc453bfb78,51.797277,-0.051934,593762,3,flat,London,SW35 4ZP,D,2025-05-16
1a7ee79e-9190-4b4a-a054-b768516f3190,51.355382,0.306164,750183,2,detached,London,N18 3YC,D,2025-04-26
0a63e1d9-c3fb-48a9-8fe3-109ae8c1ccd8,51.987709,-0.781923,339329,3,flat,Milton Keynes,MK15 9PS,C,2025-05-18
f500f2f6-4332-4aac-9655-b80d9115daf5,53.54821,-2.845874,500593,3,detached,Liverpool,L30 9GX,D,2024-11-20
98ffbe05-b398-4118-b4c6-00b1e2385f92,54.958522,-1.541758,401228,4,flat,Newcastle upon Tyne,NE28 4UZ,D,2024-10-06
8688a576-010a-4c09-93d4-7d2ccde9c384,53.018546,-1.139498,379643,1,detached,Nottingham,NG33 0CR,D,2024-09-04
64897b02-28bd-4ea5-a735-c8837ab41b6c,52.554334,-1.743711,473290,3,semi-detached,Birmingham,B4 0UA,D,2025-02-17
6947afda-681b-4eb3-9fbd-fb522fe6d306,51.502871,-0.120718,834139,4,flat,London,HA18 1TY,D,2025-01-22
f284549f-962a-4fac-8044-cc60347baeb6,51.58718,-3.245152,355497,2,flat,Cardiff,CF23 9ZN,E,2025-06-12
b2d11d74-54e1-4450-9523-ae7609020e45,53.563377,-1.466819,288159,1,flat,Sheffield,S26 4OG,E,2025-06-03
9d31efaf-11c2-412d-9d4d-dfe73f37cc62,54.975632,-1.65275,268286,2,flat,Newcastle upon Tyne,NE33 4MT,C,2024-11-27
eb31c435-79ff-47f3-861d-a3ee3c45f714,51.487078,0.064761,809747,1,detached,London,N15 7PZ,B,2025-05-16
dee796e7-9429-4892-b4cd-a023637ff8b6,52.594357,-2.265064,431472,3,flat,Birmingham,B12 8WT,D,2025-03-30
f042c76d-12f4-4761-9792-7ab74c09d6aa,50.810407,-1.374943,426136,2,semi-detached,Southampton,SO35 5RE,E,2025-01-11
88f7472d-1b10-4013-9b2e-a0ff5ea20757,51.372112,0.085843,677989,2,terraced,London,TW17 0UC,E,2025-06-25
e19c60f1-e3fa-4f7e-a7f8-4d92530dd6db,54.002476,-1.177773,391506,2,terraced,York,YO3 6SP,C,2025-07-29
18019411-aa64-462f-951c-d0a6b5491efd,51.768739,-0.353924,358166,1,flat,London,E11 5SU,B,2024-12-08
5fcd4815-b5f5-4a63-82ed-9d5b01a2e4f6,51.530553,-0.046268,881999,4,semi-detached,London,N23 4AC,C,2024-09-03
fbd7001c-725e-48d0-9257-27d032efb6fa,55.88874,-4.231872,239525,1,flat,Glasgow,G25 0UG,E,2025-04-11
82f381a8-b9f7-475b-b7b5-d9b005ff272a,51.65305,-1.472809,607206,2,flat,Oxford,OX26 3CX,G,2024-11-16
0b7aa9c1-a043-4267-9de6-b38d0778de2e,55.000261,-1.719415,398623,2,detached,Newcastle upon Tyne,NE2 6CN,G,2024-11-04
f2e687c4-8cd4-4540-bae1-b4de87773ace,54.731519,-5.824841,220133,2,flat,Belfast,BT8 5OA,F,2025-07-25
2cbd8ed4-1ba6-4296-b6ad-a39d298cef50,54.948427,-1.494054,303596,1,semi-detached,Newcastle upon Tyne,NE26 2BK,F,2025-04-16
8bbf317d-cfa3-422a-83ec-1d5e651da41d,51.563975,0.21077,948235,5,flat,London,SE20 2GJ,C,2025-05-10
67492052-0d3a-479a-9758-9cd661fa0efd,50.771833,-0.13107,270631,1,flat,Brighton,BN28 7TH,C,2024-11-09
225cf5da-7579-4b98-9427-c496b7d51c49,52.501763,-2.011252,504184,2,detached,Birmingham,B35 4WN,G,2025-06-20
819d5af2-d4c3-41f1-9b24-7e10380b4495,50.928226,-1.413961,321891,2,terraced,Southampton,SO20 5YW,A,2025-04-24
caa40962-8f29-4ef2-9761-814dbc71727a,54.715008,-5.999948,342206,2,semi-detached,Belfast,BT24 8AZ,E,2024-11-16
e48c72d7-6b76-4671-8254-9bad975a3806,53.398416,-2.741177,160426,1,flat,Liverpool,L32 2YT,F,2024-09-24
9c83bd7a-56c2-404f-8564-dcec1e433c56,50.997207,-1.351733,564175,3,semi-detached,Southampton,SO3 8RX,D,2024-09-10
7f5249b2-97d2-485f-88ee-6c0a83ec2347,56.02302,-3.011316,823002,2,detached,Edinburgh,EH22 6OF,B,2025-07-02
87d640c2-e8f6-42c1-9e78-dc1d6ef2e42b,53.508914,-2.355524,563897,4,semi-detached,Manchester,M8 0FH,D,2024-11-08
108d33b7-ab6a-4199-aa80-9aa0beb609cf,53.533558,-2.24585,552458,4,flat,Manchester,M29 6FB,F,2024-09-09
c548968a-eec4-4de6-b72d-1b60dacee360,51.440163,0.055321,640489,2,flat,London,W27 4CC,C,2025-01-23
5dfb6797-2db9-4ade-a73b-7e17071bf5f3,51.242886,-0.17276,448962,2,flat,London,IG29 6LR,C,2025-05-08
b2b6511b-4629-491f-9c34-93a0ea000611,52.573131,-1.846079,522310,6,flat,Birmingham,B26 1HC,D,2024-10-18
c15a51bd-8c7d-458a-9262-5955cd578161,53.450863,-1.282722,286329,2,flat,Sheffield,S14 4OM,E,2025-05-04
